order_line_id,order_id,customer_id,order_date,region,channel,product_category,product_name,quantity,unit_price,cost_per_unit,discount_pct,promo_flag,payment_status,fulfillment_status,total_return_qty,total_refund,gross_revenue,discount_amount,net_revenue,realized_revenue,realized_cogs,realized_profit,realized_margin_pct,discount_group,month
OL000001,O100000,C1120,2026-03-26 00:00:00,South,Marketplace,Home,Storage Box,4,1485.64,1043.12,23,Y,Paid,Delivered,0,0,5942.56,1366.7888,4575.7712,4575.7712,4172.48,403.2912,8.813622499,Medium Discount,2026-03-01 00:00:00
OL000002,O100000,C1120,2026-03-26 00:00:00,South,Marketplace,Electronics,Earbuds,2,7660.36,6020.81,34.1,Y,Paid,Delivered,0,0,15320.72,5224.36552,10096.35448,10096.35448,12041.62,-1945.26552,-19.26700894,High Discount,2026-03-01 00:00:00
OL000003,O100001,C1078,2026-05-08 00:00:00,West,Online,Fashion,Jacket,2,4404.18,2300.41,2.8,N,Pending,Cancelled,0,0,8808.36,246.63408,8561.72592,8561.72592,4600.82,3960.90592,46.2629376,Low Discount,2026-05-01 00:00:00
OL000004,O100002,C1050,2026-04-04 00:00:00,West,Marketplace,Electronics,Smartwatch,1,12702.42,9875.8,28.7,Y,Paid,Cancelled,0,0,12702.42,3645.59454,9056.82546,9056.82546,9875.8,-818.97454,-9.042622535,High Discount,2026-04-01 00:00:00
OL000005,O100003,C1450,2026-01-22 00:00:00,East,Online,Personal Care,Face Wash,4,5822.98,3459.89,30.8,Y,Paid,Delivered,0,0,23291.92,7173.91136,16118.00864,16118.00864,13839.56,2278.44864,14.13604305,High Discount,2026-01-01 00:00:00
OL000006,O100004,C1444,2026-02-09 00:00:00,East,Marketplace,Electronics,Smartwatch,4,10819.88,8414.05,14.4,N,Failed,Cancelled,0,0,43279.52,6232.25088,37047.26912,37047.26912,33656.2,3391.06912,9.15335786,Medium Discount,2026-02-01 00:00:00
OL000007,O100005,C1207,2026-05-16 00:00:00,North,Store,Fashion,Shoes,1,1876.44,890.68,14,N,Paid,Delivered,0,0,1876.44,262.7016,1613.7384,1613.7384,890.68,723.0584,44.80641968,Medium Discount,2026-05-01 00:00:00
OL000008,O100006,C1251,2026-06-03 00:00:00,North,Online,Electronics,Power Bank,1,2092.31,1521.19,15.7,N,Paid,Delivered,0,0,2092.31,328.49267,1763.81733,1763.81733,1521.19,242.62733,13.75580826,Medium Discount,2026-06-01 00:00:00
OL000009,O100007,C1111,2026-04-28 00:00:00,West,Online,Fashion,Jacket,1,8955.37,4658.08,24.4,Y,Paid,Delivered,0,0,8955.37,2185.11028,6770.25972,6770.25972,4658.08,2112.17972,31.19791274,Medium Discount,2026-04-01 00:00:00
OL000010,O100008,C1272,2026-03-16 00:00:00,South,Online,Home,Lamp,4,10832.33,6554.37,11,N,Paid,Delivered,3,30093.24,43329.32,4766.2252,38563.0948,8469.8548,6554.37,1915.4848,22.61532039,Medium Discount,2026-03-01 00:00:00
OL000011,O100009,C1200,2026-05-07 00:00:00,West,Online,Personal Care,Shampoo,4,10405.81,6495.56,24.3,Y,Failed,Delivered,0,0,41623.24,10114.44732,31508.79268,31508.79268,25982.24,5526.55268,17.53971577,Medium Discount,2026-05-01 00:00:00
OL000012,O100009,C1200,2026-05-07 00:00:00,West,Online,Electronics,Power Bank,3,3881.68,2783.27,22.5,Y,Paid,Delivered,0,0,11645.04,2620.134,9024.906,9024.906,8349.81,675.096,7.480366,Medium Discount,2026-05-01 00:00:00
OL000013,O100010,C1105,2026-05-06 00:00:00,East,Store,Electronics,Power Bank,5,11942.11,9142.79,5.9,N,Paid,Delivered,0,0,59710.55,3522.92245,56187.62755,56187.62755,45713.95,10473.67755,18.64054064,Low Discount,2026-05-01 00:00:00
OL000014,O100011,C1319,2026-06-04 00:00:00,West,Online,Fashion,T-Shirt,5,2648.3,1601.38,29.3,Y,Paid,Delivered,0,0,13241.5,3879.7595,9361.7405,9361.7405,8006.9,1354.8405,14.47210057,High Discount,2026-06-01 00:00:00
OL000015,O100012,C1101,2026-02-05 00:00:00,North,Online,Fashion,Shoes,1,3060.37,1757.96,19.5,N,Paid,Delivered,0,0,3060.37,596.77215,2463.59785,2463.59785,1757.96,705.63785,28.64257452,Medium Discount,2026-02-01 00:00:00
OL000016,O100012,C1101,2026-02-05 00:00:00,North,Online,Personal Care,Shampoo,1,4864.02,3231.05,22.1,Y,Paid,Delivered,0,0,4864.02,1074.94842,3789.07158,3789.07158,3231.05,558.02158,14.72713218,Medium Discount,2026-02-01 00:00:00
OL000017,O100013,C1111,2026-01-09 00:00:00,West,Online,Home,Lamp,1,2888.91,1641.8,19.4,N,Paid,Delivered,0,0,2888.91,560.44854,2328.46146,2328.46146,1641.8,686.66146,29.48992164,Medium Discount,2026-01-01 00:00:00
OL000018,O100013,C1111,2026-01-09 00:00:00,West,Online,Electronics,Earbuds,1,6449.73,4513.48,11.2,N,Paid,Delivered,0,0,6449.73,722.36976,5727.36024,5727.36024,4513.48,1213.88024,21.1944105,Medium Discount,2026-01-01 00:00:00
OL000019,O100014,C1078,2026-03-07 00:00:00,North,Online,Home,Storage Box,1,8650.87,5374.18,22.8,Y,Failed,Delivered,0,0,8650.87,1972.39836,6678.47164,6678.47164,5374.18,1304.29164,19.5297923,Medium Discount,2026-03-01 00:00:00
OL000020,O100014,C1078,2026-03-07 00:00:00,North,Online,Fashion,Jeans,3,10958.38,6376.77,6.8,N,Paid,Cancelled,0,0,32875.14,2235.50952,30639.63048,30639.63048,19130.31,11509.32048,37.56350941,Low Discount,2026-03-01 00:00:00
OL000021,O100014,C1078,2026-03-07 00:00:00,North,Online,Electronics,Keyboard,1,847.36,677.89,2,N,Paid,Cancelled,0,0,847.36,16.9472,830.4128,830.4128,677.89,152.5228,18.36710609,Low Discount,2026-03-01 00:00:00
OL000022,O100015,C1243,2026-05-26 00:00:00,West,Store,Personal Care,Face Wash,1,12882.13,7758.56,1.1,N,Paid,Cancelled,0,0,12882.13,141.70343,12740.42657,12740.42657,7758.56,4981.86657,39.10282393,Low Discount,2026-05-01 00:00:00
OL000023,O100016,C1024,2026-03-31 00:00:00,South,Online,Personal Care,Face Wash,3,3264.83,2072.49,21.9,Y,Paid,Delivered,0,0,9794.49,2144.99331,7649.49669,7649.49669,6217.47,1432.02669,18.7205348,Medium Discount,2026-03-01 00:00:00
OL000024,O100017,C1518,2026-04-25 00:00:00,South,Store,Fashion,T-Shirt,1,9104.07,5509.12,0,N,Paid,Delivered,0,0,9104.07,0,9104.07,9104.07,5509.12,3594.95,39.48728426,Low Discount,2026-04-01 00:00:00
OL000025,O100017,C1518,2026-04-25 00:00:00,South,Store,Electronics,Earbuds,2,13707.15,10772.97,15.3,N,Failed,Delivered,0,0,27414.3,4194.3879,23219.9121,23219.9121,21545.94,1673.9721,7.209209461,Medium Discount,2026-04-01 00:00:00
OL000026,O100017,C1518,2026-04-25 00:00:00,South,Store,Fashion,T-Shirt,1,7325.92,3464.37,16.5,N,Paid,Delivered,1,6347.49,7325.92,1208.7768,6117.1432,-230.3468,0,-230.3468,100,Medium Discount,2026-04-01 00:00:00
OL000029,O100019,C1034,2026-04-15 00:00:00,West,Store,Electronics,Keyboard,4,3751.76,2833.22,4.8,N,Paid,Delivered,0,0,15007.04,720.33792,14286.70208,14286.70208,11332.88,2953.82208,20.67532495,Low Discount,2026-04-01 00:00:00
OL000030,O100020,C1310,2026-04-15 00:00:00,South,Online,Home,Mixer,4,4562.42,2529.08,0,N,Pending,Delivered,0,0,18249.68,0,18249.68,18249.68,10116.32,8133.36,44.56713762,Low Discount,2026-04-01 00:00:00
OL000031,O100021,C1170,2026-03-22 00:00:00,South,Marketplace,Electronics,Keyboard,5,9994.86,7059.83,4.2,N,Paid,Delivered,0,0,49974.3,2098.9206,47875.3794,47875.3794,35299.15,12576.2294,26.2686783,Low Discount,2026-03-01 00:00:00
OL000032,O100022,C1348,2026-01-12 00:00:00,North,Marketplace,Personal Care,Perfume,3,9291.76,6180.56,6.7,N,Failed,Delivered,0,0,27875.28,1867.64376,26007.63624,26007.63624,18541.68,7465.95624,28.70678508,Low Discount,2026-01-01 00:00:00
OL000033,O100022,C1348,2026-01-12 00:00:00,North,Marketplace,Electronics,Power Bank,3,9989.26,6861.52,12.4,N,Failed,Delivered,2,19428.96,29967.78,3716.00472,26251.77528,6822.81528,6861.52,-38.70472,-0.567283715,Medium Discount,2026-01-01 00:00:00
OL000034,O100023,C1416,2026-04-04 00:00:00,West,Marketplace,Personal Care,Face Wash,4,12683.94,6751.8,21.3,Y,Paid,Cancelled,0,0,50735.76,10806.71688,39929.04312,39929.04312,27007.2,12921.84312,32.36201549,Medium Discount,2026-04-01 00:00:00
OL000035,O100024,C1425,2026-01-24 00:00:00,South,Online,Home,Storage Box,3,7396.2,4288.75,31.9,Y,Paid,Delivered,1,7318.92,22188.6,7078.1634,15110.4366,7791.5166,8577.5,-785.9834,-10.08768177,High Discount,2026-01-01 00:00:00
OL000036,O100024,C1425,2026-01-24 00:00:00,South,Online,Personal Care,Face Wash,2,12878.5,7926,14.7,N,Paid,Delivered,0,0,25757,3786.279,21970.721,21970.721,15852,6118.721,27.84943198,Medium Discount,2026-01-01 00:00:00
OL000037,O100024,C1425,2026-01-24 00:00:00,South,Online,Fashion,T-Shirt,4,5393.57,2741.94,13.3,N,Paid,Delivered,0,0,21574.28,2869.37924,18704.90076,18704.90076,10967.76,7737.14076,41.36424384,Medium Discount,2026-01-01 00:00:00
OL000038,O100025,C1126,2026-02-01 00:00:00,East,Store,Home,Mixer,5,10476.83,5889.36,8.9,N,Paid,Cancelled,0,0,52384.15,4662.18935,47721.96065,47721.96065,29446.8,18275.16065,38.29507506,Low Discount,2026-02-01 00:00:00
OL000039,O100025,C1126,2026-02-01 00:00:00,East,Store,Personal Care,Trimmer,5,3309.64,1711.49,1.5,N,Paid,Delivered,0,0,16548.2,248.223,16299.977,16299.977,8557.45,7742.527,47.50023267,Low Discount,2026-02-01 00:00:00
OL000040,O100026,C1281,2026-05-27 00:00:00,East,Store,Fashion,Jacket,4,1415.35,679,17.7,N,Pending,Cancelled,0,0,5661.4,1002.0678,4659.3322,4659.3322,2716,1943.3322,41.70838473,Medium Discount,2026-05-01 00:00:00
OL000041,O100026,C1281,2026-05-27 00:00:00,East,Store,Fashion,Jeans,2,14615.27,8748.66,11.1,N,Failed,Delivered,0,0,29230.54,3244.58994,25985.95006,25985.95006,17497.32,8488.63006,32.66622941,Medium Discount,2026-05-01 00:00:00
OL000042,O100026,C1281,2026-05-27 00:00:00,East,Store,Home,Lamp,1,14258.69,9205.47,13,N,Failed,Delivered,0,0,14258.69,1853.6297,12405.0603,12405.0603,9205.47,3199.5903,25.7926219,Medium Discount,2026-05-01 00:00:00
OL000043,O100027,C1104,2026-03-05 00:00:00,West,Online,Home,Lamp,5,5851.06,4182.19,18.7,N,Pending,Delivered,0,0,29255.3,5470.7411,23784.5589,23784.5589,20910.95,2873.6089,12.08182549,Medium Discount,2026-03-01 00:00:00
OL000044,O100028,C1115,2026-04-13 00:00:00,North,Online,Home,Bedsheet,1,2926.16,1995.72,0,N,Paid,Delivered,0,0,2926.16,0,2926.16,2926.16,1995.72,930.44,31.79730432,Low Discount,2026-04-01 00:00:00
OL000045,O100029,C1105,2026-06-02 00:00:00,South,Online,Fashion,Shoes,3,3539.61,2036.38,12.3,N,Paid,Delivered,0,0,10618.83,1306.11609,9312.71391,9312.71391,6109.14,3203.57391,34.40000349,Medium Discount,2026-06-01 00:00:00
OL000046,O100029,C1105,2026-06-02 00:00:00,South,Online,Personal Care,Perfume,5,9553.33,6279.33,24.9,Y,Failed,Delivered,4,33012.89,47766.65,11893.89585,35872.75415,2859.86415,6279.33,-3419.46585,-119.5674225,Medium Discount,2026-06-01 00:00:00
OL000047,O100030,C1006,2026-04-17 00:00:00,South,Online,Home,Lamp,2,9221.64,5671.19,18.5,N,Paid,Delivered,1,7848.03,18443.28,3412.0068,15031.2732,7183.2432,5671.19,1512.0532,21.04972862,Medium Discount,2026-04-01 00:00:00
OL000048,O100031,C1328,2026-01-09 00:00:00,West,Store,Home,Mixer,5,2689.27,1895.4,21.3,Y,Paid,Delivered,0,0,13446.35,2864.07255,10582.27745,10582.27745,9477,1105.27745,10.4446085,Medium Discount,2026-01-01 00:00:00
OL000049,O100032,C1275,2026-06-07 00:00:00,East,Online,Fashion,T-Shirt,2,6085.46,3004.6,13.1,N,Paid,Delivered,0,0,12170.92,1594.39052,10576.52948,10576.52948,6009.2,4567.32948,43.18363116,Medium Discount,2026-06-01 00:00:00
OL000050,O100033,C1402,2026-05-06 00:00:00,East,Store,Fashion,Jacket,5,999.33,556.14,14.5,N,Failed,Delivered,0,0,4996.65,724.51425,4272.13575,4272.13575,2780.7,1491.43575,34.91077618,Medium Discount,2026-05-01 00:00:00
OL000051,O100033,C1402,2026-05-06 00:00:00,East,Store,Home,Bedsheet,2,5391.71,3219.3,8.8,N,Paid,Delivered,0,0,10783.42,948.94096,9834.47904,9834.47904,6438.6,3395.87904,34.5303399,Low Discount,2026-05-01 00:00:00
OL000052,O100034,C1343,2026-01-30 00:00:00,West,Online,Electronics,Earbuds,5,7937.82,6095.53,32.2,Y,Paid,Delivered,0,0,39689.1,12779.8902,26909.2098,26909.2098,30477.65,-3568.4402,-13.26103675,High Discount,2026-01-01 00:00:00
OL000053,O100035,C1356,2026-02-26 00:00:00,South,Store,Personal Care,Shampoo,5,13144.07,7364.43,15.4,N,Paid,Delivered,0,0,65720.35,10120.9339,55599.4161,55599.4161,36822.15,18777.2661,33.772416,Medium Discount,2026-02-01 00:00:00
OL000054,O100036,C1200,2026-01-09 00:00:00,South,Marketplace,Home,Storage Box,4,14211.31,9994.06,25.5,Y,Failed,Delivered,0,0,56845.24,14495.5362,42349.7038,42349.7038,39976.24,2373.4638,5.604440143,High Discount,2026-01-01 00:00:00
OL000055,O100037,C1210,2026-03-12 00:00:00,West,Online,Home,Mixer,3,3486.27,2415.59,25.8,Y,Pending,Cancelled,0,0,10458.81,2698.37298,7760.43702,7760.43702,7246.77,513.66702,6.619047596,High Discount,2026-03-01 00:00:00
OL000057,O100039,C1373,2026-06-17 00:00:00,North,Online,Home,Lamp,1,12469.62,8545.25,15.2,N,Pending,Delivered,1,11390.64,12469.62,1895.38224,10574.23776,-816.40224,0,-816.40224,100,Medium Discount,2026-06-01 00:00:00
OL000058,O100040,C1163,2026-05-07 00:00:00,West,Marketplace,Fashion,Jeans,4,6785.19,3152.94,31.8,Y,Pending,Delivered,0,0,27140.76,8630.76168,18509.99832,18509.99832,12611.76,5898.23832,31.86514779,High Discount,2026-05-01 00:00:00
OL000059,O100040,C1163,2026-05-07 00:00:00,West,Marketplace,Fashion,Jeans,4,13567.79,6542.53,21.3,Y,Paid,Delivered,3,40241.85,54271.16,11559.75708,42711.40292,2469.55292,6542.53,-4072.97708,-164.9277101,Medium Discount,2026-05-01 00:00:00
OL000060,O100040,C1163,2026-05-07 00:00:00,West,Marketplace,Electronics,Power Bank,1,6844.19,5533.06,13.7,N,Failed,Delivered,0,0,6844.19,937.65403,5906.53597,5906.53597,5533.06,373.47597,6.323096514,Medium Discount,2026-05-01 00:00:00
OL000061,O100041,C1448,2026-01-31 00:00:00,East,Marketplace,Home,Bedsheet,2,5850.49,3651.95,16.3,N,Paid,Delivered,0,0,11700.98,1907.25974,9793.72026,9793.72026,7303.9,2489.82026,25.42261974,Medium Discount,2026-01-01 00:00:00
OL000062,O100041,C1448,2026-01-31 00:00:00,East,Marketplace,Personal Care,Face Wash,1,6276.98,3202.56,34.8,Y,Failed,Delivered,0,0,6276.98,2184.38904,4092.59096,4092.59096,3202.56,890.03096,21.7473715,High Discount,2026-01-01 00:00:00
OL000063,O100042,C1305,2026-06-06 00:00:00,West,Store,Personal Care,Trimmer,4,11622.06,7676.68,14.5,N,Failed,Cancelled,0,0,46488.24,6740.7948,39747.4452,39747.4452,30706.72,9040.7252,22.74542465,Medium Discount,2026-06-01 00:00:00
OL000064,O100043,C1457,2026-03-21 00:00:00,North,Online,Fashion,Jacket,4,11635.81,6429.25,25.7,Y,Paid,Delivered,0,0,46543.24,11961.61268,34581.62732,34581.62732,25717,8864.62732,25.63392185,High Discount,2026-03-01 00:00:00
OL000065,O100043,C1457,2026-03-21 00:00:00,North,Online,Home,Mixer,2,2571.68,1560.71,0,N,Paid,Delivered,0,0,5143.36,0,5143.36,5143.36,3121.42,2021.94,39.31165619,Low Discount,2026-03-01 00:00:00
OL000066,O100043,C1457,2026-03-21 00:00:00,North,Online,Personal Care,Shampoo,5,10896.58,5534.13,17.7,N,Pending,Delivered,0,0,54482.9,9643.4733,44839.4267,44839.4267,27670.65,17168.7767,38.28946524,Medium Discount,2026-03-01 00:00:00
OL000067,O100044,C1002,2026-02-24 00:00:00,North,Marketplace,Electronics,Earbuds,3,9312.98,6882.56,24.3,Y,Paid,Delivered,0,0,27938.94,6789.16242,21149.77758,21149.77758,20647.68,502.09758,2.374008796,Medium Discount,2026-02-01 00:00:00
OL000068,O100044,C1002,2026-02-24 00:00:00,North,Marketplace,Personal Care,Perfume,2,401.01,244.89,13.2,N,Pending,Delivered,1,380.8,802.02,105.86664,696.15336,315.35336,244.89,70.46336,22.34425535,Medium Discount,2026-02-01 00:00:00
OL000069,O100044,C1002,2026-02-24 00:00:00,North,Marketplace,Electronics,Keyboard,1,13315.97,10050.01,14.7,N,Paid,Delivered,0,0,13315.97,1957.44759,11358.52241,11358.52241,10050.01,1308.51241,11.52009357,Medium Discount,2026-02-01 00:00:00
OL000070,O100045,C1053,2026-03-19 00:00:00,East,Online,Home,Bedsheet,2,6576.12,3862.42,15.5,N,Paid,Delivered,2,12749.47,13152.24,2038.5972,11113.6428,-1635.8272,0,-1635.8272,100,Medium Discount,2026-03-01 00:00:00
OL000072,O100046,C1173,2026-04-29 00:00:00,North,Marketplace,Electronics,Keyboard,4,8628.46,6059.3,35.8,Y,Paid,Cancelled,0,0,34513.84,12355.95472,22157.88528,22157.88528,24237.2,-2079.31472,-9.384084689,High Discount,2026-04-01 00:00:00
OL000073,O100046,C1173,2026-04-29 00:00:00,North,Marketplace,Home,Storage Box,2,3553.52,2524.13,17.4,N,Paid,Delivered,0,0,7107.04,1236.62496,5870.41504,5870.41504,5048.26,822.15504,14.00505815,Medium Discount,2026-04-01 00:00:00
OL000074,O100047,C1307,2026-04-01 00:00:00,West,Marketplace,Personal Care,Shampoo,2,11369.11,5803.17,19.9,N,Paid,Delivered,2,22295.6,22738.22,4524.90578,18213.31422,-4082.28578,0,-4082.28578,100,Medium Discount,2026-04-01 00:00:00
OL000075,O100047,C1307,2026-04-01 00:00:00,West,Marketplace,Fashion,Shoes,2,8422.58,4009.07,15.6,N,Paid,Delivered,2,31159.35,16845.16,2627.84496,14217.31504,-16942.03496,0,-16942.03496,100,Medium Discount,2026-04-01 00:00:00
OL000076,O100047,C1307,2026-04-01 00:00:00,West,Marketplace,Personal Care,Face Wash,1,14927.7,10065.98,6.1,N,Failed,Delivered,1,13920.77,14927.7,910.5897,14017.1103,96.3403,0,96.3403,100,Low Discount,2026-04-01 00:00:00
OL000077,O100048,C1036,2026-03-27 00:00:00,East,Online,Personal Care,Face Wash,5,9559.7,5825.09,3.7,N,Failed,Delivered,0,0,47798.5,1768.5445,46029.9555,46029.9555,29125.45,16904.5055,36.72500943,Low Discount,2026-03-01 00:00:00
OL000078,O100049,C1287,2026-05-13 00:00:00,South,Online,Personal Care,Face Wash,2,6174.85,3469.91,24.9,Y,Failed,Delivered,0,0,12349.7,3075.0753,9274.6247,9274.6247,6939.82,2334.8047,25.17411513,Medium Discount,2026-05-01 00:00:00
OL000079,O100049,C1287,2026-05-13 00:00:00,South,Online,Home,Bedsheet,1,261.56,186.5,27.3,Y,Failed,Delivered,1,252.27,261.56,71.40588,190.15412,-62.11588,0,-62.11588,100,High Discount,2026-05-01 00:00:00
OL000080,O100050,C1190,2026-03-14 00:00:00,South,Online,Personal Care,Perfume,5,9702.39,5498.36,25.4,Y,Paid,Delivered,0,0,48511.95,12322.0353,36189.9147,36189.9147,27491.8,8698.1147,24.0346372,High Discount,2026-03-01 00:00:00
OL000081,O100050,C1190,2026-03-14 00:00:00,South,Online,Personal Care,Perfume,1,8385.56,5544.47,35.9,Y,Paid,Cancelled,1,7531.04,8385.56,3010.41604,5375.14396,-2155.89604,0,-2155.89604,100,High Discount,2026-03-01 00:00:00
OL000082,O100051,C1489,2026-02-10 00:00:00,North,Store,Home,Storage Box,1,12640.05,8292.86,16.9,N,Paid,Delivered,0,0,12640.05,2136.16845,10503.88155,10503.88155,8292.86,2211.02155,21.04956667,Medium Discount,2026-02-01 00:00:00
OL000083,O100052,C1461,2026-05-12 00:00:00,North,Store,Personal Care,Face Wash,3,13196.87,7389.65,9.6,N,Paid,Delivered,0,0,39590.61,3800.69856,35789.91144,35789.91144,22168.95,13620.96144,38.05810323,Low Discount,2026-05-01 00:00:00
OL000084,O100052,C1461,2026-05-12 00:00:00,North,Store,Electronics,Power Bank,3,1824.78,1358.92,10.7,N,Paid,Delivered,1,1774.26,5474.34,585.75438,4888.58562,3114.32562,2717.84,396.48562,12.7310265,Medium Discount,2026-05-01 00:00:00
OL000085,O100053,C1439,2026-03-08 00:00:00,East,Online,Home,Storage Box,1,812.14,457.04,19.1,N,Paid,Delivered,0,0,812.14,155.11874,657.02126,657.02126,457.04,199.98126,30.43756301,Medium Discount,2026-03-01 00:00:00
OL000086,O100054,C1386,2026-04-15 00:00:00,North,Marketplace,Home,Bedsheet,2,2155.68,1460.92,27.4,Y,Pending,Delivered,0,0,4311.36,1181.31264,3130.04736,3130.04736,2921.84,208.20736,6.651891683,High Discount,2026-04-01 00:00:00
OL000088,O100055,C1140,2026-05-17 00:00:00,West,Store,Home,Lamp,3,2768.06,1730.02,8.9,N,Paid,Delivered,0,0,8304.18,739.07202,7565.10798,7565.10798,5190.06,2375.04798,31.39476642,Low Discount,2026-05-01 00:00:00
OL000090,O100056,C1283,2026-05-28 00:00:00,East,Marketplace,Fashion,Jeans,5,6623.52,3158.4,33.3,Y,Paid,Delivered,0,0,33117.6,11028.1608,22089.4392,22089.4392,15792,6297.4392,28.50882335,High Discount,2026-05-01 00:00:00
OL000091,O100057,C1448,2026-06-01 00:00:00,North,Online,Electronics,Smartwatch,4,9131.86,7000.92,26.4,Y,Failed,Delivered,0,0,36527.44,9643.24416,26884.19584,26884.19584,28003.68,-1119.48416,-4.164097623,High Discount,2026-06-01 00:00:00
OL000092,O100058,C1101,2026-03-29 00:00:00,West,Store,Electronics,Keyboard,2,474.49,365.21,9.6,N,Pending,Delivered,0,0,948.98,91.10208,857.87792,857.87792,730.42,127.45792,14.8573494,Low Discount,2026-03-01 00:00:00
OL000093,O100058,C1101,2026-03-29 00:00:00,West,Store,Fashion,Jacket,5,6610.77,3614.44,0,N,Failed,Delivered,0,0,33053.85,0,33053.85,33053.85,18072.2,14981.65,45.32497727,Low Discount,2026-03-01 00:00:00
OL000094,O100059,C1422,2026-06-26 00:00:00,South,Marketplace,Home,Lamp,1,11764.09,7696.79,21.4,Y,Paid,Delivered,0,0,11764.09,2517.51526,9246.57474,9246.57474,7696.79,1549.78474,16.76063606,Medium Discount,2026-06-01 00:00:00
OL000095,O100059,C1422,2026-06-26 00:00:00,South,Marketplace,Home,Lamp,2,7475.01,4541.87,14,N,Paid,Delivered,1,7258.08,14950.02,2093.0028,12857.0172,5598.9372,4541.87,1057.0672,18.87978311,Medium Discount,2026-06-01 00:00:00
OL000096,O100059,C1422,2026-06-26 00:00:00,South,Marketplace,Electronics,Power Bank,3,2379.58,1661.65,12.6,N,Paid,Delivered,0,0,7138.74,899.48124,6239.25876,6239.25876,4984.95,1254.30876,20.10348999,Medium Discount,2026-06-01 00:00:00
OL000097,O100060,C1419,2026-02-10 00:00:00,North,Marketplace,Personal Care,Perfume,1,4842.98,3275.7,10.7,N,Paid,Delivered,0,0,4842.98,518.19886,4324.78114,4324.78114,3275.7,1049.08114,24.25743884,Medium Discount,2026-02-01 00:00:00
OL000098,O100061,C1283,2026-06-17 00:00:00,North,Online,Personal Care,Shampoo,4,10088.24,6005.87,28.5,Y,Pending,Delivered,0,0,40352.96,11500.5936,28852.3664,28852.3664,24023.48,4828.8864,16.736535,High Discount,2026-06-01 00:00:00
OL000099,O100062,C1190,2026-06-27 00:00:00,West,Marketplace,Personal Care,Perfume,4,12759.23,6468.92,18.5,N,Paid,Cancelled,0,0,51036.92,9441.8302,41595.0898,41595.0898,25875.68,15719.4098,37.79150346,Medium Discount,2026-06-01 00:00:00
OL000100,O100063,C1114,2026-04-11 00:00:00,South,Marketplace,Home,Bedsheet,4,14530.98,10340.95,22,Y,Pending,Delivered,0,0,58123.92,12787.2624,45336.6576,45336.6576,41363.8,3972.8576,8.763013884,Medium Discount,2026-04-01 00:00:00
OL000101,O100064,C1441,2026-01-17 00:00:00,East,Online,Personal Care,Shampoo,1,10967.05,5559.27,13.4,N,Paid,Delivered,1,9857.14,10967.05,1469.5847,9497.4653,-359.6747,0,-359.6747,100,Medium Discount,2026-01-01 00:00:00
OL000102,O100064,C1441,2026-01-17 00:00:00,East,Online,Electronics,Smartwatch,5,13546.59,10662.14,6.8,N,Pending,Delivered,0,0,67732.95,4605.8406,63127.1094,63127.1094,53310.7,9816.4094,15.55022793,Low Discount,2026-01-01 00:00:00
OL000104,O100066,C1231,2026-01-01 00:00:00,North,Store,Fashion,Shoes,3,7874.1,5056,9,N,Paid,Delivered,3,22070.24,23622.3,2126.007,21496.293,-573.947,0,-573.947,100,Low Discount,2026-01-01 00:00:00
OL000106,O100067,C1180,2026-03-27 00:00:00,North,Marketplace,Home,Storage Box,4,889.81,605.81,0,N,Failed,Delivered,0,0,3559.24,0,3559.24,3559.24,2423.24,1136,31.91692609,Low Discount,2026-03-01 00:00:00
OL000107,O100067,C1180,2026-03-27 00:00:00,North,Marketplace,Electronics,Keyboard,2,7881.33,5715.03,32.2,Y,Paid,Delivered,0,0,15762.66,5075.57652,10687.08348,10687.08348,11430.06,-742.97652,-6.952098029,High Discount,2026-03-01 00:00:00
OL000108,O100068,C1204,2026-03-07 00:00:00,North,Online,Personal Care,Face Wash,4,6972.26,4692.83,26.8,Y,Failed,Cancelled,0,0,27889.04,7474.26272,20414.77728,20414.77728,18771.32,1643.45728,8.050331666,High Discount,2026-03-01 00:00:00
OL000109,O100068,C1204,2026-03-07 00:00:00,North,Online,Fashion,Shoes,5,14433.37,8466.98,18.4,N,Paid,Delivered,0,0,72166.85,13278.7004,58888.1496,58888.1496,42334.9,16553.2496,28.10964466,Medium Discount,2026-03-01 00:00:00
OL000110,O100068,C1204,2026-03-07 00:00:00,North,Online,Electronics,Earbuds,1,13756.65,11032.7,22,Y,Paid,Delivered,0,0,13756.65,3026.463,10730.187,10730.187,11032.7,-302.513,-2.819270531,Medium Discount,2026-03-01 00:00:00
OL000111,O100069,C1260,2026-06-07 00:00:00,West,Online,Home,Bedsheet,3,2780.35,1855.3,33.4,Y,Paid,Delivered,0,0,8341.05,2785.9107,5555.1393,5555.1393,5565.9,-10.7607,-0.193707114,High Discount,2026-06-01 00:00:00
OL000112,O100069,C1260,2026-06-07 00:00:00,West,Online,Personal Care,Shampoo,3,691.98,448.43,7.5,N,Paid,Cancelled,0,0,2075.94,155.6955,1920.2445,1920.2445,1345.29,574.9545,29.94173398,Low Discount,2026-06-01 00:00:00
OL000113,O100070,C1331,2026-02-16 00:00:00,West,Online,Fashion,Shoes,4,1645.84,914.05,43.6,Y,Pending,Delivered,1,1634.01,6583.36,2870.34496,3713.01504,2079.00504,2742.15,-663.14496,-31.89722715,High Discount,2026-02-01 00:00:00
OL000114,O100071,C1377,2026-05-24 00:00:00,South,Store,Home,Mixer,5,13747.78,7680.4,10.1,N,Paid,Cancelled,4,50729.74,68738.9,6942.6289,61796.2711,11066.5311,7680.4,3386.1311,30.59794501,Medium Discount,2026-05-01 00:00:00
OL000115,O100072,C1254,2026-01-09 00:00:00,North,Marketplace,Fashion,Shoes,3,4209.59,2026.98,17.5,N,Paid,Cancelled,3,10751.13,12628.77,2210.03475,10418.73525,-332.39475,0,-332.39475,100,Medium Discount,2026-01-01 00:00:00
OL000116,O100072,C1254,2026-01-09 00:00:00,North,Marketplace,Electronics,Power Bank,4,1906.58,1516.81,0,N,Paid,Cancelled,0,0,7626.32,0,7626.32,7626.32,6067.24,1559.08,20.44341176,Low Discount,2026-01-01 00:00:00
OL000117,O100073,,2026-03-05 00:00:00,South,Marketplace,Electronics,Earbuds,1,13435.86,10920.68,29,Y,Paid,Delivered,0,0,13435.86,3896.3994,9539.4606,9539.4606,10920.68,-1381.2194,-14.47900943,High Discount,2026-03-01 00:00:00
OL000118,O100074,C1057,2026-01-10 00:00:00,West,Marketplace,Home,Lamp,5,14727.97,9644.32,25.2,Y,Paid,Delivered,0,0,73639.85,18557.2422,55082.6078,55082.6078,48221.6,6861.0078,12.45585145,High Discount,2026-01-01 00:00:00
OL000119,O100074,C1057,2026-01-10 00:00:00,West,Marketplace,Home,Storage Box,4,4549.88,2776.49,38.3,Y,Pending,Delivered,0,0,18199.52,6970.41616,11229.10384,11229.10384,11105.96,123.14384,1.096648867,High Discount,2026-01-01 00:00:00
OL000120,O100075,C1154,2026-05-15 00:00:00,South,Marketplace,Electronics,Earbuds,5,7395.06,5700.49,20.7,Y,Paid,Delivered,4,28591.79,36975.3,7653.8871,29321.4129,729.6229,5700.49,-4970.8671,-681.2926376,Medium Discount,2026-05-01 00:00:00
OL000121,O100075,C1154,2026-05-15 00:00:00,South,Marketplace,Electronics,Earbuds,2,12909.83,8910.55,5.8,N,Paid,Delivered,0,0,25819.66,1497.54028,24322.11972,24322.11972,17821.1,6501.01972,26.72883694,Low Discount,2026-05-01 00:00:00
OL000122,O100075,C1154,2026-05-15 00:00:00,South,Marketplace,Fashion,Jeans,2,12161.57,5972.32,28.5,Y,Pending,Delivered,0,0,24323.14,6932.0949,17391.0451,17391.0451,11944.64,5446.4051,31.31729616,High Discount,2026-05-01 00:00:00
OL000123,O100076,C1512,2026-05-05 00:00:00,West,Online,Fashion,Shoes,4,1326.58,620.77,14.5,N,Paid,Delivered,0,0,5306.32,769.4164,4536.9036,4536.9036,2483.08,2053.8236,45.26928013,Medium Discount,2026-05-01 00:00:00
OL000124,O100077,C1089,2026-01-12 00:00:00,South,Online,Fashion,Shoes,2,10363.87,6526.27,14.4,N,Paid,Delivered,1,8979.92,20727.74,2984.79456,17742.94544,8763.02544,6526.27,2236.75544,25.52492236,Medium Discount,2026-01-01 00:00:00
OL000125,O100077,C1089,2026-01-12 00:00:00,South,Online,Home,Lamp,1,5756.88,4009.17,14.6,N,Paid,Delivered,0,0,5756.88,840.50448,4916.37552,4916.37552,4009.17,907.20552,18.4527304,Medium Discount,2026-01-01 00:00:00
OL000126,O100078,C1044,2026-05-12 00:00:00,East,Marketplace,Electronics,Keyboard,2,4696.8,3431.1,26.4,Y,Paid,Delivered,1,4605.75,9393.6,2479.9104,6913.6896,2307.9396,3431.1,-1123.1604,-48.66506905,High Discount,2026-05-01 00:00:00
OL000127,O100079,C1312,2026-02-10 00:00:00,West,Marketplace,Personal Care,Trimmer,2,8491.76,5678.58,15.2,N,Failed,Delivered,0,0,16983.52,2581.49504,14402.02496,14402.02496,11357.16,3044.86496,21.14192253,Medium Discount,2026-02-01 00:00:00
OL000128,O100080,C1246,2026-01-30 00:00:00,South,Online,Fashion,T-Shirt,4,1731.38,787.42,17.1,N,Pending,Delivered,0,0,6925.52,1184.26392,5741.25608,5741.25608,3149.68,2591.57608,45.13953121,Medium Discount,2026-01-01 00:00:00
OL000129,O100080,C1246,2026-01-30 00:00:00,South,Online,Personal Care,Perfume,4,4706.89,2366.29,25.2,Y,Failed,Delivered,0,0,18827.56,4744.54512,14083.01488,14083.01488,9465.16,4617.85488,32.79024356,High Discount,2026-01-01 00:00:00
OL000130,O100081,C1335,2026-02-13 00:00:00,North,Store,Home,Bedsheet,4,8790.52,6273.39,6.6,N,Failed,Delivered,0,0,35162.08,2320.69728,32841.38272,32841.38272,25093.56,7747.82272,23.5916459,Low Discount,2026-02-01 00:00:00
OL000131,O100081,C1335,2026-02-13 00:00:00,North,Store,Personal Care,Perfume,4,11989.69,6760.75,25.9,Y,Paid,Delivered,0,0,47958.76,12421.31884,35537.44116,35537.44116,27043,8494.44116,23.90279346,High Discount,2026-02-01 00:00:00
OL000132,O100082,C1069,2026-05-23 00:00:00,South,Store,Fashion,Jeans,4,13925.97,6372.57,5.2,N,Paid,Delivered,2,24919.39,55703.88,2896.60176,52807.27824,27887.88824,12745.14,15142.74824,54.29865506,Low Discount,2026-05-01 00:00:00
OL000133,O100082,C1069,2026-05-23 00:00:00,South,Store,Home,Mixer,2,9821.88,6648.23,9,N,Failed,Delivered,0,0,19643.76,1767.9384,17875.8216,17875.8216,13296.46,4579.3616,25.61762867,Low Discount,2026-05-01 00:00:00
OL000135,O100083,C1306,2026-03-11 00:00:00,South,Store,Electronics,Keyboard,5,7948.94,6460.94,8.3,N,Failed,Delivered,0,0,39744.7,3298.8101,36445.8899,36445.8899,32304.7,4141.1899,11.36257041,Low Discount,2026-03-01 00:00:00
OL000136,O100083,C1306,2026-03-11 00:00:00,South,Store,Personal Care,Shampoo,5,10298.26,6613.61,0,N,Paid,Delivered,0,0,51491.3,0,51491.3,51491.3,33068.05,18423.25,35.77934525,Low Discount,2026-03-01 00:00:00
OL000137,O100084,C1037,2026-04-11 00:00:00,East,Online,Home,Lamp,4,9936.43,6482.55,13.4,N,Paid,Cancelled,3,-27317.6,39745.72,5325.92648,34419.79352,61737.39352,6482.55,55254.84352,89.49979967,Medium Discount,2026-04-01 00:00:00
OL000138,O100085,C1435,2026-05-12 00:00:00,West,Online,Home,Storage Box,5,13571.01,9224.29,23,Y,Paid,Cancelled,3,36193.24,67855.05,15606.6615,52248.3885,16055.1485,18448.58,-2393.4315,-14.90756376,Medium Discount,2026-05-01 00:00:00
OL000139,O100085,C1435,2026-05-12 00:00:00,West,Online,Home,Lamp,2,633.3,414.08,2.9,N,Failed,Delivered,0,0,1266.6,36.7314,1229.8686,1229.8686,828.16,401.7086,32.66272511,Low Discount,2026-05-01 00:00:00
OL000140,O100085,C1435,2026-05-12 00:00:00,West,Online,Fashion,Shoes,3,6052.38,2742.32,11.1,N,Pending,Delivered,0,0,18157.14,2015.44254,16141.69746,16141.69746,8226.96,7914.73746,49.03286956,Medium Discount,2026-05-01 00:00:00
OL000141,O100086,C1426,2026-03-05 00:00:00,East,Online,Electronics,Keyboard,3,3993.76,2842.94,12.5,N,Paid,Delivered,0,0,11981.28,1497.66,10483.62,10483.62,8528.82,1954.8,18.64623098,Medium Discount,2026-03-01 00:00:00
OL000143,O100088,C1262,2026-04-20 00:00:00,East,Marketplace,Home,Bedsheet,5,12474.57,8752.73,4.6,N,Paid,Delivered,3,36670.28,62372.85,2869.1511,59503.6989,22833.4189,17505.46,5327.9589,23.33403913,Low Discount,2026-04-01 00:00:00
OL000144,O100088,C1262,2026-04-20 00:00:00,East,Marketplace,Personal Care,Trimmer,5,2475.63,1288.37,25,Y,Paid,Delivered,0,0,12378.15,3094.5375,9283.6125,9283.6125,6441.85,2841.7625,30.61052473,Medium Discount,2026-04-01 00:00:00
OL000145,O100088,C1262,2026-04-20 00:00:00,East,Marketplace,Fashion,Jeans,1,9572.82,5161.95,23.9,Y,Paid,Delivered,0,0,9572.82,2287.90398,7284.91602,7284.91602,5161.95,2122.96602,29.14194226,Medium Discount,2026-04-01 00:00:00
OL000146,O100089,C1165,2026-04-29 00:00:00,West,Online,Electronics,Earbuds,2,13974.71,11240.95,8.1,N,Pending,Cancelled,0,0,27949.42,2263.90302,25685.51698,25685.51698,22481.9,3203.61698,12.47246447,Low Discount,2026-04-01 00:00:00
OL000147,O100089,C1165,2026-04-29 00:00:00,West,Online,Home,Bedsheet,1,1660.03,1028.41,26.1,Y,Pending,Delivered,1,1473.24,1660.03,433.26783,1226.76217,-246.47783,0,-246.47783,100,High Discount,2026-04-01 00:00:00
OL000148,O100089,C1165,2026-04-29 00:00:00,West,Online,Electronics,Smartwatch,5,11278.61,8429.77,4,N,Pending,Delivered,0,0,56393.05,2255.722,54137.328,54137.328,42148.85,11988.478,22.14456909,Low Discount,2026-04-01 00:00:00
OL000149,O100090,C1247,2026-04-18 00:00:00,West,Marketplace,Home,Bedsheet,4,14025.25,8017.08,21.5,Y,Paid,Delivered,0,0,56101,12061.715,44039.285,44039.285,32068.32,11970.965,27.18246902,Medium Discount,2026-04-01 00:00:00
OL000150,O100091,C1160,2026-04-15 00:00:00,North,Online,Fashion,Shoes,3,7570.68,3860.58,20.7,Y,Failed,Delivered,0,0,22712.04,4701.39228,18010.64772,18010.64772,11581.74,6428.90772,35.69503896,Medium Discount,2026-04-01 00:00:00
OL000151,O100092,C1201,2026-02-28 00:00:00,North,Marketplace,Electronics,Power Bank,5,6222.03,4866.11,19.6,N,Failed,Cancelled,3,17556.8,31110.15,6097.5894,25012.5606,7455.7606,9732.22,-2276.4594,-30.53289292,Medium Discount,2026-02-01 00:00:00
OL000152,O100092,C1201,2026-02-28 00:00:00,North,Marketplace,Personal Care,Trimmer,5,10493.04,7023.7,27.3,Y,Failed,Delivered,0,0,52465.2,14322.9996,38142.2004,38142.2004,35118.5,3023.7004,7.927440914,High Discount,2026-02-01 00:00:00
OL000153,O100093,C1442,2026-01-25 00:00:00,East,Marketplace,Fashion,Shoes,2,13221.05,6592.95,24.6,Y,Paid,Delivered,2,23477.86,26442.1,6504.7566,19937.3434,-3540.5166,0,-3540.5166,100,Medium Discount,2026-01-01 00:00:00
OL000154,O100094,C1159,2026-06-27 00:00:00,West,Online,Electronics,Smartwatch,2,1164.69,819.22,12.7,N,Failed,Delivered,0,0,2329.38,295.83126,2033.54874,2033.54874,1638.44,395.10874,19.42951906,Medium Discount,2026-06-01 00:00:00
OL000156,O100095,C1101,2026-01-06 00:00:00,North,Online,Electronics,Earbuds,4,11069.28,8264.65,13.2,N,Failed,Delivered,0,0,44277.12,5844.57984,38432.54016,38432.54016,33058.6,5373.94016,13.98278682,Medium Discount,2026-01-01 00:00:00
OL000157,O100095,C1101,2026-01-06 00:00:00,North,Online,Home,Storage Box,5,2031.9,1183.64,20.2,Y,Paid,Delivered,0,0,10159.5,2052.219,8107.281,8107.281,5918.2,2189.081,27.00142008,Medium Discount,2026-01-01 00:00:00
OL000158,O100096,C1251,2026-04-30 00:00:00,South,Online,Fashion,Jeans,3,2680.05,1593.83,5.8,N,Paid,Delivered,2,-325.5,8040.15,466.3287,7573.8213,7899.3213,1593.83,6305.4913,79.82320329,Low Discount,2026-04-01 00:00:00
OL000159,O100096,C1251,2026-04-30 00:00:00,South,Online,Electronics,Power Bank,3,5548.73,4474.27,9.9,N,Paid,Cancelled,0,0,16646.19,1647.97281,14998.21719,14998.21719,13422.81,1575.40719,10.50396304,Low Discount,2026-04-01 00:00:00
OL000161,O100097,C1250,2026-06-02 00:00:00,West,Store,Fashion,Jeans,1,4188.61,2111.42,8,N,Pending,Delivered,1,4176.26,4188.61,335.0888,3853.5212,-322.7388,0,-322.7388,100,Low Discount,2026-06-01 00:00:00
OL000162,O100098,C1119,2026-03-24 00:00:00,West,Online,Personal Care,Trimmer,1,891.98,551.49,2.3,N,Pending,Cancelled,0,0,891.98,20.51554,871.46446,871.46446,551.49,319.97446,36.71686852,Low Discount,2026-03-01 00:00:00
OL000163,O100099,C1264,2026-02-24 00:00:00,South,Online,Home,Mixer,1,13034.53,9050.67,26.7,Y,Paid,Delivered,0,0,13034.53,3480.21951,9554.31049,9554.31049,9050.67,503.64049,5.271343134,High Discount,2026-02-01 00:00:00
OL000164,O100100,C1026,2026-06-18 00:00:00,East,Marketplace,Home,Mixer,3,8564.37,5998.13,23.2,Y,Pending,Delivered,2,15856.78,25693.11,5960.80152,19732.30848,3875.52848,5998.13,-2122.60152,-54.76934387,Medium Discount,2026-06-01 00:00:00
OL000166,O100101,C1312,2026-02-24 00:00:00,North,Online,Fashion,Shoes,3,8067.76,4804.61,30.7,Y,Failed,Delivered,3,24183.58,24203.28,7430.40696,16772.87304,-7410.70696,0,-7410.70696,100,High Discount,2026-02-01 00:00:00
OL000167,O100102,C1484,2026-02-23 00:00:00,South,Online,Personal Care,Perfume,2,12088.41,7303.94,24.4,Y,Pending,Delivered,0,0,24176.82,5899.14408,18277.67592,18277.67592,14607.88,3669.79592,20.0780227,Medium Discount,2026-02-01 00:00:00
OL000168,O100103,C1415,2026-01-24 00:00:00,North,Online,Home,Storage Box,2,9397.55,6337.08,31.8,Y,Paid,Delivered,0,0,18795.1,5976.8418,12818.2582,12818.2582,12674.16,144.0982,1.124163656,High Discount,2026-01-01 00:00:00
OL000169,O100104,C1246,2026-06-28 00:00:00,South,Online,Home,Mixer,4,1980.69,1302.31,12,N,Paid,Delivered,3,5440.47,7922.76,950.7312,6972.0288,1531.5588,1302.31,229.2488,14.96833161,Medium Discount,2026-06-01 00:00:00
OL000170,O100105,C1506,2026-04-18 00:00:00,East,Store,Home,Lamp,2,5523.59,3715.59,16.1,N,Paid,Cancelled,0,0,11047.18,1778.59598,9268.58402,9268.58402,7431.18,1837.40402,19.82399918,Medium Discount,2026-04-01 00:00:00
OL000171,O100106,C1318,2026-02-10 00:00:00,West,Marketplace,Electronics,Earbuds,2,2020.55,1466.89,13.9,N,Paid,Delivered,0,0,4041.1,561.7129,3479.3871,3479.3871,2933.78,545.6071,15.68112671,Medium Discount,2026-02-01 00:00:00
OL000172,O100106,C1318,2026-02-10 00:00:00,West,Marketplace,Fashion,Jeans,5,8514.48,4533.52,26.2,Y,Paid,Cancelled,0,0,42572.4,11153.9688,31418.4312,31418.4312,22667.6,8750.8312,27.85254026,High Discount,2026-02-01 00:00:00
OL000173,O100106,C1318,2026-02-10 00:00:00,West,Marketplace,Home,Lamp,3,3007.49,2001.11,19.3,N,Failed,Delivered,0,0,9022.47,1741.33671,7281.13329,7281.13329,6003.33,1277.80329,17.54951103,Medium Discount,2026-02-01 00:00:00
OL000174,O100107,C1185,2026-05-30 00:00:00,West,Online,Fashion,Jacket,2,5917.97,2750.3,18.1,N,Paid,Delivered,0,0,11835.94,2142.30514,9693.63486,9693.63486,5500.6,4193.03486,43.2555478,Medium Discount,2026-05-01 00:00:00
OL000175,O100107,C1185,2026-05-30 00:00:00,West,Online,Home,Lamp,1,14613.48,8836.07,0,N,Paid,Delivered,0,0,14613.48,0,14613.48,14613.48,8836.07,5777.41,39.53479938,Low Discount,2026-05-01 00:00:00
OL000176,O100107,C1185,2026-05-30 00:00:00,West,Online,Fashion,Shoes,2,14700.12,9358.24,23.5,Y,Paid,Delivered,0,0,29400.24,6909.0564,22491.1836,22491.1836,18716.48,3774.7036,16.78303671,Medium Discount,2026-05-01 00:00:00
OL000177,O100108,C1495,2026-03-12 00:00:00,South,Store,Personal Care,Shampoo,1,3513.37,1986.15,0,N,Paid,Delivered,0,0,3513.37,0,3513.37,3513.37,1986.15,1527.22,43.4688063,Low Discount,2026-03-01 00:00:00
OL000178,O100108,C1495,2026-03-12 00:00:00,South,Store,Personal Care,Trimmer,4,5800.2,3284.14,1.8,N,Paid,Delivered,1,5640.25,23200.8,417.6144,22783.1856,17142.9356,9852.42,7290.5156,42.52781303,Low Discount,2026-03-01 00:00:00
OL000179,O100108,C1495,2026-03-12 00:00:00,South,Store,Fashion,T-Shirt,5,11050.52,5485.93,13.9,N,Pending,Delivered,0,0,55252.6,7680.1114,47572.4886,47572.4886,27429.65,20142.8386,42.34135988,Medium Discount,2026-03-01 00:00:00
OL000180,O100109,C1331,2026-02-04 00:00:00,South,Online,Fashion,Jacket,3,3083.15,1627.36,29.3,Y,Paid,Delivered,0,0,9249.45,2710.08885,6539.36115,6539.36115,4882.08,1657.28115,25.34316598,High Discount,2026-02-01 00:00:00
OL000181,O100109,C1331,2026-02-04 00:00:00,South,Online,Fashion,T-Shirt,4,8848.67,5372.71,26.1,Y,Paid,Delivered,0,0,35394.68,9238.01148,26156.66852,26156.66852,21490.84,4665.82852,17.83800761,High Discount,2026-02-01 00:00:00
OL000182,O100109,C1331,2026-02-04 00:00:00,South,Online,Fashion,Jacket,4,4535.91,2369.84,18.8,N,Failed,Delivered,0,0,18143.64,3411.00432,14732.63568,14732.63568,9479.36,5253.27568,35.65740574,Medium Discount,2026-02-01 00:00:00
OL000183,O100110,C1161,2026-04-20 00:00:00,East,Online,Personal Care,Face Wash,4,7686.62,4754.1,18.4,N,Paid,Delivered,0,0,30746.48,5657.35232,25089.12768,25089.12768,19016.4,6072.72768,24.20461866,Medium Discount,2026-04-01 00:00:00
OL000184,O100110,C1161,2026-04-20 00:00:00,East,Online,Home,Lamp,4,854.93,564.82,22.6,Y,Paid,Delivered,0,0,3419.72,772.85672,2646.86328,2646.86328,2259.28,387.58328,14.64311674,Medium Discount,2026-04-01 00:00:00
OL000185,O100111,C1346,2026-03-16 00:00:00,West,Marketplace,Home,Mixer,3,1538.03,1012.32,10.8,N,Pending,Delivered,0,0,4614.09,498.32172,4115.76828,4115.76828,3036.96,1078.80828,26.21158935,Medium Discount,2026-03-01 00:00:00
OL000186,O100112,C1352,2026-01-05 00:00:00,West,Marketplace,Home,Storage Box,3,3469.3,2367.41,21.9,Y,Failed,Delivered,0,0,10407.9,2279.3301,8128.5699,8128.5699,7102.23,1026.3399,12.62632803,Medium Discount,2026-01-01 00:00:00
OL000187,O100113,C1046,2026-01-19 00:00:00,West,Store,Home,Lamp,4,2352.97,1557.08,8.2,N,Failed,Delivered,0,0,9411.88,771.77416,8640.10584,8640.10584,6228.32,2411.78584,27.91384602,Low Discount,2026-01-01 00:00:00
OL000190,O100114,C1490,2026-01-02 00:00:00,West,Marketplace,Home,Storage Box,4,11621.93,7202.4,24.1,Y,Failed,Delivered,0,0,46487.72,11203.54052,35284.17948,35284.17948,28809.6,6474.57948,18.34980882,Medium Discount,2026-01-01 00:00:00
OL000191,O100115,C1447,2026-05-15 00:00:00,East,Store,Electronics,Keyboard,3,13785.1,10130.97,0,N,Pending,Delivered,0,0,41355.3,0,41355.3,41355.3,30392.91,10962.39,26.50782366,Low Discount,2026-05-01 00:00:00
OL000192,O100116,C1278,2026-01-21 00:00:00,West,Online,Personal Care,Perfume,2,4277.99,2485.57,32.8,Y,Pending,Delivered,0,0,8555.98,2806.36144,5749.61856,5749.61856,4971.14,778.47856,13.53965575,High Discount,2026-01-01 00:00:00
OL000193,O100117,C1382,2026-02-18 00:00:00,West,Online,Fashion,Shoes,1,12075.08,7731.54,28.6,Y,Pending,Cancelled,0,0,12075.08,3453.47288,8621.60712,8621.60712,7731.54,890.06712,10.32367988,High Discount,2026-02-01 00:00:00
OL000194,O100118,C1449,2026-05-27 00:00:00,South,Store,Fashion,T-Shirt,4,5257.95,2547.79,14.9,N,Paid,Delivered,0,0,21031.8,3133.7382,17898.0618,17898.0618,10191.16,7706.9018,43.05997982,Medium Discount,2026-05-01 00:00:00
OL000196,O100120,C1169,2026-05-21 00:00:00,West,Store,Home,Bedsheet,3,14781.86,9833.7,6.6,N,Pending,Delivered,0,0,44345.58,2926.80828,41418.77172,41418.77172,29501.1,11917.67172,28.77360005,Low Discount,2026-05-01 00:00:00
OL000197,O100121,C1314,2026-02-09 00:00:00,South,Online,Home,Bedsheet,1,8598.18,5777.34,22,Y,Paid,Delivered,0,0,8598.18,1891.5996,6706.5804,6706.5804,5777.34,929.2404,13.85565138,Medium Discount,2026-02-01 00:00:00
OL000198,O100122,C1020,2026-02-24 00:00:00,South,Marketplace,Personal Care,Face Wash,1,8436.71,4771.93,23.1,Y,Failed,Delivered,0,0,8436.71,1948.88001,6487.82999,6487.82999,4771.93,1715.89999,26.44798018,Medium Discount,2026-02-01 00:00:00
OL000200,O100122,C1020,2026-02-24 00:00:00,South,Marketplace,Personal Care,Face Wash,5,11576.95,7706.29,20.5,Y,Pending,Delivered,0,0,57884.75,11866.37375,46018.37625,46018.37625,38531.45,7486.92625,16.26942726,Medium Discount,2026-02-01 00:00:00
OL000201,O100123,C1184,2026-03-14 00:00:00,East,Online,Home,Bedsheet,2,3563.83,2564.78,12.3,N,Paid,Delivered,0,0,7127.66,876.70218,6250.95782,6250.95782,5129.56,1121.39782,17.93961585,Medium Discount,2026-03-01 00:00:00
OL000202,O100124,C1362,2026-04-21 00:00:00,East,Marketplace,Home,Bedsheet,2,6254.81,3807.6,32.4,Y,Pending,Cancelled,0,0,12509.62,4053.11688,8456.50312,8456.50312,7615.2,841.30312,9.948593503,High Discount,2026-04-01 00:00:00
OL000203,O100125,C1196,2026-02-27 00:00:00,South,Online,Fashion,Jeans,1,7692.32,4467.84,0,N,Paid,Cancelled,1,7400.8,7692.32,0,7692.32,291.52,0,291.52,100,Low Discount,2026-02-01 00:00:00
OL000204,O100126,C1509,2026-06-28 00:00:00,West,Marketplace,Electronics,Keyboard,2,744.36,528.52,21.1,Y,Paid,Cancelled,0,0,1488.72,314.11992,1174.60008,1174.60008,1057.04,117.56008,10.00851967,Medium Discount,2026-06-01 00:00:00
OL000205,O100126,C1509,2026-06-28 00:00:00,West,Marketplace,Personal Care,Trimmer,1,2102.1,1203.65,28.9,Y,Failed,Delivered,0,0,2102.1,607.5069,1494.5931,1494.5931,1203.65,290.9431,19.46637516,High Discount,2026-06-01 00:00:00
OL000207,O100127,C1074,2026-03-20 00:00:00,West,Store,Home,Storage Box,4,5146.96,3050.94,0,N,Failed,Delivered,0,0,20587.84,0,20587.84,20587.84,12203.76,8384.08,40.72345618,Low Discount,2026-03-01 00:00:00
OL000208,O100128,C1485,2026-04-26 00:00:00,West,Store,Personal Care,Face Wash,2,12571.38,6678.82,6.7,N,Paid,Delivered,0,0,25142.76,1684.56492,23458.19508,23458.19508,13357.64,10100.55508,43.05768217,Low Discount,2026-04-01 00:00:00
OL000209,O100129,C1359,2026-01-19 00:00:00,North,Online,Electronics,Keyboard,5,3303.17,2542.48,28.9,Y,Pending,Delivered,0,0,16515.85,4773.08065,11742.76935,11742.76935,12712.4,-969.63065,-8.25725705,High Discount,2026-01-01 00:00:00
OL000210,O100129,C1359,2026-01-19 00:00:00,North,Online,Fashion,Shoes,4,3813.76,1772.14,33.9,Y,Paid,Delivered,0,0,15255.04,5171.45856,10083.58144,10083.58144,7088.56,2995.02144,29.70196113,High Discount,2026-01-01 00:00:00
OL000211,O100130,C1247,2026-06-28 00:00:00,South,Marketplace,Home,Storage Box,5,961.21,600.66,20.4,Y,Failed,Delivered,0,0,4806.05,980.4342,3825.6158,3825.6158,3003.3,822.3158,21.49499173,Medium Discount,2026-06-01 00:00:00
OL000212,O100130,C1247,2026-06-28 00:00:00,South,Marketplace,Home,Mixer,2,632.96,434.56,38.6,Y,Paid,Delivered,1,593.33,1265.92,488.64512,777.27488,183.94488,434.56,-250.61512,-136.2446837,High Discount,2026-06-01 00:00:00
OL000213,O100131,C1102,2026-01-26 00:00:00,East,Online,Electronics,Earbuds,4,10305.37,7107.05,13,N,Failed,Delivered,1,9737.98,41221.48,5358.7924,35862.6876,26124.7076,21321.15,4803.5576,18.38702914,Medium Discount,2026-01-01 00:00:00
OL000214,O100132,C1325,2026-03-27 00:00:00,North,Online,Electronics,Power Bank,1,10001.58,7214.04,18.9,N,Paid,Delivered,0,0,10001.58,1890.29862,8111.28138,8111.28138,7214.04,897.24138,11.06164782,Medium Discount,2026-03-01 00:00:00
OL000215,O100132,C1325,2026-03-27 00:00:00,North,Online,Home,Bedsheet,3,12357.47,8830.87,9.4,N,Paid,Delivered,0,0,37072.41,3484.80654,33587.60346,33587.60346,26492.61,7094.99346,21.12384549,Low Discount,2026-03-01 00:00:00
OL000216,O100133,C1298,2026-05-20 00:00:00,West,Marketplace,Electronics,Earbuds,5,14704.04,10420.02,25.6,Y,Paid,Delivered,0,0,73520.2,18821.1712,54699.0288,54699.0288,52100.1,2598.9288,4.751325311,High Discount,2026-05-01 00:00:00
OL000217,O100133,C1298,2026-05-20 00:00:00,West,Marketplace,Home,Lamp,4,13912.51,9879.25,15.2,N,Paid,Delivered,0,0,55650.04,8458.80608,47191.23392,47191.23392,39517,7674.23392,16.26199038,Medium Discount,2026-05-01 00:00:00
OL000218,O100134,C1102,2026-04-08 00:00:00,West,Online,Home,Lamp,4,11173.55,7599.54,16.9,N,Pending,Cancelled,0,0,44694.2,7553.3198,37140.8802,37140.8802,30398.16,6742.7202,18.15444374,Medium Discount,2026-04-01 00:00:00
OL000219,O100135,C1494,2026-04-21 00:00:00,South,Online,Fashion,Jacket,1,3113.97,1593.7,18.4,N,Paid,Delivered,0,0,3113.97,572.97048,2540.99952,2540.99952,1593.7,947.29952,37.28058634,Medium Discount,2026-04-01 00:00:00
OL000220,O100135,C1494,2026-04-21 00:00:00,South,Online,Personal Care,Face Wash,1,8837.51,5650.39,22.5,Y,Failed,Delivered,0,0,8837.51,1988.43975,6849.07025,6849.07025,5650.39,1198.68025,17.50135721,Medium Discount,2026-04-01 00:00:00
OL000221,O100136,C1114,2026-05-22 00:00:00,East,Store,Electronics,Power Bank,4,11290.84,8974.87,14.2,N,Paid,Cancelled,0,0,45163.36,6413.19712,38750.16288,38750.16288,35899.48,2850.68288,7.356570058,Medium Discount,2026-05-01 00:00:00
OL000222,O100137,C1120,2026-05-05 00:00:00,North,Store,Electronics,Smartwatch,3,14597.21,11138.24,14.9,N,Pending,Delivered,0,0,43791.63,6524.95287,37266.67713,37266.67713,33414.72,3851.95713,10.33619691,Medium Discount,2026-05-01 00:00:00
OL000223,O100138,C1284,2026-02-17 00:00:00,South,Marketplace,Home,Lamp,1,14340.11,8402.8,21.3,Y,Paid,Delivered,0,0,14340.11,3054.44343,11285.66657,11285.66657,8402.8,2882.86657,25.54449533,Medium Discount,2026-02-01 00:00:00
OL000225,O100139,C1217,2026-03-15 00:00:00,West,Store,Personal Care,Trimmer,1,4058,2344.85,14.4,N,Paid,Cancelled,0,0,4058,584.352,3473.648,3473.648,2344.85,1128.798,32.49603875,Medium Discount,2026-03-01 00:00:00
OL000226,O100139,C1217,2026-03-15 00:00:00,West,Store,Electronics,Earbuds,4,14578.86,11050.23,15.6,N,Paid,Delivered,3,39746.27,58315.44,9097.20864,49218.23136,9471.96136,11050.23,-1578.26864,-16.6625325,Medium Discount,2026-03-01 00:00:00
OL000227,O100140,C1005,2026-03-27 00:00:00,West,Online,Electronics,Keyboard,1,6281.17,4320.49,24.2,Y,Paid,Delivered,0,0,6281.17,1520.04314,4761.12686,4761.12686,4320.49,440.63686,9.254885933,Medium Discount,2026-03-01 00:00:00
OL000228,O100140,C1005,2026-03-27 00:00:00,West,Online,Electronics,Keyboard,5,5753.31,4392.78,21.2,Y,Paid,Delivered,0,0,28766.55,6098.5086,22668.0414,22668.0414,21963.9,704.1414,3.106317778,Medium Discount,2026-03-01 00:00:00
OL000229,O100140,C1005,2026-03-27 00:00:00,West,Online,Fashion,Shoes,1,11661.32,6089.31,7,N,Paid,Delivered,0,0,11661.32,816.2924,10845.0276,10845.0276,6089.31,4755.7176,43.85159518,Low Discount,2026-03-01 00:00:00
OL000231,O100142,C1158,2026-03-15 00:00:00,North,Online,Electronics,Power Bank,1,2485.2,1943.53,21.2,Y,Paid,Delivered,0,0,2485.2,526.8624,1958.3376,1958.3376,1943.53,14.8076,0.756131119,Medium Discount,2026-03-01 00:00:00
OL000232,O100143,C1036,2026-01-11 00:00:00,North,Online,Personal Care,Face Wash,2,9844.4,5624.64,22.4,Y,Paid,Delivered,0,0,19688.8,4410.2912,15278.5088,15278.5088,11249.28,4029.2288,26.3718721,Medium Discount,2026-01-01 00:00:00
OL000233,O100143,C1036,2026-01-11 00:00:00,North,Online,Home,Storage Box,5,1530.46,967.58,29.2,Y,Failed,Delivered,0,0,7652.3,2234.4716,5417.8284,5417.8284,4837.9,579.9284,10.70407472,High Discount,2026-01-01 00:00:00
OL000236,O100145,C1394,2026-03-06 00:00:00,West,Online,Personal Care,Face Wash,3,4948.62,3019.83,28.7,Y,Paid,Cancelled,0,0,14845.86,4260.76182,10585.09818,10585.09818,9059.49,1525.60818,14.41279197,High Discount,2026-03-01 00:00:00
OL000238,O100147,C1285,2026-01-20 00:00:00,North,Marketplace,Fashion,Shoes,3,8376.51,5136.45,17.6,N,Failed,Delivered,0,0,25129.53,4422.79728,20706.73272,20706.73272,15409.35,5297.38272,25.58289998,Medium Discount,2026-01-01 00:00:00
OL000239,O100148,C1292,2026-03-28 00:00:00,West,Marketplace,Fashion,Shoes,5,7763.11,4771.96,23.2,Y,Paid,Delivered,3,21131.81,38815.55,9005.2076,29810.3424,8678.5324,9543.92,-865.3876,-9.971589206,Medium Discount,2026-03-01 00:00:00
OL000240,O100149,C1145,2026-03-30 00:00:00,North,Marketplace,Electronics,Smartwatch,4,3494.95,2650.97,27.6,Y,Failed,Delivered,0,0,13979.8,3858.4248,10121.3752,10121.3752,10603.88,-482.5048,-4.767186182,High Discount,2026-03-01 00:00:00
OL000241,O100150,C1161,2026-04-29 00:00:00,North,Store,Electronics,Earbuds,3,8301.03,5887.64,0,N,Paid,Delivered,3,23805.78,24903.09,0,24903.09,1097.31,0,1097.31,100,Low Discount,2026-04-01 00:00:00
OL000242,O100151,C1175,2026-01-24 00:00:00,East,Store,Electronics,Power Bank,5,12333.65,8632.97,1.3,N,Pending,Delivered,0,0,61668.25,801.68725,60866.56275,60866.56275,43164.85,17701.71275,29.08281978,Low Discount,2026-01-01 00:00:00
OL000243,O100151,C1175,2026-01-24 00:00:00,East,Store,Personal Care,Face Wash,5,3494.61,1832.77,4.3,N,Paid,Cancelled,0,0,17473.05,751.34115,16721.70885,16721.70885,9163.85,7557.85885,45.19788568,Low Discount,2026-01-01 00:00:00
OL000244,O100152,C1268,2026-04-28 00:00:00,East,Online,Fashion,Shoes,3,10597.04,6841.64,7.1,N,Paid,Delivered,0,0,31791.12,2257.16952,29533.95048,29533.95048,20524.92,9009.03048,30.50398045,Low Discount,2026-04-01 00:00:00
OL000245,O100153,C1252,2026-02-01 00:00:00,North,Store,Personal Care,Trimmer,1,8483.82,5283.78,6.6,N,Pending,Delivered,0,0,8483.82,559.93212,7923.88788,7923.88788,5283.78,2640.10788,33.31833968,Low Discount,2026-02-01 00:00:00
OL000246,O100153,C1252,2026-02-01 00:00:00,North,Store,Personal Care,Trimmer,3,5556.97,3165.29,0,N,Failed,Cancelled,0,0,16670.91,0,16670.91,16670.91,9495.87,7175.04,43.0392822,Low Discount,2026-02-01 00:00:00
OL000247,O100154,C1041,2026-05-08 00:00:00,North,Online,Fashion,Jeans,1,10753.01,4924.44,18.8,N,Failed,Delivered,0,0,10753.01,2021.56588,8731.44412,8731.44412,4924.44,3807.00412,43.60108211,Medium Discount,2026-05-01 00:00:00
OL000248,O100154,C1041,2026-05-08 00:00:00,North,Online,Electronics,Keyboard,2,7890.08,6158.76,31.6,Y,Pending,Delivered,0,0,15780.16,4986.53056,10793.62944,10793.62944,12317.52,-1523.89056,-14.11842577,High Discount,2026-05-01 00:00:00
OL000249,O100155,C1013,2026-05-03 00:00:00,North,Marketplace,Fashion,Jacket,1,10707.25,6076.85,11,N,Paid,Delivered,0,0,10707.25,1177.7975,9529.4525,9529.4525,6076.85,3452.6025,36.23085901,Medium Discount,2026-05-01 00:00:00
OL000250,O100155,C1013,2026-05-03 00:00:00,North,Marketplace,Personal Care,Trimmer,3,1741.46,1182.35,15.9,N,Paid,Delivered,0,0,5224.38,830.67642,4393.70358,4393.70358,3547.05,846.65358,19.26970185,Medium Discount,2026-05-01 00:00:00
OL000251,O100155,C1013,2026-05-03 00:00:00,North,Marketplace,Electronics,Keyboard,3,10860.4,8808.94,15.6,N,Paid,Delivered,0,0,32581.2,5082.6672,27498.5328,27498.5328,26426.82,1071.7128,3.897345389,Medium Discount,2026-05-01 00:00:00
OL000252,O100156,C1302,2026-01-27 00:00:00,West,Online,Electronics,Keyboard,2,12672.03,10004.78,15.6,N,Pending,Cancelled,0,0,25344.06,3953.67336,21390.38664,21390.38664,20009.56,1380.82664,6.455360827,Medium Discount,2026-01-01 00:00:00
OL000253,O100157,C1174,2026-06-10 00:00:00,South,Online,Fashion,T-Shirt,2,1939.24,1146.85,19,N,Paid,Delivered,0,0,3878.48,736.9112,3141.5688,3141.5688,2293.7,847.8688,26.98870704,Medium Discount,2026-06-01 00:00:00
OL000254,O100157,C1174,2026-06-10 00:00:00,South,Online,Fashion,Shoes,5,9274.38,4800.36,27.4,Y,Paid,Delivered,0,0,46371.9,12705.9006,33665.9994,33665.9994,24001.8,9664.1994,28.70611172,High Discount,2026-06-01 00:00:00
OL000256,O100158,C1394,2026-03-03 00:00:00,South,Marketplace,Personal Care,Face Wash,2,8835.27,5884.29,0,N,Pending,Delivered,0,0,17670.54,0,17670.54,17670.54,11768.58,5901.96,33.39999796,Low Discount,2026-03-01 00:00:00
OL000257,O100159,C1337,2026-04-06 00:00:00,South,Marketplace,Fashion,Jeans,4,10914.62,6095.02,10.2,N,Paid,Delivered,0,0,43658.48,4453.16496,39205.31504,39205.31504,24380.08,14825.23504,37.81434998,Medium Discount,2026-04-01 00:00:00
OL000258,O100160,C1109,2026-06-12 00:00:00,North,Store,Personal Care,Shampoo,3,5921.53,3673.7,14.8,N,Paid,Delivered,2,11044.33,17764.59,2629.15932,15135.43068,4091.10068,3673.7,417.40068,10.20264991,Medium Discount,2026-06-01 00:00:00
OL000259,O100160,C1109,2026-06-12 00:00:00,North,Store,Electronics,Smartwatch,5,3484.79,2831.89,23.8,Y,Failed,Delivered,0,0,17423.95,4146.9001,13277.0499,13277.0499,14159.45,-882.4001,-6.646055461,Medium Discount,2026-06-01 00:00:00
OL000260,O100160,C1109,2026-06-12 00:00:00,North,Store,Home,Storage Box,2,1249.17,701.67,11.4,N,Paid,Delivered,0,0,2498.34,284.81076,2213.52924,2213.52924,1403.34,810.18924,36.60169585,Medium Discount,2026-06-01 00:00:00
OL000261,O100161,C1190,2026-03-21 00:00:00,South,Online,Personal Care,Trimmer,3,14180.94,8648.75,23.8,Y,Paid,Delivered,0,0,42542.82,10125.19116,32417.62884,32417.62884,25946.25,6471.37884,19.96252987,Medium Discount,2026-03-01 00:00:00
OL000262,O100161,C1190,2026-03-21 00:00:00,South,Online,Fashion,Jacket,5,7096.35,3975.2,2,N,Paid,Delivered,0,0,35481.75,709.635,34772.115,34772.115,19876,14896.115,42.83925496,Low Discount,2026-03-01 00:00:00
OL000263,O100162,C1155,2026-01-04 00:00:00,West,Store,Fashion,Shoes,5,8778.58,5015.18,2.9,N,Failed,Delivered,5,40034.12,43892.9,1272.8941,42620.0059,2585.8859,0,2585.8859,100,Low Discount,2026-01-01 00:00:00
OL000264,O100162,C1155,2026-01-04 00:00:00,West,Store,Fashion,T-Shirt,5,12383.23,7096.52,15,N,Failed,Delivered,1,12214.68,61916.15,9287.4225,52628.7275,40414.0475,28386.08,12027.9675,29.76184828,Medium Discount,2026-01-01 00:00:00
OL000265,O100163,C1091,2026-05-24 00:00:00,East,Online,Home,Storage Box,1,8388.9,5776.42,23.1,Y,Paid,Delivered,0,0,8388.9,1937.8359,6451.0641,6451.0641,5776.42,674.6441,10.45787314,Medium Discount,2026-05-01 00:00:00
OL000266,O100163,C1091,2026-05-24 00:00:00,East,Online,Personal Care,Trimmer,2,654.04,426.26,11.3,N,Pending,Cancelled,0,0,1308.08,147.81304,1160.26696,1160.26696,852.52,307.74696,26.52380621,Medium Discount,2026-05-01 00:00:00
OL000267,O100164,C1418,2026-01-05 00:00:00,East,Store,Electronics,Smartwatch,5,14539.3,10305.67,18.4,N,Paid,Delivered,0,0,72696.5,13376.156,59320.344,59320.344,51528.35,7791.994,13.13544979,Medium Discount,2026-01-01 00:00:00
OL000268,O100165,C1326,2026-03-18 00:00:00,West,Store,Personal Care,Shampoo,1,9741.56,5050.63,7.3,N,Paid,Delivered,1,8534.27,9741.56,711.13388,9030.42612,496.15612,0,496.15612,100,Low Discount,2026-03-01 00:00:00
OL000269,O100166,C1445,2026-03-23 00:00:00,West,Marketplace,Fashion,T-Shirt,1,14578.91,8339.84,19.8,N,Paid,Delivered,0,0,14578.91,2886.62418,11692.28582,11692.28582,8339.84,3352.44582,28.67228762,Medium Discount,2026-03-01 00:00:00
OL000270,O100167,C1135,2026-06-16 00:00:00,West,Store,Electronics,Smartwatch,1,10917.4,7429.12,0,N,Paid,Delivered,1,9353.66,10917.4,0,10917.4,1563.74,0,1563.74,100,Low Discount,2026-06-01 00:00:00
OL000271,O100168,C1433,2026-06-10 00:00:00,North,Store,Electronics,Power Bank,5,2276.71,1824.3,21.9,Y,Paid,Delivered,4,8366.63,11383.55,2492.99745,8890.55255,523.92255,1824.3,-1300.37745,-248.2003208,Medium Discount,2026-06-01 00:00:00
OL000272,O100169,C1206,2026-01-22 00:00:00,South,Marketplace,Electronics,Power Bank,3,6246.16,4355.3,29.2,Y,Pending,Delivered,0,0,18738.48,5471.63616,13266.84384,13266.84384,13065.9,200.94384,1.514631833,High Discount,2026-01-01 00:00:00
OL000273,O100170,C1118,2026-01-14 00:00:00,North,Store,Home,Lamp,4,1985.01,1154.98,16.6,N,Paid,Delivered,3,5318.78,7940.04,1318.04664,6621.99336,1303.21336,1154.98,148.23336,11.37445061,Medium Discount,2026-01-01 00:00:00
OL000274,O100171,C1383,2026-03-09 00:00:00,South,Online,Personal Care,Trimmer,3,14179.82,7207.46,16.1,N,Paid,Cancelled,1,12299.32,42539.46,6848.85306,35690.60694,23391.28694,14414.92,8976.36694,38.37483146,Medium Discount,2026-03-01 00:00:00
OL000275,O100171,C1383,2026-03-09 00:00:00,South,Online,Fashion,Shoes,3,3944.16,2112.25,13.4,N,Paid,Delivered,0,0,11832.48,1585.55232,10246.92768,10246.92768,6336.75,3910.17768,38.1595128,Medium Discount,2026-03-01 00:00:00
OL000276,O100171,C1383,2026-03-09 00:00:00,South,Online,Electronics,Power Bank,5,12070.72,9451.59,14.4,N,Paid,Delivered,0,0,60353.6,8690.9184,51662.6816,51662.6816,47257.95,4404.7316,8.525944577,Medium Discount,2026-03-01 00:00:00
OL000277,O100172,C1472,2026-02-16 00:00:00,West,Store,Home,Lamp,2,7769.23,4454.21,13.9,N,Paid,Cancelled,0,0,15538.46,2159.84594,13378.61406,13378.61406,8908.42,4470.19406,33.41298314,Medium Discount,2026-02-01 00:00:00
OL000278,O100173,C1027,2026-05-11 00:00:00,South,Store,Personal Care,Trimmer,4,10917.56,6582.07,0.1,N,Paid,Delivered,0,0,43670.24,43.67024,43626.56976,43626.56976,26328.28,17298.28976,39.65081338,Low Discount,2026-05-01 00:00:00
OL000279,O100174,C1275,2026-05-14 00:00:00,South,Online,Fashion,Jacket,4,13107.71,8028.52,20.2,Y,Paid,Cancelled,0,0,52430.84,10591.02968,41839.81032,41839.81032,32114.08,9725.73032,23.24515873,Medium Discount,2026-05-01 00:00:00
OL000280,O100175,C1131,2026-06-26 00:00:00,South,Marketplace,Personal Care,Shampoo,3,11515.58,5775.66,14.1,N,Paid,Delivered,0,0,34546.74,4871.09034,29675.64966,29675.64966,17326.98,12348.66966,41.61212914,Medium Discount,2026-06-01 00:00:00
OL000281,O100176,C1316,2026-06-13 00:00:00,West,Marketplace,Home,Storage Box,4,14824.92,9601.35,29.8,Y,Paid,Delivered,0,0,59299.68,17671.30464,41628.37536,41628.37536,38405.4,3222.97536,7.74225593,High Discount,2026-06-01 00:00:00
OL000282,O100176,C1316,2026-06-13 00:00:00,West,Marketplace,Electronics,Earbuds,3,4939.57,3710.02,34.6,Y,Paid,Delivered,0,0,14818.71,5127.27366,9691.43634,9691.43634,11130.06,-1438.62366,-14.84427705,High Discount,2026-06-01 00:00:00
OL000283,O100176,C1316,2026-06-13 00:00:00,West,Marketplace,Electronics,Earbuds,1,4949.22,3969.97,37.1,Y,Failed,Delivered,0,0,4949.22,1836.16062,3113.05938,3113.05938,3969.97,-856.91062,-27.52631786,High Discount,2026-06-01 00:00:00
OL000284,O100177,C1014,2026-06-01 00:00:00,South,Online,Personal Care,Shampoo,5,8702,5024.39,2.3,N,Failed,Delivered,0,0,43510,1000.73,42509.27,42509.27,25121.95,17387.32,40.90241964,Low Discount,2026-06-01 00:00:00
OL000285,O100178,C1055,2026-05-20 00:00:00,South,Marketplace,Fashion,Jacket,4,9860.99,4842.45,27.6,Y,Pending,Cancelled,0,0,39443.96,10886.53296,28557.42704,28557.42704,19369.8,9187.62704,32.17246087,High Discount,2026-05-01 00:00:00
OL000286,O100178,C1055,2026-05-20 00:00:00,South,Marketplace,Fashion,Shoes,4,14559.26,8865.23,31,Y,Failed,Delivered,0,0,58237.04,18053.4824,40183.5576,40183.5576,35460.92,4722.6376,11.75266174,High Discount,2026-05-01 00:00:00
OL000287,O100179,C1113,2026-04-18 00:00:00,South,Store,Electronics,Earbuds,3,10570.98,7291.73,7.2,N,Paid,Delivered,0,0,31712.94,2283.33168,29429.60832,29429.60832,21875.19,7554.41832,25.66944907,Low Discount,2026-04-01 00:00:00
OL000288,O100179,C1113,2026-04-18 00:00:00,South,Store,Personal Care,Face Wash,4,9881.9,6609.45,11,N,Failed,Delivered,0,0,39527.6,4348.036,35179.564,35179.564,26437.8,8741.764,24.84898335,Medium Discount,2026-04-01 00:00:00
OL000289,O100180,C1420,2026-05-16 00:00:00,North,Store,Personal Care,Trimmer,1,3159.73,1817.73,0,N,Paid,Delivered,1,3125.88,3159.73,0,3159.73,33.85,0,33.85,100,Low Discount,2026-05-01 00:00:00
OL000291,O100181,C1290,2026-04-11 00:00:00,East,Store,Home,Bedsheet,5,9836.65,6931.33,7.6,N,Paid,Delivered,3,28087.99,49183.25,3737.927,45445.323,17357.333,13862.66,3494.673,20.13369796,Low Discount,2026-04-01 00:00:00
OL000292,O100181,C1290,2026-04-11 00:00:00,East,Store,Personal Care,Trimmer,3,789.41,413.66,21.8,Y,Paid,Delivered,0,0,2368.23,516.27414,1851.95586,1851.95586,1240.98,610.97586,32.99084353,Medium Discount,2026-04-01 00:00:00
OL000294,O100182,C1029,2026-05-18 00:00:00,North,Marketplace,Fashion,T-Shirt,2,1712.63,896.57,22.7,Y,Paid,Cancelled,0,0,3425.26,777.53402,2647.72598,2647.72598,1793.14,854.58598,32.27622445,Medium Discount,2026-05-01 00:00:00
OL000295,O100183,C1275,2026-05-07 00:00:00,West,Store,Home,Storage Box,3,552.49,345.06,11,N,Pending,Delivered,0,0,1657.47,182.3217,1475.1483,1475.1483,1035.18,439.9683,29.82536061,Medium Discount,2026-05-01 00:00:00
OL000296,O100183,C1275,2026-05-07 00:00:00,West,Store,Home,Bedsheet,1,4899.07,3085.04,15.3,N,Paid,Delivered,1,4625.29,4899.07,749.55771,4149.51229,-475.77771,0,-475.77771,100,Medium Discount,2026-05-01 00:00:00
OL000297,O100184,C1338,2026-06-15 00:00:00,South,Marketplace,Personal Care,Shampoo,4,12086.72,6555.81,11.5,N,Paid,Delivered,0,0,48346.88,5559.8912,42786.9888,42786.9888,26223.24,16563.7488,38.71211615,Medium Discount,2026-06-01 00:00:00
OL000298,O100184,C1338,2026-06-15 00:00:00,South,Marketplace,Home,Lamp,3,14184.96,8178.33,36.6,Y,Paid,Delivered,0,0,42554.88,15575.08608,26979.79392,26979.79392,24534.99,2444.80392,9.061610801,High Discount,2026-06-01 00:00:00
OL000299,O100185,C1128,2026-01-27 00:00:00,South,Online,Fashion,Jacket,5,11475.28,5411.17,18.7,N,Paid,Cancelled,0,0,57376.4,10729.3868,46647.0132,46647.0132,27055.85,19591.1632,41.99875159,Medium Discount,2026-01-01 00:00:00
OL000300,O100185,C1128,2026-01-27 00:00:00,South,Online,Electronics,Keyboard,2,4076.84,3011.43,28.1,Y,Paid,Cancelled,0,0,8153.68,2291.18408,5862.49592,5862.49592,6022.86,-160.36408,-2.735423311,High Discount,2026-01-01 00:00:00
OL000301,O100186,C1049,2026-05-26 00:00:00,West,Marketplace,Personal Care,Perfume,3,2967.07,1908.36,37.3,Y,Pending,Delivered,2,5112.89,8901.21,3320.15133,5581.05867,468.16867,1908.36,-1440.19133,-307.6223212,High Discount,2026-05-01 00:00:00
OL000302,O100186,C1049,2026-05-26 00:00:00,West,Marketplace,Personal Care,Shampoo,1,11639.61,5868.05,9.9,N,Paid,Delivered,0,0,11639.61,1152.32139,10487.28861,10487.28861,5868.05,4619.23861,44.04607122,Low Discount,2026-05-01 00:00:00
OL000303,O100187,C1357,2026-06-07 00:00:00,North,Online,Personal Care,Trimmer,4,12097.37,7900.46,13.8,N,Paid,Delivered,0,0,48389.48,6677.74824,41711.73176,41711.73176,31601.84,10109.89176,24.23752583,Medium Discount,2026-06-01 00:00:00
OL000304,O100188,C1461,2026-04-18 00:00:00,West,Online,Home,Storage Box,3,3048.1,1741.03,18.7,N,Paid,Delivered,0,0,9144.3,1709.9841,7434.3159,7434.3159,5223.09,2211.2259,29.74350202,Medium Discount,2026-04-01 00:00:00
OL000305,O100188,C1461,2026-04-18 00:00:00,West,Online,Electronics,Keyboard,1,13397.65,9170.54,19.3,N,Paid,Delivered,0,0,13397.65,2585.74645,10811.90355,10811.90355,9170.54,1641.36355,15.18107836,Medium Discount,2026-04-01 00:00:00
OL000306,O100189,C1499,2026-02-04 00:00:00,South,Store,Home,Bedsheet,1,5055.41,3464.04,3.7,N,Paid,Cancelled,1,4575.43,5055.41,187.05017,4868.35983,292.92983,0,292.92983,100,Low Discount,2026-02-01 00:00:00
OL000307,O100190,C1216,2026-04-18 00:00:00,West,Online,Fashion,Jeans,2,8250.12,4814.7,17.6,N,Paid,Delivered,0,0,16500.24,2904.04224,13596.19776,13596.19776,9629.4,3966.79776,29.17578745,Medium Discount,2026-04-01 00:00:00
OL000308,O100190,C1216,2026-04-18 00:00:00,West,Online,Home,Lamp,3,4184.66,2598.13,25.9,Y,Paid,Cancelled,0,0,12553.98,3251.48082,9302.49918,9302.49918,7794.39,1508.10918,16.21187114,High Discount,2026-04-01 00:00:00
OL000309,O100190,C1216,2026-04-18 00:00:00,West,Online,Home,Storage Box,2,13780.54,7742.23,12,N,Failed,Delivered,0,0,27561.08,3307.3296,24253.7504,24253.7504,15484.46,8769.2904,36.15643047,Medium Discount,2026-04-01 00:00:00
OL000310,O100191,C1327,2026-05-06 00:00:00,West,Online,Fashion,Jacket,3,10838.08,6151.93,10.9,N,Failed,Delivered,0,0,32514.24,3544.05216,28970.18784,28970.18784,18455.79,10514.39784,36.29385456,Medium Discount,2026-05-01 00:00:00
OL000311,O100191,C1327,2026-05-06 00:00:00,West,Online,Fashion,Jeans,2,8322.98,4229.3,7.3,N,Failed,Cancelled,0,0,16645.96,1215.15508,15430.80492,15430.80492,8458.6,6972.20492,45.18367613,Low Discount,2026-05-01 00:00:00
OL000312,O100192,C1148,2026-04-04 00:00:00,North,Store,Personal Care,Face Wash,3,11583.93,6990.21,13,N,Pending,Delivered,0,0,34751.79,4517.7327,30234.0573,30234.0573,20970.63,9263.4273,30.63904791,Medium Discount,2026-04-01 00:00:00
OL000313,O100193,C1006,2026-02-18 00:00:00,South,Store,Home,Lamp,1,2515.69,1729.42,0,N,Paid,Delivered,0,0,2515.69,0,2515.69,2515.69,1729.42,786.27,31.25464584,Low Discount,2026-02-01 00:00:00
OL000314,O100193,C1006,2026-02-18 00:00:00,South,Store,Fashion,Jeans,1,7953.81,4468.47,14.7,N,Pending,Cancelled,0,0,7953.81,1169.21007,6784.59993,6784.59993,4468.47,2316.12993,34.13804725,Medium Discount,2026-02-01 00:00:00
OL000316,O100194,C1021,2026-05-20 00:00:00,South,Store,Home,Mixer,5,10627.13,7136.39,9.9,N,Pending,Delivered,0,0,53135.65,5260.42935,47875.22065,47875.22065,35681.95,12193.27065,25.46885525,Low Discount,2026-05-01 00:00:00
OL000317,O100195,C1036,2026-04-20 00:00:00,North,Marketplace,Electronics,Earbuds,4,2256.92,1794.59,28.6,Y,Failed,Cancelled,2,4162.06,9027.68,2581.91648,6445.76352,2283.70352,3589.18,-1305.47648,-57.16488452,High Discount,2026-04-01 00:00:00
OL000318,O100196,C1393,2026-04-22 00:00:00,South,Online,Fashion,T-Shirt,2,7840,5012.39,25.7,Y,Pending,Cancelled,0,0,15680,4029.76,11650.24,11650.24,10024.78,1625.46,13.95215893,High Discount,2026-04-01 00:00:00
OL000319,O100196,C1393,2026-04-22 00:00:00,South,Online,Fashion,Jeans,1,1715.19,1057.81,11.9,N,Paid,Delivered,0,0,1715.19,204.10761,1511.08239,1511.08239,1057.81,453.27239,29.99653712,Medium Discount,2026-04-01 00:00:00
OL000322,O100198,C1320,2026-04-07 00:00:00,East,Online,Personal Care,Perfume,4,12838.38,8670.79,17.8,N,Paid,Delivered,4,-47471.27,51353.52,9140.92656,42212.59344,89683.86344,0,89683.86344,100,Medium Discount,2026-04-01 00:00:00
OL000325,O100200,C1291,2026-05-17 00:00:00,West,Store,Home,Mixer,1,8215.5,5757.86,3.6,N,Paid,Delivered,0,0,8215.5,295.758,7919.742,7919.742,5757.86,2161.882,27.29737913,Low Discount,2026-05-01 00:00:00
OL000326,O100201,C1254,2026-02-25 00:00:00,South,Store,Fashion,Jacket,5,2846.38,1364.74,6.5,N,Paid,Delivered,0,0,14231.9,925.0735,13306.8265,13306.8265,6823.7,6483.1265,48.72030533,Low Discount,2026-02-01 00:00:00
OL000327,O100202,C1303,2026-05-21 00:00:00,West,Online,Home,Mixer,5,8897.79,6395.5,11.5,N,Failed,Delivered,0,0,44488.95,5116.22925,39372.72075,39372.72075,31977.5,7395.22075,18.78260026,Medium Discount,2026-05-01 00:00:00
OL000328,O100202,C1303,2026-05-21 00:00:00,West,Online,Home,Bedsheet,1,9893.01,7119.21,23.8,Y,Paid,Delivered,0,0,9893.01,2354.53638,7538.47362,7538.47362,7119.21,419.26362,5.561651352,Medium Discount,2026-05-01 00:00:00
OL000329,O100202,C1303,2026-05-21 00:00:00,West,Online,Home,Bedsheet,3,5581.57,3335.91,25.8,Y,Failed,Cancelled,0,0,16744.71,4320.13518,12424.57482,12424.57482,10007.73,2416.84482,19.45213301,High Discount,2026-05-01 00:00:00
OL000330,O100203,C1193,2026-02-11 00:00:00,East,Store,Home,Bedsheet,3,12017.82,7404.92,8,N,Failed,Delivered,0,0,36053.46,2884.2768,33169.1832,33169.1832,22214.76,10954.4232,33.02590581,Low Discount,2026-02-01 00:00:00
OL000331,O100204,C1342,2026-05-02 00:00:00,East,Store,Electronics,Power Bank,3,9552.68,7312.34,11,N,Failed,Delivered,0,0,28658.04,3152.3844,25505.6556,25505.6556,21937.02,3568.6356,13.99154625,Medium Discount,2026-05-01 00:00:00
OL000332,O100204,C1342,2026-05-02 00:00:00,East,Store,Fashion,Shoes,1,12556.6,5928.28,1,N,Paid,Cancelled,0,0,12556.6,125.566,12431.034,12431.034,5928.28,6502.754,52.31064447,Low Discount,2026-05-01 00:00:00
OL000333,O100205,C1047,2026-01-15 00:00:00,North,Marketplace,Fashion,Jeans,2,12840.08,5982.76,11.5,N,Pending,Delivered,0,0,25680.16,2953.2184,22726.9416,22726.9416,11965.52,10761.4216,47.35094492,Medium Discount,2026-01-01 00:00:00
OL000334,O100205,C1047,2026-01-15 00:00:00,North,Marketplace,Home,Bedsheet,5,6613.67,4678.03,20.2,Y,Pending,Cancelled,0,0,33068.35,6679.8067,26388.5433,26388.5433,23390.15,2998.3933,11.36248131,Medium Discount,2026-01-01 00:00:00
OL000335,O100205,C1047,2026-01-15 00:00:00,North,Marketplace,Electronics,Keyboard,4,9341.66,6559.91,23.6,Y,Paid,Delivered,0,0,37366.64,8818.52704,28548.11296,28548.11296,26239.64,2308.47296,8.086254119,Medium Discount,2026-01-01 00:00:00
OL000336,O100206,C1105,2026-04-19 00:00:00,West,Marketplace,Electronics,Keyboard,3,3167.97,2239.64,25.2,Y,Failed,Delivered,0,0,9503.91,2394.98532,7108.92468,7108.92468,6718.92,390.00468,5.486127615,High Discount,2026-04-01 00:00:00
OL000337,O100207,C1518,2026-04-12 00:00:00,North,Online,Fashion,Shoes,1,1161.28,556.11,15,N,Pending,Delivered,1,1100.24,1161.28,174.192,987.088,-113.152,0,-113.152,100,Medium Discount,2026-04-01 00:00:00
OL000338,O100208,C1435,2026-03-07 00:00:00,South,Store,Electronics,Smartwatch,2,323.93,227.08,0,N,Failed,Delivered,0,0,647.86,0,647.86,647.86,454.16,193.7,29.89843485,Low Discount,2026-03-01 00:00:00
OL000339,O100209,C1135,2026-03-28 00:00:00,North,Online,Fashion,Jacket,2,11460.9,6001.92,24.7,Y,Paid,Delivered,0,0,22921.8,5661.6846,17260.1154,17260.1154,12003.84,5256.2754,30.45330392,Medium Discount,2026-03-01 00:00:00
OL000340,O100209,C1135,2026-03-28 00:00:00,North,Online,Fashion,Jacket,5,14020.64,8830.97,14.3,N,Paid,Cancelled,0,0,70103.2,10024.7576,60078.4424,60078.4424,44154.85,15923.5924,26.50466917,Medium Discount,2026-03-01 00:00:00
OL000341,O100209,C1135,2026-03-28 00:00:00,North,Online,Fashion,Shoes,5,13433.17,6469.39,31,Y,Pending,Delivered,0,0,67165.85,20821.4135,46344.4365,46344.4365,32346.95,13997.4865,30.20316473,High Discount,2026-03-01 00:00:00
OL000342,O100210,C1240,2026-02-13 00:00:00,East,Store,Personal Care,Face Wash,2,6755.25,4292.82,6.9,N,Failed,Delivered,0,0,13510.5,932.2245,12578.2755,12578.2755,8585.64,3992.6355,31.74231237,Low Discount,2026-02-01 00:00:00
OL000343,O100210,C1240,2026-02-13 00:00:00,East,Store,Fashion,Jacket,5,14460.97,9347.61,0,N,Paid,Delivered,4,51661.62,72304.85,0,72304.85,20643.23,9347.61,11295.62,54.7182781,Low Discount,2026-02-01 00:00:00
OL000344,O100210,C1240,2026-02-13 00:00:00,East,Store,Home,Bedsheet,2,2220.73,1586.46,26.4,Y,Paid,Cancelled,0,0,4441.46,1172.54544,3268.91456,3268.91456,3172.92,95.99456,2.936588223,High Discount,2026-02-01 00:00:00
OL000345,O100211,C1434,2026-02-21 00:00:00,South,Marketplace,Fashion,T-Shirt,2,3254.28,1930.66,36.9,Y,Paid,Delivered,0,0,6508.56,2401.65864,4106.90136,4106.90136,3861.32,245.58136,5.979723847,High Discount,2026-02-01 00:00:00
OL000346,O100211,C1434,2026-02-21 00:00:00,South,Marketplace,Electronics,Keyboard,1,3987.63,2799.8,23.1,Y,Pending,Cancelled,0,0,3987.63,921.14253,3066.48747,3066.48747,2799.8,266.68747,8.696838732,Medium Discount,2026-02-01 00:00:00
OL000347,O100211,C1434,2026-02-21 00:00:00,South,Marketplace,Fashion,T-Shirt,1,3525.09,2235.62,17.5,N,Pending,Delivered,0,0,3525.09,616.89075,2908.19925,2908.19925,2235.62,672.57925,23.12700033,Medium Discount,2026-02-01 00:00:00
OL000348,O100212,C1004,2026-05-24 00:00:00,East,Online,Home,Mixer,1,10789.45,7386.55,10.2,N,Paid,Cancelled,0,0,10789.45,1100.5239,9688.9261,9688.9261,7386.55,2302.3761,23.76296481,Medium Discount,2026-05-01 00:00:00
OL000350,O100213,C1331,2026-03-16 00:00:00,West,Online,Personal Care,Perfume,2,9608.62,5054.27,32.2,Y,Failed,Delivered,2,16435.26,19217.24,6187.95128,13029.28872,-3405.97128,0,-3405.97128,100,High Discount,2026-03-01 00:00:00
OL000351,O100214,C1274,2026-04-22 00:00:00,East,Online,Electronics,Earbuds,5,12030,8839.17,8.9,N,Paid,Delivered,0,0,60150,5353.35,54796.65,54796.65,44195.85,10600.8,19.34570818,Low Discount,2026-04-01 00:00:00
OL000352,O100215,C1109,2026-06-05 00:00:00,West,Online,Home,Bedsheet,2,11336.95,7213.69,15.7,N,Pending,Delivered,0,0,22673.9,3559.8023,19114.0977,19114.0977,14427.38,4686.7177,24.51969103,Medium Discount,2026-06-01 00:00:00
OL000353,O100216,C1239,2026-01-25 00:00:00,South,Store,Electronics,Smartwatch,4,13761.01,10298.13,10.1,N,Paid,Delivered,0,0,55044.04,5559.44804,49484.59196,49484.59196,41192.52,8292.07196,16.7568765,Medium Discount,2026-01-01 00:00:00
OL000355,O100216,C1239,2026-01-25 00:00:00,South,Store,Electronics,Power Bank,4,1656.66,1341,3.4,N,Paid,Delivered,0,0,6626.64,225.30576,6401.33424,6401.33424,5364,1037.33424,16.20496917,Low Discount,2026-01-01 00:00:00
OL000356,O100217,C1495,2026-05-21 00:00:00,East,Online,Personal Care,Perfume,4,14135.12,8581.99,10.2,N,Pending,Delivered,3,41502.81,56540.48,5767.12896,50773.35104,9270.54104,8581.99,688.55104,7.427301568,Medium Discount,2026-05-01 00:00:00
OL000357,O100217,C1495,2026-05-21 00:00:00,East,Online,Home,Bedsheet,1,8682.77,5900.87,16.6,N,Paid,Delivered,0,0,8682.77,1441.33982,7241.43018,7241.43018,5900.87,1340.56018,18.51236768,Medium Discount,2026-05-01 00:00:00
OL000358,O100218,C1210,2026-01-09 00:00:00,South,Marketplace,Electronics,Keyboard,1,8223.22,5829.85,35,Y,Failed,Delivered,0,0,8223.22,2878.127,5345.093,5345.093,5829.85,-484.757,-9.069196738,High Discount,2026-01-01 00:00:00
OL000359,O100219,C1401,2026-04-23 00:00:00,East,Marketplace,Home,Mixer,4,2637.56,1518.03,34.2,Y,Pending,Cancelled,0,0,10550.24,3608.18208,6942.05792,6942.05792,6072.12,869.93792,12.53141259,High Discount,2026-04-01 00:00:00
OL000360,O100219,C1401,2026-04-23 00:00:00,East,Marketplace,Fashion,T-Shirt,4,9145.27,5200.24,16,N,Paid,Delivered,0,0,36581.08,5852.9728,30728.1072,30728.1072,20800.96,9927.1472,32.30640643,Medium Discount,2026-04-01 00:00:00
OL000361,O100220,C1267,2026-06-13 00:00:00,South,Store,Home,Mixer,4,7087.95,5053.92,16,N,Pending,Delivered,1,6894.7,28351.8,4536.288,23815.512,16920.812,15161.76,1759.052,10.39578952,Medium Discount,2026-06-01 00:00:00
OL000362,O100221,C1003,2026-06-17 00:00:00,South,Store,Home,Lamp,5,3432.71,2083.97,0.9,N,Failed,Delivered,0,0,17163.55,154.47195,17009.07805,17009.07805,10419.85,6589.22805,38.739478,Low Discount,2026-06-01 00:00:00
OL000364,O100222,C1047,2026-03-13 00:00:00,East,Store,Fashion,T-Shirt,3,9215.97,4534.05,16,N,Failed,Delivered,0,0,27647.91,4423.6656,23224.2444,23224.2444,13602.15,9622.0944,41.43124846,Medium Discount,2026-03-01 00:00:00
OL000365,O100222,C1047,2026-03-13 00:00:00,East,Store,Home,Lamp,1,8948.02,5208.49,17.6,N,Paid,Cancelled,0,0,8948.02,1574.85152,7373.16848,7373.16848,5208.49,2164.67848,29.35886364,Medium Discount,2026-03-01 00:00:00
OL000366,O100223,C1301,2026-06-25 00:00:00,East,Marketplace,Personal Care,Face Wash,5,7968.45,4881.68,16.6,N,Paid,Delivered,0,0,39842.25,6613.8135,33228.4365,33228.4365,24408.4,8820.0365,26.54363981,Medium Discount,2026-06-01 00:00:00
OL000367,O100224,C1194,2026-06-06 00:00:00,South,Online,Personal Care,Shampoo,5,7346.93,3819.03,16.9,N,Paid,Delivered,0,0,36734.65,6208.15585,30526.49415,30526.49415,19095.15,11431.34415,37.4472879,Medium Discount,2026-06-01 00:00:00
OL000368,O100225,C1232,2026-04-07 00:00:00,West,Online,Home,Lamp,4,1059.11,730.04,10.3,N,Paid,Cancelled,0,0,4236.44,436.35332,3800.08668,3800.08668,2920.16,879.92668,23.15543708,Medium Discount,2026-04-01 00:00:00
OL000369,O100225,C1232,2026-04-07 00:00:00,West,Online,Electronics,Keyboard,4,8326.13,5903.6,8.1,N,Paid,Cancelled,0,0,33304.52,2697.66612,30606.85388,30606.85388,23614.4,6992.45388,22.84603935,Low Discount,2026-04-01 00:00:00
OL000370,O100226,C1055,2026-04-27 00:00:00,West,Marketplace,Home,Mixer,1,2635.78,1524.42,9.4,N,Paid,Cancelled,0,0,2635.78,247.76332,2388.01668,2388.01668,1524.42,863.59668,36.16376247,Low Discount,2026-04-01 00:00:00
OL000371,O100226,C1055,2026-04-27 00:00:00,West,Marketplace,Personal Care,Perfume,1,10143.2,6331.59,26.5,Y,Paid,Delivered,0,0,10143.2,2687.948,7455.252,7455.252,6331.59,1123.662,15.07208609,High Discount,2026-04-01 00:00:00
OL000372,O100226,C1055,2026-04-27 00:00:00,West,Marketplace,Personal Care,Shampoo,3,2491.45,1270.42,29,Y,Paid,Delivered,0,0,7474.35,2167.5615,5306.7885,5306.7885,3811.26,1495.5285,28.18142272,High Discount,2026-04-01 00:00:00
OL000373,O100227,C1118,2026-02-07 00:00:00,East,Online,Home,Storage Box,5,11765.84,6498.99,27.9,Y,Paid,Delivered,3,33510.15,58829.2,16413.3468,42415.8532,8905.7032,12997.98,-4092.2768,-45.95119227,High Discount,2026-02-01 00:00:00
OL000374,O100228,C1051,2026-01-10 00:00:00,South,Marketplace,Fashion,T-Shirt,3,8557.75,4373.88,33.5,Y,Paid,Delivered,0,0,25673.25,8600.53875,17072.71125,17072.71125,13121.64,3951.07125,23.14261158,High Discount,2026-01-01 00:00:00
OL000375,O100229,C1459,2026-03-09 00:00:00,West,Store,Electronics,Power Bank,3,14383.51,11537.63,4.6,N,Pending,Delivered,0,0,43150.53,1984.92438,41165.60562,41165.60562,34612.89,6552.71562,15.9179381,Low Discount,2026-03-01 00:00:00
OL000376,O100229,C1459,2026-03-09 00:00:00,West,Store,Electronics,Keyboard,1,8791.77,6466.38,0.1,N,Paid,Delivered,0,0,8791.77,8.79177,8782.97823,8782.97823,6466.38,2316.59823,26.37599877,Low Discount,2026-03-01 00:00:00
OL000377,O100229,C1459,2026-03-09 00:00:00,West,Store,Home,Lamp,2,2479.09,1475.95,0,N,Paid,Delivered,0,0,4958.18,0,4958.18,4958.18,2951.9,2006.28,40.46404124,Low Discount,2026-03-01 00:00:00
OL000378,O100230,C1454,2026-04-25 00:00:00,North,Marketplace,Electronics,Keyboard,1,9558.72,6871.23,22.5,Y,Paid,Delivered,0,0,9558.72,2150.712,7408.008,7408.008,6871.23,536.778,7.245915501,Medium Discount,2026-04-01 00:00:00
OL000379,O100230,C1454,2026-04-25 00:00:00,North,Marketplace,Fashion,Jacket,2,13028.35,7780.44,28.6,Y,Pending,Delivered,0,0,26056.7,7452.2162,18604.4838,18604.4838,15560.88,3043.6038,16.35951759,High Discount,2026-04-01 00:00:00
OL000380,O100231,C1239,2026-05-09 00:00:00,North,Online,Electronics,Earbuds,2,6949.46,5413.58,20.4,Y,Failed,Delivered,0,0,13898.92,2835.37968,11063.54032,11063.54032,10827.16,236.38032,2.136570331,Medium Discount,2026-05-01 00:00:00
OL000381,O100231,C1239,2026-05-09 00:00:00,North,Online,Personal Care,Trimmer,2,490.38,318.62,15.6,N,Paid,Cancelled,0,0,980.76,152.99856,827.76144,827.76144,637.24,190.52144,23.01646716,Medium Discount,2026-05-01 00:00:00
OL000382,O100232,C1501,2026-01-28 00:00:00,South,Store,Fashion,Jacket,1,664.25,392.5,14.9,N,Pending,Cancelled,0,0,664.25,98.97325,565.27675,565.27675,392.5,172.77675,30.56498432,Medium Discount,2026-01-01 00:00:00
OL000383,O100233,C1071,2026-04-24 00:00:00,West,Marketplace,Home,Lamp,4,11981.36,7105.85,27.6,Y,Pending,Delivered,4,84430.54,47925.44,13227.42144,34698.01856,-49732.52144,0,-49732.52144,100,High Discount,2026-04-01 00:00:00
OL000384,O100234,C1118,2026-04-05 00:00:00,West,Online,Fashion,Shoes,3,7294.1,4254.2,9.8,N,Pending,Cancelled,0,0,21882.3,2144.4654,19737.8346,19737.8346,12762.6,6975.2346,35.33941155,Low Discount,2026-04-01 00:00:00
OL000385,O100235,C1168,2026-05-17 00:00:00,West,Store,Home,Bedsheet,2,5567.84,3948.86,0,N,Paid,Cancelled,0,0,11135.68,0,11135.68,11135.68,7897.72,3237.96,29.07734418,Low Discount,2026-05-01 00:00:00
OL000386,O100236,C1240,2026-02-17 00:00:00,South,Marketplace,Personal Care,Face Wash,2,11140.28,6108.27,13.4,N,Paid,Delivered,0,0,22280.56,2985.59504,19294.96496,19294.96496,12216.54,7078.42496,36.68534757,Medium Discount,2026-02-01 00:00:00
OL000387,O100236,C1240,2026-02-17 00:00:00,South,Marketplace,Home,Bedsheet,4,8520.25,5385.82,31.1,Y,Failed,Delivered,0,0,34081,10599.191,23481.809,23481.809,21543.28,1938.529,8.255449995,High Discount,2026-02-01 00:00:00
OL000388,O100237,C1515,2026-05-09 00:00:00,North,Store,Electronics,Earbuds,1,5936.3,4781.43,5.9,N,Failed,Delivered,0,0,5936.3,350.2417,5586.0583,5586.0583,4781.43,804.6283,14.4042231,Low Discount,2026-05-01 00:00:00
OL000389,O100238,C1043,2026-01-30 00:00:00,East,Online,Personal Care,Shampoo,5,14296.38,7441.16,19.6,N,Failed,Delivered,0,0,71481.9,14010.4524,57471.4476,57471.4476,37205.8,20265.6476,35.2621144,Medium Discount,2026-01-01 00:00:00
OL000390,O100238,C1043,2026-01-30 00:00:00,East,Online,Fashion,T-Shirt,3,5251.79,2905.55,17.8,N,Paid,Delivered,3,15128.52,15755.37,2804.45586,12950.91414,-2177.60586,0,-2177.60586,100,Medium Discount,2026-01-01 00:00:00
OL000391,O100239,C1192,2026-04-03 00:00:00,North,Marketplace,Home,Storage Box,4,3463,2380.21,23.5,Y,Failed,Delivered,0,0,13852,3255.22,10596.78,10596.78,9520.84,1075.94,10.15346171,Medium Discount,2026-04-01 00:00:00
OL000392,O100239,C1192,2026-04-03 00:00:00,North,Marketplace,Home,Bedsheet,2,10840.47,7615.66,11.2,N,Paid,Delivered,0,0,21680.94,2428.26528,19252.67472,19252.67472,15231.32,4021.35472,20.88725218,Medium Discount,2026-04-01 00:00:00
OL000394,O100240,C1107,2026-04-10 00:00:00,South,Marketplace,Electronics,Power Bank,3,10411.38,8449.55,26.3,Y,Pending,Delivered,0,0,31234.14,8214.57882,23019.56118,23019.56118,25348.65,-2329.08882,-10.11786802,High Discount,2026-04-01 00:00:00
OL000395,O100241,C1142,2026-06-30 00:00:00,West,Marketplace,Home,Bedsheet,4,12985.74,8892.76,25.3,Y,Paid,Delivered,0,0,51942.96,13141.56888,38801.39112,38801.39112,35571.04,3230.35112,8.325348723,High Discount,2026-06-01 00:00:00
OL000396,O100242,C1169,2026-05-11 00:00:00,South,Store,Personal Care,Perfume,4,6188.27,3867.29,14.8,N,Paid,Delivered,0,0,24753.08,3663.45584,21089.62416,21089.62416,15469.16,5620.46416,26.65037612,Medium Discount,2026-05-01 00:00:00
OL000397,O100243,C1166,2026-06-06 00:00:00,North,Online,Electronics,Smartwatch,1,1490.19,1075.32,17.3,N,Paid,Delivered,0,0,1490.19,257.80287,1232.38713,1232.38713,1075.32,157.06713,12.74495053,Medium Discount,2026-06-01 00:00:00
OL000398,O100243,C1166,2026-06-06 00:00:00,North,Online,Personal Care,Perfume,3,7775.9,3890.93,32.7,Y,Pending,Delivered,2,13875.1,23327.7,7628.1579,15699.5421,1824.4421,3890.93,-2066.4879,-113.2668392,High Discount,2026-06-01 00:00:00
OL000399,O100244,C1097,2026-05-03 00:00:00,North,Marketplace,Home,Bedsheet,2,6173.64,3880.27,23.2,Y,Paid,Delivered,2,12137.91,12347.28,2864.56896,9482.71104,-2655.19896,0,-2655.19896,100,Medium Discount,2026-05-01 00:00:00
OL000400,O100245,C1183,2026-02-24 00:00:00,West,Marketplace,Personal Care,Shampoo,2,7700.02,5022.28,0,N,Paid,Delivered,0,0,15400.04,0,15400.04,15400.04,10044.56,5355.48,34.77575383,Low Discount,2026-02-01 00:00:00
OL000401,O100245,C1183,2026-02-24 00:00:00,West,Marketplace,Electronics,Power Bank,5,13108.63,10050.91,25.1,Y,Pending,Delivered,5,57192.21,65543.15,16451.33065,49091.81935,-8100.39065,0,-8100.39065,100,High Discount,2026-02-01 00:00:00
OL000402,O100245,C1183,2026-02-24 00:00:00,West,Marketplace,Electronics,Earbuds,2,7432.44,5166.71,37.5,Y,Paid,Delivered,1,6960.74,14864.88,5574.33,9290.55,2329.81,5166.71,-2836.9,-121.7652942,High Discount,2026-02-01 00:00:00
OL000403,O100246,C1146,2026-05-22 00:00:00,North,Store,Home,Storage Box,3,1148.71,799.57,16,N,Pending,Delivered,0,0,3446.13,551.3808,2894.7492,2894.7492,2398.71,496.0392,17.13582648,Medium Discount,2026-05-01 00:00:00
OL000404,O100246,C1146,2026-05-22 00:00:00,North,Store,Electronics,Earbuds,3,8094.24,6597.8,0,N,Paid,Delivered,3,-24061.23,24282.72,0,24282.72,48343.95,0,48343.95,100,Low Discount,2026-05-01 00:00:00
OL000405,O100246,C1146,2026-05-22 00:00:00,North,Store,Fashion,Jeans,5,4627.88,2317.21,15.4,N,Pending,Cancelled,3,12501,23139.4,3563.4676,19575.9324,7074.9324,4634.42,2440.5124,34.49520451,Medium Discount,2026-05-01 00:00:00
OL000406,O100247,C1123,2026-05-09 00:00:00,West,Marketplace,Fashion,Jeans,5,3535.59,1666,9.2,N,Paid,Delivered,0,0,17677.95,1626.3714,16051.5786,16051.5786,8330,7721.5786,48.10479263,Low Discount,2026-05-01 00:00:00
OL000407,O100247,C1123,2026-05-09 00:00:00,West,Marketplace,Personal Care,Shampoo,3,1706.33,985.4,15.3,N,Failed,Delivered,0,0,5118.99,783.20547,4335.78453,4335.78453,2956.2,1379.58453,31.81856756,Medium Discount,2026-05-01 00:00:00
OL000408,O100248,C1422,2026-06-21 00:00:00,West,Store,Personal Care,Trimmer,2,1532.53,911.53,16.8,N,Paid,Delivered,0,0,3065.06,514.93008,2550.12992,2550.12992,1823.06,727.06992,28.51109327,Medium Discount,2026-06-01 00:00:00
OL000409,O100249,C1030,2026-05-20 00:00:00,West,Store,Electronics,Smartwatch,5,4823.97,3392.16,2.6,N,Paid,Delivered,2,9435.74,24119.85,627.1161,23492.7339,14056.9939,10176.48,3880.5139,27.60557433,Low Discount,2026-05-01 00:00:00
OL000410,O100249,C1030,2026-05-20 00:00:00,West,Store,Electronics,Earbuds,4,10317.16,8243.39,4.5,N,Paid,Delivered,0,0,41268.64,1857.0888,39411.5512,39411.5512,32973.56,6437.9912,16.33529005,Low Discount,2026-05-01 00:00:00
OL000411,O100249,C1030,2026-05-20 00:00:00,West,Store,Personal Care,Face Wash,4,2850.85,1912.2,5.1,N,Paid,Delivered,0,0,11403.4,581.5734,10821.8266,10821.8266,7648.8,3173.0266,29.3206195,Low Discount,2026-05-01 00:00:00
OL000412,O100250,C1361,2026-06-23 00:00:00,North,Store,Home,Storage Box,1,3198.53,1818.32,0,N,Pending,Delivered,0,0,3198.53,0,3198.53,3198.53,1818.32,1380.21,43.15138517,Low Discount,2026-06-01 00:00:00
OL000413,O100250,C1361,2026-06-23 00:00:00,North,Store,Electronics,Smartwatch,5,7734.58,5624.19,3.4,N,Paid,Cancelled,0,0,38672.9,1314.8786,37358.0214,37358.0214,28120.95,9237.0714,24.72580467,Low Discount,2026-06-01 00:00:00
OL000414,O100251,C1471,2026-05-25 00:00:00,East,Marketplace,Electronics,Power Bank,3,9133.47,6849.8,31.6,Y,Paid,Delivered,0,0,27400.41,8658.52956,18741.88044,18741.88044,20549.4,-1807.51956,-9.64428071,High Discount,2026-05-01 00:00:00
OL000416,O100252,C1254,2026-03-13 00:00:00,South,Online,Fashion,T-Shirt,3,7025.94,4048.96,12.9,N,Paid,Cancelled,2,12346.5,21077.82,2719.03878,18358.78122,6012.28122,4048.96,1963.32122,32.65517943,Medium Discount,2026-03-01 00:00:00
OL000417,O100253,C1447,2026-04-12 00:00:00,South,Online,Home,Lamp,1,9104.65,5786.8,9.3,N,Paid,Delivered,0,0,9104.65,846.73245,8257.91755,8257.91755,5786.8,2471.11755,29.92422163,Low Discount,2026-04-01 00:00:00
OL000419,O100255,C1190,2026-05-28 00:00:00,South,Online,Personal Care,Shampoo,2,10501.21,5549.44,3.4,N,Paid,Delivered,0,0,21002.42,714.08228,20288.33772,20288.33772,11098.88,9189.45772,45.29428604,Low Discount,2026-05-01 00:00:00
OL000420,O100255,C1190,2026-05-28 00:00:00,South,Online,Electronics,Earbuds,4,9911.8,6936.24,10.3,N,Paid,Delivered,2,18722.19,39647.2,4083.6616,35563.5384,16841.3484,13872.48,2968.8684,17.62844833,Medium Discount,2026-05-01 00:00:00
OL000421,O100256,C1228,2026-06-13 00:00:00,South,Marketplace,Home,Lamp,5,10835.37,7247.73,15.1,N,Failed,Delivered,0,0,54176.85,8180.70435,45996.14565,45996.14565,36238.65,9757.49565,21.21372457,Medium Discount,2026-06-01 00:00:00
OL000422,O100256,,2026-06-13 00:00:00,South,Marketplace,Fashion,Shoes,4,5965.12,3099.82,13.4,N,Failed,Delivered,3,15542.17,23860.48,3197.30432,20663.17568,5121.00568,3099.82,2021.18568,39.46853033,Medium Discount,2026-06-01 00:00:00
OL000423,O100256,C1228,2026-06-13 00:00:00,South,Marketplace,Fashion,Shoes,5,11045.68,7134.36,36.1,Y,Paid,Delivered,0,0,55228.4,19937.4524,35290.9476,35290.9476,35671.8,-380.8524,-1.07917873,High Discount,2026-06-01 00:00:00
OL000424,O100257,C1234,2026-06-27 00:00:00,West,Marketplace,Fashion,Jacket,3,9285.43,4582.33,29.8,Y,Paid,Delivered,0,0,27856.29,8301.17442,19555.11558,19555.11558,13746.99,5808.12558,29.70131041,High Discount,2026-06-01 00:00:00
OL000425,O100258,C1326,2026-01-10 00:00:00,West,Marketplace,Electronics,Smartwatch,4,9296.41,7311.03,19.2,N,Paid,Cancelled,4,33208.79,37185.64,7139.64288,30045.99712,-3162.79288,0,-3162.79288,100,Medium Discount,2026-01-01 00:00:00
OL000426,O100258,C1326,2026-01-10 00:00:00,West,Marketplace,Personal Care,Perfume,2,7925.8,4808.92,34.2,Y,Pending,Delivered,0,0,15851.6,5421.2472,10430.3528,10430.3528,9617.84,812.5128,7.789887989,High Discount,2026-01-01 00:00:00
OL000427,O100258,C1326,2026-01-10 00:00:00,West,Marketplace,Home,Lamp,4,13618.54,9731.22,35.6,Y,Failed,Delivered,0,0,54474.16,19392.80096,35081.35904,35081.35904,38924.88,-3843.52096,-10.9560207,High Discount,2026-01-01 00:00:00
OL000428,O100259,C1026,2026-06-25 00:00:00,East,Marketplace,Electronics,Smartwatch,3,3848.12,2622.46,14.3,N,Pending,Delivered,0,0,11544.36,1650.84348,9893.51652,9893.51652,7867.38,2026.13652,20.47943738,Medium Discount,2026-06-01 00:00:00
OL000429,O100259,C1026,2026-06-25 00:00:00,East,Marketplace,Home,Lamp,5,4987.43,3220.16,30.6,Y,Pending,Cancelled,2,9256.29,24937.15,7630.7679,17306.3821,8050.0921,9660.48,-1610.3879,-20.00458976,High Discount,2026-06-01 00:00:00
OL000430,O100259,C1026,2026-06-25 00:00:00,East,Marketplace,Personal Care,Face Wash,5,12100.04,7063.2,13.6,N,Failed,Delivered,0,0,60500.2,8228.0272,52272.1728,52272.1728,35316,16956.1728,32.43823987,Medium Discount,2026-06-01 00:00:00
OL000431,O100260,C1003,2026-04-17 00:00:00,West,Marketplace,Electronics,Keyboard,5,11475.22,9188.59,11,N,Pending,Delivered,0,0,57376.1,6311.371,51064.729,51064.729,45942.95,5121.779,10.02997392,Medium Discount,2026-04-01 00:00:00
OL000432,O100260,C1003,2026-04-17 00:00:00,West,Marketplace,Electronics,Earbuds,1,5925.33,4683.03,20.1,Y,Failed,Delivered,0,0,5925.33,1190.99133,4734.33867,4734.33867,4683.03,51.30867,1.083755802,Medium Discount,2026-04-01 00:00:00
OL000433,O100260,C1003,2026-04-17 00:00:00,West,Marketplace,Electronics,Power Bank,4,8912.34,6270.21,16.4,N,Failed,Delivered,0,0,35649.36,5846.49504,29802.86496,29802.86496,25080.84,4722.02496,15.84419809,Medium Discount,2026-04-01 00:00:00
OL000434,O100261,C1515,2026-05-22 00:00:00,East,Store,Personal Care,Perfume,2,3026.87,1912.48,5.7,N,Paid,Delivered,0,0,6053.74,345.06318,5708.67682,5708.67682,3824.96,1883.71682,32.9974332,Low Discount,2026-05-01 00:00:00
OL000435,O100261,C1515,2026-05-22 00:00:00,East,Store,Electronics,Smartwatch,3,12473.62,9186.46,16.8,N,Failed,Delivered,1,10746.61,37420.86,6286.70448,31134.15552,20387.54552,18372.92,2014.62552,9.881648176,Medium Discount,2026-05-01 00:00:00
OL000437,O100262,C1304,2026-03-25 00:00:00,East,Online,Home,Bedsheet,2,3017.62,1733.05,35,Y,Paid,Delivered,0,0,6035.24,2112.334,3922.906,3922.906,3466.1,456.806,11.64458185,High Discount,2026-03-01 00:00:00
OL000438,O100263,C1302,2026-03-07 00:00:00,West,Marketplace,Home,Storage Box,3,4946.79,2843.41,24.5,Y,Paid,Delivered,2,8420.29,14840.37,3635.89065,11204.47935,2784.18935,2843.41,-59.22065,-2.127033853,Medium Discount,2026-03-01 00:00:00
OL000439,O100263,C1302,2026-03-07 00:00:00,West,Marketplace,Fashion,Jeans,5,11635.73,5781.32,33.7,Y,Paid,Delivered,0,0,58178.65,19606.20505,38572.44495,38572.44495,28906.6,9665.84495,25.0589377,High Discount,2026-03-01 00:00:00
OL000440,O100264,C1378,2026-02-22 00:00:00,West,Store,Personal Care,Perfume,2,12838.77,7346.19,13.8,N,Failed,Delivered,0,0,25677.54,3543.50052,22134.03948,22134.03948,14692.38,7441.65948,33.62088283,Medium Discount,2026-02-01 00:00:00
OL000441,O100264,C1378,2026-02-22 00:00:00,West,Store,Fashion,Shoes,1,1681.75,995.73,6.9,N,Paid,Delivered,0,0,1681.75,116.04075,1565.70925,1565.70925,995.73,569.97925,36.4039013,Low Discount,2026-02-01 00:00:00
OL000442,O100265,C1442,2026-03-10 00:00:00,North,Marketplace,Electronics,Keyboard,3,1354.95,1100.98,17,N,Paid,Delivered,0,0,4064.85,691.0245,3373.8255,3373.8255,3302.94,70.8855,2.101042274,Medium Discount,2026-03-01 00:00:00
OL000443,O100265,C1442,2026-03-10 00:00:00,North,Marketplace,Electronics,Power Bank,5,10008.25,7037.99,21,Y,Paid,Delivered,0,0,50041.25,10508.6625,39532.5875,39532.5875,35189.95,4342.6375,10.9849564,Medium Discount,2026-03-01 00:00:00
OL000445,O100267,C1515,2026-02-14 00:00:00,South,Store,Personal Care,Trimmer,2,14549.04,8312.18,2.8,N,Failed,Delivered,0,0,29098.08,814.74624,28283.33376,28283.33376,16624.36,11658.97376,41.22206335,Low Discount,2026-02-01 00:00:00
OL000446,O100268,C1154,2026-06-30 00:00:00,East,Online,Personal Care,Perfume,1,11867.14,7094.51,0.7,N,Failed,Delivered,1,11502.72,11867.14,83.06998,11784.07002,281.35002,0,281.35002,100,Low Discount,2026-06-01 00:00:00
OL000447,O100268,C1154,2026-06-30 00:00:00,East,Online,Fashion,Jeans,5,3374.31,2062.2,7.6,N,Paid,Delivered,0,0,16871.55,1282.2378,15589.3122,15589.3122,10311,5278.3122,33.85853162,Low Discount,2026-06-01 00:00:00
OL000448,O100269,C1383,2026-04-27 00:00:00,West,Online,Fashion,Jeans,4,2517.52,1357.4,7.7,N,Failed,Cancelled,0,0,10070.08,775.39616,9294.68384,9294.68384,5429.6,3865.08384,41.58381185,Low Discount,2026-04-01 00:00:00
OL000449,O100270,C1069,2026-03-16 00:00:00,West,Online,Fashion,T-Shirt,4,11901.78,5573.58,17.3,N,Paid,Delivered,4,42540.66,47607.12,8236.03176,39371.08824,-3169.57176,0,-3169.57176,100,Medium Discount,2026-03-01 00:00:00
OL000450,O100271,C1328,2026-01-26 00:00:00,North,Marketplace,Fashion,Shoes,2,1862.13,1094.11,13.3,N,Paid,Delivered,0,0,3724.26,495.32658,3228.93342,3228.93342,2188.22,1040.71342,32.23087269,Medium Discount,2026-01-01 00:00:00
OL000451,O100272,C1296,2026-01-22 00:00:00,South,Marketplace,Personal Care,Shampoo,3,4734.23,2437.07,27.4,Y,Pending,Delivered,0,0,14202.69,3891.53706,10311.15294,10311.15294,7311.21,2999.94294,29.09415618,High Discount,2026-01-01 00:00:00
OL000452,O100272,C1296,2026-01-22 00:00:00,South,Marketplace,Electronics,Keyboard,5,9356.54,7336.47,23,Y,Failed,Delivered,3,27232.96,46782.7,10760.021,36022.679,8789.719,14672.94,-5883.221,-66.93298159,Medium Discount,2026-01-01 00:00:00
OL000453,O100273,C1338,2026-06-10 00:00:00,South,Marketplace,Home,Lamp,5,9852.65,6794.87,23.7,Y,Failed,Delivered,0,0,49263.25,11675.39025,37587.85975,37587.85975,33974.35,3613.50975,9.613502269,Medium Discount,2026-06-01 00:00:00
OL000455,O100273,C1338,2026-06-10 00:00:00,South,Marketplace,Fashion,Jacket,2,13158.98,7981.72,34.7,Y,Failed,Cancelled,0,0,26317.96,9132.33212,17185.62788,17185.62788,15963.44,1222.18788,7.11168593,High Discount,2026-06-01 00:00:00
OL000456,O100274,C1341,2026-06-27 00:00:00,West,Marketplace,Fashion,Jacket,5,14383.4,8337.55,22.3,Y,Paid,Delivered,0,0,71917,16037.491,55879.509,55879.509,41687.75,14191.759,25.39707176,Medium Discount,2026-06-01 00:00:00
OL000457,O100274,C1341,2026-06-27 00:00:00,West,Marketplace,Fashion,T-Shirt,1,5929.55,3577.75,15,N,Failed,Delivered,1,5493.68,5929.55,889.4325,5040.1175,-453.5625,0,-453.5625,100,Medium Discount,2026-06-01 00:00:00
OL000458,O100274,C1341,2026-06-27 00:00:00,West,Marketplace,Personal Care,Shampoo,2,13704.1,8283.16,27,Y,Failed,Delivered,0,0,27408.2,7400.214,20007.986,20007.986,16566.32,3441.666,17.20146146,High Discount,2026-06-01 00:00:00
OL000459,O100275,C1029,2026-06-10 00:00:00,West,Online,Electronics,Power Bank,5,2093.96,1666.63,11.1,N,Paid,Cancelled,5,15177.46,10469.8,1162.1478,9307.6522,-5869.8078,0,-5869.8078,100,Medium Discount,2026-06-01 00:00:00
OL000460,O100276,C1436,2026-06-22 00:00:00,East,Store,Electronics,Keyboard,5,4059.42,3027.54,18.4,N,Paid,Delivered,5,18138.38,20297.1,3734.6664,16562.4336,-1575.9464,0,-1575.9464,100,Medium Discount,2026-06-01 00:00:00
OL000461,O100276,C1436,2026-06-22 00:00:00,East,Store,Electronics,Smartwatch,2,9617.06,6890.71,6.6,N,Pending,Delivered,0,0,19234.12,1269.45192,17964.66808,17964.66808,13781.42,4183.24808,23.28597479,Low Discount,2026-06-01 00:00:00
OL000462,O100276,C1436,2026-06-22 00:00:00,East,Store,Home,Lamp,4,9860.28,5766.47,15,N,Paid,Delivered,0,0,39441.12,5916.168,33524.952,33524.952,23065.88,10459.072,31.19787315,Medium Discount,2026-06-01 00:00:00
OL000464,O100277,C1345,2026-04-15 00:00:00,East,Marketplace,Personal Care,Perfume,4,2975.89,1887.18,35.4,Y,Paid,Delivered,0,0,11903.56,4213.86024,7689.69976,7689.69976,7548.72,140.97976,1.833358446,High Discount,2026-04-01 00:00:00
OL000465,O100278,C1400,2026-05-22 00:00:00,West,Store,Electronics,Keyboard,4,7316.57,5117.31,1.9,N,Paid,Cancelled,1,7148.72,29266.28,556.05932,28710.22068,21561.50068,15351.93,6209.57068,28.79934366,Low Discount,2026-05-01 00:00:00
OL000466,O100279,C1083,2026-01-08 00:00:00,South,Online,Electronics,Keyboard,1,2761,2193.29,16.4,N,Paid,Cancelled,0,0,2761,452.804,2308.196,2308.196,2193.29,114.906,4.978173431,Medium Discount,2026-01-01 00:00:00
OL000468,O100280,C1502,2026-05-17 00:00:00,East,Store,Personal Care,Perfume,3,14378.6,9012.9,2.4,N,Paid,Cancelled,0,0,43135.8,1035.2592,42100.5408,42100.5408,27038.7,15061.8408,35.77588438,Low Discount,2026-05-01 00:00:00
OL000469,O100281,C1440,2026-03-02 00:00:00,East,Store,Home,Storage Box,2,11955.29,7204.65,2.9,N,Failed,Cancelled,1,10464.83,23910.58,693.40682,23217.17318,12752.34318,7204.65,5547.69318,43.50332407,Low Discount,2026-03-01 00:00:00
OL000470,O100281,C1440,2026-03-02 00:00:00,East,Store,Home,Bedsheet,2,13056.62,8244.81,2.1,N,Paid,Cancelled,0,0,26113.24,548.37804,25564.86196,25564.86196,16489.62,9075.24196,35.49888896,Low Discount,2026-03-01 00:00:00
OL000472,O100282,C1194,2026-06-16 00:00:00,North,Marketplace,Personal Care,Face Wash,1,9763.63,6016.21,2.8,N,Paid,Delivered,0,0,9763.63,273.38164,9490.24836,9490.24836,6016.21,3474.03836,36.60640089,Low Discount,2026-06-01 00:00:00
OL000473,O100283,C1154,2026-03-18 00:00:00,East,Online,Personal Care,Perfume,1,13907.69,8436.33,3,N,Paid,Delivered,1,12421.15,13907.69,417.2307,13490.4593,1069.3093,0,1069.3093,100,Low Discount,2026-03-01 00:00:00
OL000474,O100284,C1015,2026-06-05 00:00:00,North,Store,Fashion,Jacket,1,2401.77,1398.77,0.8,N,Paid,Delivered,1,2306.1,2401.77,19.21416,2382.55584,76.45584,0,76.45584,100,Low Discount,2026-06-01 00:00:00
OL000475,O100285,C1497,2026-01-31 00:00:00,North,Online,Fashion,Jeans,2,6751.73,4004.86,10.6,N,Paid,Delivered,2,12386.21,13503.46,1431.36676,12072.09324,-314.11676,0,-314.11676,100,Medium Discount,2026-01-01 00:00:00
OL000476,O100285,C1497,2026-01-31 00:00:00,North,Online,Electronics,Power Bank,5,483.49,334.03,0,N,Failed,Delivered,0,0,2417.45,0,2417.45,2417.45,1670.15,747.3,30.91273863,Low Discount,2026-01-01 00:00:00
OL000477,O100285,C1497,2026-01-31 00:00:00,North,Online,Electronics,Keyboard,4,2483.32,1900.65,10.2,N,Pending,Delivered,2,4340.91,9933.28,1013.19456,8920.08544,4579.17544,3801.3,777.87544,16.98723821,Medium Discount,2026-01-01 00:00:00
OL000478,O100286,C1387,2026-04-22 00:00:00,East,Online,Electronics,Power Bank,1,4502.96,3590.08,22.3,Y,Paid,Delivered,0,0,4502.96,1004.16008,3498.79992,3498.79992,3590.08,-91.28008,-2.608896824,Medium Discount,2026-04-01 00:00:00
OL000479,O100286,C1387,2026-04-22 00:00:00,East,Online,Electronics,Keyboard,2,10442.77,8051.76,7.4,N,Failed,Delivered,0,0,20885.54,1545.52996,19340.01004,19340.01004,16103.52,3236.49004,16.73468645,Low Discount,2026-04-01 00:00:00
OL000480,O100286,C1387,2026-04-22 00:00:00,East,Online,Home,Lamp,3,10549.41,7389.94,15,N,Paid,Delivered,0,0,31648.23,4747.2345,26900.9955,26900.9955,22169.82,4731.1755,17.58736215,Medium Discount,2026-04-01 00:00:00
OL000481,O100287,C1434,2026-01-28 00:00:00,South,Store,Home,Mixer,3,9255.84,5820.44,0,N,Paid,Delivered,3,25912.2,27767.52,0,27767.52,1855.32,0,1855.32,100,Low Discount,2026-01-01 00:00:00
OL000482,O100288,C1469,2026-01-14 00:00:00,East,Marketplace,Fashion,T-Shirt,4,9217.71,4594.72,27,Y,Paid,Cancelled,0,0,36870.84,9955.1268,26915.7132,26915.7132,18378.88,8536.8332,31.71691248,High Discount,2026-01-01 00:00:00
OL000483,O100289,C1068,2026-06-14 00:00:00,South,Online,Electronics,Keyboard,5,10987.65,7867.32,21.1,Y,Failed,Delivered,0,0,54938.25,11591.97075,43346.27925,43346.27925,39336.6,4009.67925,9.250342404,Medium Discount,2026-06-01 00:00:00
OL000484,O100289,C1068,2026-06-14 00:00:00,South,Online,Fashion,Jacket,1,14423.68,8416.99,16.4,N,Paid,Delivered,0,0,14423.68,2365.48352,12058.19648,12058.19648,8416.99,3641.20648,30.19694103,Medium Discount,2026-06-01 00:00:00
OL000485,O100290,C1169,2026-05-15 00:00:00,West,Store,Home,Storage Box,2,7900.81,4956.53,9.9,N,Paid,Cancelled,0,0,15801.62,1564.36038,14237.25962,14237.25962,9913.06,4324.19962,30.37241531,Low Discount,2026-05-01 00:00:00
OL000486,O100291,C1438,2026-04-28 00:00:00,West,Marketplace,Electronics,Power Bank,3,4857.13,3846.75,20.9,Y,Pending,Delivered,0,0,14571.39,3045.42051,11525.96949,11525.96949,11540.25,-14.28051,-0.123898558,Medium Discount,2026-04-01 00:00:00
OL000488,O100293,C1422,2026-01-18 00:00:00,North,Store,Home,Mixer,4,11946.83,8074.64,9,N,Failed,Delivered,0,0,47787.32,4300.8588,43486.4612,43486.4612,32298.56,11187.9012,25.72732039,Low Discount,2026-01-01 00:00:00
OL000490,O100295,C1416,2026-03-23 00:00:00,West,Online,Personal Care,Perfume,1,382.85,237.2,14.3,N,Failed,Cancelled,0,0,382.85,54.74755,328.10245,328.10245,237.2,90.90245,27.70550784,Medium Discount,2026-03-01 00:00:00
OL000492,O100296,C1507,2026-01-11 00:00:00,West,Store,Electronics,Smartwatch,1,13627.71,10459.37,8.7,N,Failed,Delivered,1,11588.59,13627.71,1185.61077,12442.09923,853.50923,0,853.50923,100,Low Discount,2026-01-01 00:00:00
OL000493,O100297,C1178,2026-03-09 00:00:00,East,Store,Fashion,Shoes,5,6108.05,2860.57,11.4,N,Pending,Delivered,0,0,30540.25,3481.5885,27058.6615,27058.6615,14302.85,12755.8115,47.14132478,Medium Discount,2026-03-01 00:00:00
OL000494,O100297,C1178,2026-03-09 00:00:00,East,Store,Electronics,Smartwatch,5,10567.02,8064.61,5.1,N,Paid,Delivered,2,18133.43,52835.1,2694.5901,50140.5099,32007.0799,24193.83,7813.2499,24.41100508,Low Discount,2026-03-01 00:00:00
OL000495,O100298,C1278,2026-03-21 00:00:00,West,Marketplace,Personal Care,Perfume,2,9030.43,5951.26,24.9,Y,Paid,Delivered,2,-34028,18060.86,4497.15414,13563.70586,47591.70586,0,47591.70586,100,Medium Discount,2026-03-01 00:00:00
OL000497,O100299,C1371,2026-05-18 00:00:00,East,Online,Home,Bedsheet,3,2136.08,1248.94,14.8,N,Paid,Cancelled,0,0,6408.24,948.41952,5459.82048,5459.82048,3746.82,1713.00048,31.37466674,Medium Discount,2026-05-01 00:00:00
OL000498,O100299,C1371,2026-05-18 00:00:00,East,Online,Home,Lamp,3,1891.75,1114.22,13.6,N,Paid,Cancelled,0,0,5675.25,771.834,4903.416,4903.416,3342.66,1560.756,31.82997323,Medium Discount,2026-05-01 00:00:00
OL000499,O100300,C1050,2026-06-27 00:00:00,South,Marketplace,Personal Care,Shampoo,2,578.58,355.49,25.5,Y,Paid,Cancelled,0,0,1157.16,295.0758,862.0842,862.0842,710.98,151.1042,17.52777745,High Discount,2026-06-01 00:00:00
OL000500,O100300,C1050,2026-06-27 00:00:00,South,Marketplace,Fashion,Jacket,5,11796.73,5733.29,27.8,Y,Paid,Delivered,0,0,58983.65,16397.4547,42586.1953,42586.1953,28666.45,13919.7453,32.6860505,High Discount,2026-06-01 00:00:00
OL000501,O100301,C1198,2026-03-16 00:00:00,West,Store,Fashion,T-Shirt,3,7006.25,4373.65,17.7,N,Paid,Delivered,0,0,21018.75,3720.31875,17298.43125,17298.43125,13120.95,4177.48125,24.14948032,Medium Discount,2026-03-01 00:00:00
OL000502,O100301,C1198,2026-03-16 00:00:00,West,Store,Personal Care,Perfume,2,3803.25,2467.9,0,N,Pending,Delivered,0,0,7606.5,0,7606.5,7606.5,4935.8,2670.7,35.11076053,Low Discount,2026-03-01 00:00:00
OL000503,O100302,C1216,2026-03-03 00:00:00,North,Online,Electronics,Power Bank,3,1177.52,873.15,39.1,Y,Paid,Delivered,1,1062.06,3532.56,1381.23096,2151.32904,1089.26904,1746.3,-657.03096,-60.31851966,High Discount,2026-03-01 00:00:00
OL000504,O100302,C1216,2026-03-03 00:00:00,North,Online,Home,Lamp,2,12586.89,8318.53,17,N,Pending,Delivered,2,22477.69,25173.78,4279.5426,20894.2374,-1583.4526,0,-1583.4526,100,Medium Discount,2026-03-01 00:00:00
OL000505,O100303,C1389,2026-05-21 00:00:00,North,Online,Home,Bedsheet,1,7216.99,4776.4,27.2,Y,Pending,Delivered,0,0,7216.99,1963.02128,5253.96872,5253.96872,4776.4,477.56872,9.089675738,High Discount,2026-05-01 00:00:00
OL000506,O100304,C1184,2026-02-20 00:00:00,East,Store,Electronics,Keyboard,1,11299.54,7705.17,4.8,N,Pending,Delivered,0,0,11299.54,542.37792,10757.16208,10757.16208,7705.17,3051.99208,28.37172162,Low Discount,2026-02-01 00:00:00
OL000507,O100305,C1252,2026-04-19 00:00:00,West,Marketplace,Electronics,Smartwatch,3,13567.67,10272.84,23.9,Y,Paid,Cancelled,2,24427.47,40703.01,9728.01939,30974.99061,6547.52061,10272.84,-3725.31939,-56.89664244,Medium Discount,2026-04-01 00:00:00
OL000508,O100305,C1252,2026-04-19 00:00:00,West,Marketplace,Personal Care,Face Wash,2,11669.8,7431.69,15.8,N,Pending,Delivered,0,0,23339.6,3687.6568,19651.9432,19651.9432,14863.38,4788.5632,24.36686872,Medium Discount,2026-04-01 00:00:00
OL000509,O100305,C1252,2026-04-19 00:00:00,West,Marketplace,Personal Care,Shampoo,2,9434.96,5108.31,20.7,Y,Paid,Delivered,0,0,18869.92,3906.07344,14963.84656,14963.84656,10216.62,4747.22656,31.72464073,Medium Discount,2026-04-01 00:00:00
OL000510,O100306,C1357,2026-01-10 00:00:00,North,Online,Fashion,Jacket,4,9340.96,4498.68,17.9,N,Failed,Delivered,0,0,37363.84,6688.12736,30675.71264,30675.71264,17994.72,12680.99264,41.33886892,Medium Discount,2026-01-01 00:00:00
OL000511,O100306,C1357,2026-01-10 00:00:00,North,Online,Personal Care,Shampoo,4,4349.05,2666.53,14.4,N,Paid,Delivered,0,0,17396.2,2505.0528,14891.1472,14891.1472,10666.12,4225.0272,28.37274485,Medium Discount,2026-01-01 00:00:00
OL000512,O100307,C1479,2026-01-13 00:00:00,East,Online,Electronics,Earbuds,5,2588.8,1927.99,17.5,N,Paid,Delivered,0,0,12944,2265.2,10678.8,10678.8,9639.95,1038.85,9.728152976,Medium Discount,2026-01-01 00:00:00
OL000513,O100308,C1308,2026-05-16 00:00:00,West,Store,Electronics,Earbuds,5,14644.42,11805.3,0,N,Failed,Delivered,0,0,73222.1,0,73222.1,73222.1,59026.5,14195.6,19.38704298,Low Discount,2026-05-01 00:00:00
OL000515,O100308,C1308,2026-05-16 00:00:00,West,Store,Electronics,Earbuds,1,2384.27,1708.64,0,N,Paid,Delivered,0,0,2384.27,0,2384.27,2384.27,1708.64,675.63,28.33697526,Low Discount,2026-05-01 00:00:00
OL000516,O100309,C1287,2026-04-25 00:00:00,West,Marketplace,Fashion,Jacket,1,6801.56,4273.09,8,N,Pending,Cancelled,1,5951.06,6801.56,544.1248,6257.4352,306.3752,0,306.3752,100,Low Discount,2026-04-01 00:00:00
OL000517,O100310,C1361,2026-01-02 00:00:00,West,Store,Personal Care,Trimmer,1,2130.8,1186.66,11.8,N,Paid,Delivered,0,0,2130.8,251.4344,1879.3656,1879.3656,1186.66,692.7056,36.85848033,Medium Discount,2026-01-01 00:00:00
OL000519,O100312,C1339,2026-03-18 00:00:00,East,Online,Electronics,Smartwatch,1,9406.64,6411.57,15.2,N,Failed,Delivered,0,0,9406.64,1429.80928,7976.83072,7976.83072,6411.57,1565.26072,19.62258916,Medium Discount,2026-03-01 00:00:00
OL000520,O100312,C1339,2026-03-18 00:00:00,East,Online,Fashion,Jeans,5,10973.67,6326.24,16.3,N,Failed,Delivered,0,0,54868.35,8943.54105,45924.80895,45924.80895,31631.2,14293.60895,31.12393775,Medium Discount,2026-03-01 00:00:00
OL000523,O100313,C1196,2026-01-26 00:00:00,North,Store,Home,Storage Box,3,12951.35,7420.75,23.6,Y,Paid,Delivered,0,0,38854.05,9169.5558,29684.4942,29684.4942,22262.25,7422.2442,25.0037752,Medium Discount,2026-01-01 00:00:00
OL000525,O100314,C1068,2026-06-27 00:00:00,West,Marketplace,Personal Care,Trimmer,2,13731.89,8567.69,37.6,Y,Paid,Delivered,0,0,27463.78,10326.38128,17137.39872,17137.39872,17135.38,2.01872,0.011779617,High Discount,2026-06-01 00:00:00
OL000526,O100315,C1023,2026-01-19 00:00:00,North,Store,Fashion,Jeans,3,13660.41,6996.96,13.6,N,Pending,Delivered,0,0,40981.23,5573.44728,35407.78272,35407.78272,20990.88,14416.90272,40.71676228,Medium Discount,2026-01-01 00:00:00
OL000527,O100315,C1023,2026-01-19 00:00:00,North,Store,Personal Care,Trimmer,3,4660.65,2428.45,22.2,Y,Paid,Delivered,0,0,13981.95,3103.9929,10877.9571,10877.9571,7285.35,3592.6071,33.02648711,Medium Discount,2026-01-01 00:00:00
OL000528,O100316,C1272,2026-04-30 00:00:00,East,Online,Personal Care,Face Wash,4,4038.42,2218.44,24.3,Y,Pending,Delivered,0,0,16153.68,3925.34424,12228.33576,12228.33576,8873.76,3354.57576,27.4328071,Medium Discount,2026-04-01 00:00:00
OL000529,O100317,C1369,2026-01-20 00:00:00,South,Online,Electronics,Keyboard,5,8259.63,6597.51,8,N,Paid,Delivered,0,0,41298.15,3303.852,37994.298,37994.298,32987.55,5006.748,13.17762997,Low Discount,2026-01-01 00:00:00
OL000531,O100318,C1387,2026-02-08 00:00:00,East,Online,Electronics,Smartwatch,5,6291.05,4673.01,13.5,N,Pending,Delivered,0,0,31455.25,4246.45875,27208.79125,27208.79125,23365.05,3843.74125,14.12683575,Medium Discount,2026-02-01 00:00:00
OL000532,O100319,C1507,2026-01-13 00:00:00,East,Online,Fashion,T-Shirt,3,4735.33,2541.21,26.8,Y,Pending,Cancelled,0,0,14205.99,3807.20532,10398.78468,10398.78468,7623.63,2775.15468,26.68729823,High Discount,2026-01-01 00:00:00
OL000534,O100321,C1357,2026-04-22 00:00:00,East,Marketplace,Electronics,Smartwatch,1,1882.81,1439,25.6,Y,Paid,Cancelled,0,0,1882.81,481.99936,1400.81064,1400.81064,1439,-38.18936,-2.726232862,High Discount,2026-04-01 00:00:00
OL000535,O100322,C1138,2026-06-15 00:00:00,South,Marketplace,Home,Bedsheet,4,4297.61,2701.78,14.9,N,Failed,Delivered,0,0,17190.44,2561.37556,14629.06444,14629.06444,10807.12,3821.94444,26.12569283,Medium Discount,2026-06-01 00:00:00
OL000536,O100322,C1138,2026-06-15 00:00:00,South,Marketplace,Home,Storage Box,1,3478.57,1945.79,8.6,N,Paid,Cancelled,0,0,3478.57,299.15702,3179.41298,3179.41298,1945.79,1233.62298,38.80033792,Low Discount,2026-06-01 00:00:00
OL000538,O100323,,2026-01-09 00:00:00,East,Store,Fashion,Jeans,5,12570.93,6710.83,6.6,N,Paid,Delivered,1,11798.95,62854.65,4148.4069,58706.2431,46907.2931,26843.32,20063.9731,42.773675,Low Discount,2026-01-01 00:00:00
OL000539,O100324,C1198,2026-02-04 00:00:00,North,Online,Personal Care,Trimmer,5,10780.93,5963.02,9.3,N,Paid,Delivered,0,0,53904.65,5013.13245,48891.51755,48891.51755,29815.1,19076.41755,39.01784707,Low Discount,2026-02-01 00:00:00
OL000540,O100324,C1198,2026-02-04 00:00:00,North,Online,Fashion,Shoes,3,10616.07,6633.93,17.9,N,Paid,Delivered,0,0,31848.21,5700.82959,26147.38041,26147.38041,19901.79,6245.59041,23.88610374,Medium Discount,2026-02-01 00:00:00
OL000542,O100325,C1147,2026-04-02 00:00:00,East,Store,Fashion,Jacket,1,2147.67,1376.73,20.4,Y,Paid,Delivered,0,0,2147.67,438.12468,1709.54532,1709.54532,1376.73,332.81532,19.46806067,Medium Discount,2026-04-01 00:00:00
OL000543,O100325,C1147,2026-04-02 00:00:00,East,Store,Personal Care,Trimmer,4,4199.47,2766.75,0,N,Paid,Delivered,0,0,16797.88,0,16797.88,16797.88,11067,5730.88,34.11668615,Low Discount,2026-04-01 00:00:00
OL000544,O100326,C1435,2026-06-19 00:00:00,East,Marketplace,Electronics,Smartwatch,2,5731.83,4685,14.6,N,Paid,Delivered,0,0,11463.66,1673.69436,9789.96564,9789.96564,9370,419.96564,4.289756016,Medium Discount,2026-06-01 00:00:00
OL000545,O100327,C1111,2026-01-01 00:00:00,North,Online,Electronics,Power Bank,4,3501.53,2776.75,16.9,N,Failed,Delivered,4,12330.23,14006.12,2367.03428,11639.08572,-691.14428,0,-691.14428,100,Medium Discount,2026-01-01 00:00:00
OL000546,O100327,C1111,2026-01-01 00:00:00,North,Online,Electronics,Keyboard,2,6383.15,4815.15,23.7,Y,Paid,Delivered,0,0,12766.3,3025.6131,9740.6869,9740.6869,9630.3,110.3869,1.133255808,Medium Discount,2026-01-01 00:00:00
OL000547,O100328,,2026-01-20 00:00:00,North,Online,Electronics,Power Bank,2,13378.17,10002.5,14.5,N,Paid,Cancelled,2,25742.83,26756.34,3879.6693,22876.6707,-2866.1593,0,-2866.1593,100,Medium Discount,2026-01-01 00:00:00
OL000549,O100330,C1436,2026-03-30 00:00:00,North,Store,Home,Lamp,5,6867.11,4462.11,5.8,N,Failed,Delivered,0,0,34335.55,1991.4619,32344.0881,32344.0881,22310.55,10033.5381,31.0212428,Low Discount,2026-03-01 00:00:00
OL000550,O100330,C1436,2026-03-30 00:00:00,North,Store,Fashion,T-Shirt,2,8134.69,5250.82,0,N,Failed,Delivered,0,0,16269.38,0,16269.38,16269.38,10501.64,5767.74,35.45150461,Low Discount,2026-03-01 00:00:00
OL000552,O100331,C1322,2026-04-03 00:00:00,West,Store,Personal Care,Trimmer,2,5345,3369.65,13.9,N,Paid,Cancelled,1,5302.77,10690,1485.91,9204.09,3901.32,3369.65,531.67,13.62795157,Medium Discount,2026-04-01 00:00:00
OL000553,O100332,C1114,2026-03-24 00:00:00,West,Online,Personal Care,Perfume,2,9044.67,4564.95,37.3,Y,Failed,Delivered,1,8115.73,18089.34,6747.32382,11342.01618,3226.28618,4564.95,-1338.66382,-41.49240784,High Discount,2026-03-01 00:00:00
OL000554,O100333,C1266,2026-01-27 00:00:00,West,Store,Home,Bedsheet,2,1820.74,1261.12,4.6,N,Paid,Delivered,1,1580.64,3641.48,167.50808,3473.97192,1893.33192,1261.12,632.21192,33.39149957,Low Discount,2026-01-01 00:00:00
OL000555,O100333,C1266,2026-01-27 00:00:00,West,Store,Home,Lamp,2,2917.98,2099.72,7.8,N,Paid,Delivered,2,5363.45,5835.96,455.20488,5380.75512,17.30512,0,17.30512,100,Low Discount,2026-01-01 00:00:00
OL000556,O100333,C1266,2026-01-27 00:00:00,West,Store,Electronics,Power Bank,1,13282.85,9574.46,12,N,Failed,Delivered,0,0,13282.85,1593.942,11688.908,11688.908,9574.46,2114.448,18.08935445,Medium Discount,2026-01-01 00:00:00
OL000557,O100334,C1362,2026-03-07 00:00:00,South,Online,Personal Care,Trimmer,5,5915.46,3178.91,17.7,N,Failed,Delivered,0,0,29577.3,5235.1821,24342.1179,24342.1179,15894.55,8447.5679,34.70350417,Medium Discount,2026-03-01 00:00:00
OL000558,O100335,C1047,2026-04-03 00:00:00,East,Store,Personal Care,Perfume,4,5117.41,2835.44,2.6,N,Paid,Delivered,0,0,20469.64,532.21064,19937.42936,19937.42936,11341.76,8595.66936,43.11322791,Low Discount,2026-04-01 00:00:00
OL000559,O100336,C1196,2026-01-30 00:00:00,West,Online,Personal Care,Face Wash,5,3350.8,2158.3,8.9,N,Paid,Cancelled,0,0,16754,1491.106,15262.894,15262.894,10791.5,4471.394,29.29584652,Low Discount,2026-01-01 00:00:00
OL000560,O100336,C1196,2026-01-30 00:00:00,West,Online,Electronics,Earbuds,5,1592.07,1225.3,32.4,Y,Paid,Cancelled,0,0,7960.35,2579.1534,5381.1966,5381.1966,6126.5,-745.3034,-13.85014255,High Discount,2026-01-01 00:00:00
OL000561,O100337,C1349,2026-06-17 00:00:00,North,Marketplace,Personal Care,Shampoo,2,8364.48,5176.13,26,Y,Paid,Delivered,0,0,16728.96,4349.5296,12379.4304,12379.4304,10352.26,2027.1704,16.37531239,High Discount,2026-06-01 00:00:00
OL000562,O100337,C1349,2026-06-17 00:00:00,North,Marketplace,Home,Mixer,2,4673.77,3256.51,34.6,Y,Failed,Cancelled,0,0,9347.54,3234.24884,6113.29116,6113.29116,6513.02,-399.72884,-6.538684802,High Discount,2026-06-01 00:00:00
OL000563,O100337,C1349,2026-06-17 00:00:00,North,Marketplace,Home,Bedsheet,3,2871,2037.99,12.9,N,Failed,Cancelled,0,0,8613,1111.077,7501.923,7501.923,6113.97,1387.953,18.50129627,Medium Discount,2026-06-01 00:00:00
OL000564,O100338,C1478,2026-05-08 00:00:00,South,Online,Personal Care,Perfume,5,4480.95,2519.86,11.5,N,Pending,Cancelled,0,0,22404.75,2576.54625,19828.20375,19828.20375,12599.3,7228.90375,36.45768341,Medium Discount,2026-05-01 00:00:00
OL000565,O100338,C1478,2026-05-08 00:00:00,South,Online,Home,Mixer,1,12539.45,8518.33,21.2,Y,Paid,Cancelled,0,0,12539.45,2658.3634,9881.0866,9881.0866,8518.33,1362.7566,13.7915662,Medium Discount,2026-05-01 00:00:00
OL000566,O100339,C1428,2026-04-19 00:00:00,North,Marketplace,Personal Care,Face Wash,1,10511.57,6373.79,16.6,N,Paid,Delivered,0,0,10511.57,1744.92062,8766.64938,8766.64938,6373.79,2392.85938,27.29502774,Medium Discount,2026-04-01 00:00:00
OL000567,O100339,C1428,2026-04-19 00:00:00,North,Marketplace,Home,Storage Box,1,7084.49,4287.83,23.8,Y,Paid,Delivered,0,0,7084.49,1686.10862,5398.38138,5398.38138,4287.83,1110.55138,20.57193262,Medium Discount,2026-04-01 00:00:00
OL000569,O100341,C1259,2026-06-14 00:00:00,West,Marketplace,Electronics,Earbuds,1,14444.6,11003.44,17.1,N,Paid,Delivered,0,0,14444.6,2470.0266,11974.5734,11974.5734,11003.44,971.1334,8.109962397,Medium Discount,2026-06-01 00:00:00
OL000570,O100342,C1326,2026-03-27 00:00:00,South,Online,Personal Care,Shampoo,4,949.45,480.71,34.9,Y,Failed,Delivered,0,0,3797.8,1325.4322,2472.3678,2472.3678,1922.84,549.5278,22.22678195,High Discount,2026-03-01 00:00:00
OL000571,O100342,C1326,2026-03-27 00:00:00,South,Online,Home,Bedsheet,5,1709.36,958.51,17.4,N,Paid,Cancelled,0,0,8546.8,1487.1432,7059.6568,7059.6568,4792.55,2267.1068,32.11355544,Medium Discount,2026-03-01 00:00:00
OL000572,O100343,C1109,2026-02-17 00:00:00,North,Online,Electronics,Keyboard,4,5462.8,4080.81,10.9,N,Failed,Delivered,1,5176.44,21851.2,2381.7808,19469.4192,14292.9792,12242.43,2050.5492,14.34654855,Medium Discount,2026-02-01 00:00:00
OL000573,O100343,C1109,2026-02-17 00:00:00,North,Online,Fashion,Jacket,2,2305.06,1306.97,27.9,Y,Paid,Cancelled,2,4433.6,4610.12,1286.22348,3323.89652,-1109.70348,0,-1109.70348,100,High Discount,2026-02-01 00:00:00
OL000574,O100344,C1189,2026-04-10 00:00:00,North,Marketplace,Fashion,Jeans,4,11980.94,5755.56,30.7,Y,Paid,Delivered,0,0,47923.76,14712.59432,33211.16568,33211.16568,23022.24,10188.92568,30.67921728,High Discount,2026-04-01 00:00:00
OL000575,O100345,C1194,2026-05-09 00:00:00,South,Online,Electronics,Smartwatch,2,9138.73,6276.86,12.9,N,Failed,Delivered,0,0,18277.46,2357.79234,15919.66766,15919.66766,12553.72,3365.94766,21.14332869,Medium Discount,2026-05-01 00:00:00
OL000576,O100345,C1194,2026-05-09 00:00:00,South,Online,Home,Bedsheet,1,13305.49,8551.82,11.1,N,Failed,Delivered,0,0,13305.49,1476.90939,11828.58061,11828.58061,8551.82,3276.76061,27.70206095,Medium Discount,2026-05-01 00:00:00
OL000577,O100345,C1194,2026-05-09 00:00:00,South,Online,Electronics,Smartwatch,1,10437.57,7806.52,27.6,Y,Paid,Delivered,0,0,10437.57,2880.76932,7556.80068,7556.80068,7806.52,-249.71932,-3.304564069,High Discount,2026-05-01 00:00:00
OL000578,O100346,C1375,2026-01-07 00:00:00,East,Store,Electronics,Earbuds,3,4698.82,3642.01,10.1,N,Paid,Delivered,0,0,14096.46,1423.74246,12672.71754,12672.71754,10926.03,1746.68754,13.7830543,Medium Discount,2026-01-01 00:00:00
OL000580,O100347,C1105,2026-03-31 00:00:00,South,Marketplace,Electronics,Power Bank,4,1986.11,1466.43,18.4,N,Paid,Delivered,0,0,7944.44,1461.77696,6482.66304,6482.66304,5865.72,616.94304,9.516814867,Medium Discount,2026-03-01 00:00:00
OL000582,O100347,C1105,2026-03-31 00:00:00,South,Marketplace,Personal Care,Face Wash,1,4354.68,2513.41,34.9,Y,Paid,Cancelled,0,0,4354.68,1519.78332,2834.89668,2834.89668,2513.41,321.48668,11.34033146,High Discount,2026-03-01 00:00:00
OL000583,O100348,C1290,2026-01-14 00:00:00,West,Store,Personal Care,Face Wash,2,12776.44,7168.71,14.5,N,Paid,Delivered,0,0,25552.88,3705.1676,21847.7124,21847.7124,14337.42,7510.2924,34.37564658,Medium Discount,2026-01-01 00:00:00
OL000584,O100349,C1276,2026-05-18 00:00:00,South,Online,Home,Mixer,5,8410.78,5133.14,6.3,N,Failed,Delivered,0,0,42053.9,2649.3957,39404.5043,39404.5043,25665.7,13738.8043,34.8660757,Low Discount,2026-05-01 00:00:00
OL000585,O100350,C1274,2026-02-08 00:00:00,South,Store,Home,Mixer,2,7058.32,4428.94,17.2,N,Pending,Delivered,0,0,14116.64,2428.06208,11688.57792,11688.57792,8857.88,2830.69792,24.2176417,Medium Discount,2026-02-01 00:00:00
OL000586,O100351,C1303,2026-06-26 00:00:00,South,Store,Fashion,Jacket,5,3497.29,1726.95,0,N,Failed,Delivered,0,0,17486.45,0,17486.45,17486.45,8634.75,8851.7,50.62033746,Low Discount,2026-06-01 00:00:00
OL000587,O100351,C1303,2026-06-26 00:00:00,South,Store,Electronics,Keyboard,5,8439.72,6065.28,7.2,N,Failed,Delivered,0,0,42198.6,3038.2992,39160.3008,39160.3008,30326.4,8833.9008,22.5583068,Low Discount,2026-06-01 00:00:00
OL000588,O100352,C1230,2026-03-05 00:00:00,South,Online,Fashion,Shoes,1,6787.32,3924.5,10,N,Pending,Delivered,0,0,6787.32,678.732,6108.588,6108.588,3924.5,2184.088,35.75438383,Low Discount,2026-03-01 00:00:00
OL000589,O100352,C1230,2026-03-05 00:00:00,South,Online,Electronics,Earbuds,3,3499.82,2523.1,11.7,N,Paid,Delivered,0,0,10499.46,1228.43682,9271.02318,9271.02318,7569.3,1701.72318,18.35528989,Medium Discount,2026-03-01 00:00:00
OL000590,O100352,C1230,2026-03-05 00:00:00,South,Online,Personal Care,Trimmer,3,260.43,176.87,26.1,Y,Failed,Delivered,0,0,781.29,203.91669,577.37331,577.37331,530.61,46.76331,8.099319659,High Discount,2026-03-01 00:00:00
OL000591,O100353,C1096,2026-01-14 00:00:00,West,Marketplace,Home,Storage Box,3,6641.92,4599.73,20.8,Y,Paid,Cancelled,0,0,19925.76,4144.55808,15781.20192,15781.20192,13799.19,1982.01192,12.55932172,Medium Discount,2026-01-01 00:00:00
OL000592,O100354,C1029,2026-04-13 00:00:00,North,Marketplace,Fashion,T-Shirt,2,2318.03,1272.34,40.2,Y,Failed,Cancelled,0,0,4636.06,1863.69612,2772.36388,2772.36388,2544.68,227.68388,8.212626115,High Discount,2026-04-01 00:00:00
OL000593,O100355,C1134,2026-05-05 00:00:00,West,Store,Personal Care,Shampoo,2,7482.23,4168.23,1.4,N,Pending,Cancelled,0,0,14964.46,209.50244,14754.95756,14754.95756,8336.46,6418.49756,43.50061689,Low Discount,2026-05-01 00:00:00
OL000594,O100355,C1134,2026-05-05 00:00:00,West,Store,Electronics,Earbuds,5,14931.21,12094.97,6,N,Pending,Delivered,0,0,74656.05,4479.363,70176.687,70176.687,60474.85,9701.837,13.82487178,Low Discount,2026-05-01 00:00:00
OL000595,O100355,C1134,2026-05-05 00:00:00,West,Store,Electronics,Earbuds,1,2233.68,1709.83,11.2,N,Failed,Delivered,0,0,2233.68,250.17216,1983.50784,1983.50784,1709.83,273.67784,13.79766868,Medium Discount,2026-05-01 00:00:00
OL000596,O100356,,2026-05-21 00:00:00,East,Marketplace,Electronics,Smartwatch,2,14389.32,11395.29,17.6,N,Paid,Delivered,0,0,28778.64,5065.04064,23713.59936,23713.59936,22790.58,923.01936,3.892362969,Medium Discount,2026-05-01 00:00:00
OL000598,O100356,C1276,2026-05-21 00:00:00,East,Marketplace,Personal Care,Face Wash,1,2957.36,1920.93,24.2,Y,Paid,Cancelled,0,0,2957.36,715.68112,2241.67888,2241.67888,1920.93,320.74888,14.30842227,Medium Discount,2026-05-01 00:00:00
OL000599,O100357,C1356,2026-03-28 00:00:00,South,Online,Fashion,Jacket,4,11680.35,6665.26,24.8,Y,Pending,Delivered,0,0,46721.4,11586.9072,35134.4928,35134.4928,26661.04,8473.4528,24.11719118,Medium Discount,2026-03-01 00:00:00
OL000600,O100357,C1356,2026-03-28 00:00:00,South,Online,Home,Bedsheet,3,7165.95,4430.83,11.8,N,Pending,Delivered,0,0,21497.85,2536.7463,18961.1037,18961.1037,13292.49,5668.6137,29.89601127,Medium Discount,2026-03-01 00:00:00
OL000601,O100358,C1350,2026-03-14 00:00:00,South,Online,Electronics,Keyboard,2,10939.78,7988.29,11.2,N,Pending,Delivered,0,0,21879.56,2450.51072,19429.04928,19429.04928,15976.58,3452.46928,17.76962542,Medium Discount,2026-03-01 00:00:00
OL000602,O100358,C1350,2026-03-14 00:00:00,South,Online,Home,Bedsheet,1,13739.82,8389.31,9.3,N,Paid,Delivered,0,0,13739.82,1277.80326,12462.01674,12462.01674,8389.31,4072.70674,32.68096027,Low Discount,2026-03-01 00:00:00
OL000603,O100359,C1187,2026-04-07 00:00:00,North,Online,Electronics,Keyboard,4,8104.33,5723.64,14.6,N,Pending,Delivered,0,0,32417.32,4732.92872,27684.39128,27684.39128,22894.56,4789.83128,17.30155896,Medium Discount,2026-04-01 00:00:00
OL000604,O100359,C1187,2026-04-07 00:00:00,North,Online,Fashion,Jeans,3,9888.78,4513.1,26.6,Y,Paid,Delivered,0,0,29666.34,7891.24644,21775.09356,21775.09356,13539.3,8235.79356,37.82208116,High Discount,2026-04-01 00:00:00
OL000605,O100360,C1407,2026-06-27 00:00:00,South,Online,Electronics,Power Bank,1,1477.52,1184.84,9.5,N,Paid,Delivered,0,0,1477.52,140.3644,1337.1556,1337.1556,1184.84,152.3156,11.39101538,Low Discount,2026-06-01 00:00:00
OL000606,O100360,C1407,2026-06-27 00:00:00,South,Online,Personal Care,Trimmer,5,6254.67,3834.41,27.7,Y,Paid,Cancelled,0,0,31273.35,8662.71795,22610.63205,22610.63205,19172.05,3438.58205,15.20781039,High Discount,2026-06-01 00:00:00
OL000607,O100361,C1103,2026-04-09 00:00:00,South,Store,Personal Care,Shampoo,5,10258.88,5871.86,0,N,Failed,Delivered,0,0,51294.4,0,51294.4,51294.4,29359.3,21935.1,42.76314763,Low Discount,2026-04-01 00:00:00
OL000608,O100361,C1103,2026-04-09 00:00:00,South,Store,Home,Bedsheet,3,13647.29,7990.85,11.4,N,Failed,Delivered,0,0,40941.87,4667.37318,36274.49682,36274.49682,23972.55,12301.94682,33.91348716,Medium Discount,2026-04-01 00:00:00
OL000609,O100361,C1103,2026-04-09 00:00:00,South,Store,Home,Bedsheet,5,11813.83,7674.29,12.9,N,Pending,Delivered,0,0,59069.15,7619.92035,51449.22965,51449.22965,38371.45,13077.77965,25.41880557,Medium Discount,2026-04-01 00:00:00
OL000610,O100362,C1171,2026-06-03 00:00:00,South,Online,Home,Bedsheet,3,1059.67,742.98,9.6,N,Failed,Delivered,0,0,3179.01,305.18496,2873.82504,2873.82504,2228.94,644.88504,22.4399548,Low Discount,2026-06-01 00:00:00
OL000611,O100363,C1386,2026-06-28 00:00:00,West,Online,Home,Bedsheet,4,9632.84,5760.47,36.3,Y,Failed,Delivered,3,28881.54,38531.36,13986.88368,24544.47632,-4337.06368,5760.47,-10097.53368,232.8195854,High Discount,2026-06-01 00:00:00
OL000612,O100364,C1415,2026-06-15 00:00:00,East,Marketplace,Electronics,Power Bank,1,10323.08,7137.88,16.8,N,Pending,Delivered,0,0,10323.08,1734.27744,8588.80256,8588.80256,7137.88,1450.92256,16.89318796,Medium Discount,2026-06-01 00:00:00
OL000613,O100364,C1415,2026-06-15 00:00:00,East,Marketplace,Home,Bedsheet,1,3590.96,2423.84,21.9,Y,Paid,Delivered,0,0,3590.96,786.42024,2804.53976,2804.53976,2423.84,380.69976,13.57441123,Medium Discount,2026-06-01 00:00:00
OL000614,O100365,C1061,2026-03-01 00:00:00,North,Online,Home,Mixer,3,10472.91,6149.28,25.4,Y,Paid,Delivered,0,0,31418.73,7980.35742,23438.37258,23438.37258,18447.84,4990.53258,21.2921463,High Discount,2026-03-01 00:00:00
OL000615,O100366,C1221,2026-06-26 00:00:00,South,Store,Fashion,T-Shirt,2,5728.61,3525.24,14.4,N,Pending,Delivered,0,0,11457.22,1649.83968,9807.38032,9807.38032,7050.48,2756.90032,28.1104661,Medium Discount,2026-06-01 00:00:00
OL000616,O100367,C1319,2026-03-23 00:00:00,South,Marketplace,Fashion,T-Shirt,4,10764.8,6162.08,20.6,Y,Failed,Delivered,0,0,43059.2,8870.1952,34189.0048,34189.0048,24648.32,9540.6848,27.90571079,Medium Discount,2026-03-01 00:00:00
OL000617,O100367,C1319,2026-03-23 00:00:00,South,Marketplace,Electronics,Smartwatch,4,11939.68,8699.11,17.2,N,Paid,Delivered,0,0,47758.72,8214.49984,39544.22016,39544.22016,34796.44,4747.78016,12.00625563,Medium Discount,2026-03-01 00:00:00
OL000618,O100368,C1330,2026-01-13 00:00:00,West,Marketplace,Personal Care,Shampoo,1,12506.32,6491.71,19.4,N,Paid,Delivered,0,0,12506.32,2426.22608,10080.09392,10080.09392,6491.71,3588.38392,35.59871514,Medium Discount,2026-01-01 00:00:00
OL000619,O100369,C1372,2026-06-27 00:00:00,North,Online,Fashion,Jacket,1,1540.42,769.07,15.5,N,Paid,Delivered,0,0,1540.42,238.7651,1301.6549,1301.6549,769.07,532.5849,40.91598318,Medium Discount,2026-06-01 00:00:00
OL000620,O100370,C1340,2026-01-13 00:00:00,South,Store,Fashion,T-Shirt,2,1017.12,607.99,0,N,Paid,Delivered,0,0,2034.24,0,2034.24,2034.24,1215.98,818.26,40.22435897,Low Discount,2026-01-01 00:00:00
OL000621,O100370,C1340,2026-01-13 00:00:00,South,Store,Electronics,Keyboard,1,2190.61,1510.7,8.8,N,Failed,Delivered,0,0,2190.61,192.77368,1997.83632,1997.83632,1510.7,487.13632,24.38319472,Low Discount,2026-01-01 00:00:00
OL000622,O100371,C1459,2026-02-06 00:00:00,East,Store,Fashion,Jeans,2,5010.02,3105.47,6.5,N,Pending,Delivered,0,0,10020.04,651.3026,9368.7374,9368.7374,6210.94,3157.7974,33.70568803,Low Discount,2026-02-01 00:00:00
OL000623,O100372,C1457,2026-04-03 00:00:00,South,Store,Home,Lamp,5,5324.94,3474.26,16.1,N,Paid,Delivered,0,0,26624.7,4286.5767,22338.1233,22338.1233,17371.3,4966.8233,22.23473849,Medium Discount,2026-04-01 00:00:00
OL000624,O100373,C1508,2026-02-12 00:00:00,East,Store,Personal Care,Trimmer,1,6110.66,3250.5,22.9,Y,Paid,Delivered,0,0,6110.66,1399.34114,4711.31886,4711.31886,3250.5,1460.81886,31.00658018,Medium Discount,2026-02-01 00:00:00
OL000625,O100374,C1198,2026-02-01 00:00:00,North,Online,Fashion,Shoes,4,13385.36,8552.7,11.2,N,Paid,Delivered,2,25263.76,53541.44,5996.64128,47544.79872,22281.03872,17105.4,5175.63872,23.22889334,Medium Discount,2026-02-01 00:00:00
OL000626,O100374,C1198,2026-02-01 00:00:00,North,Online,Personal Care,Face Wash,2,13719.23,8024.79,14.8,N,Pending,Delivered,0,0,27438.46,4060.89208,23377.56792,23377.56792,16049.58,7327.98792,31.34623732,Medium Discount,2026-02-01 00:00:00
OL000627,O100375,C1253,2026-01-21 00:00:00,West,Marketplace,Fashion,Jacket,4,13961.57,7391.03,18.2,N,Paid,Delivered,0,0,55846.28,10164.02296,45682.25704,45682.25704,29564.12,16118.13704,35.28314511,Medium Discount,2026-01-01 00:00:00
OL000629,O100376,C1321,2026-05-30 00:00:00,West,Online,Home,Storage Box,1,11220.75,8035.33,21.6,Y,Paid,Delivered,0,0,11220.75,2423.682,8797.068,8797.068,8035.33,761.738,8.658998657,Medium Discount,2026-05-01 00:00:00
OL000630,O100377,C1293,2026-05-04 00:00:00,North,Online,Electronics,Keyboard,1,892.95,700.1,7.9,N,Paid,Cancelled,0,0,892.95,70.54305,822.40695,822.40695,700.1,122.30695,14.87182836,Low Discount,2026-05-01 00:00:00
OL000631,O100378,C1259,2026-04-18 00:00:00,North,Store,Electronics,Power Bank,3,9765.89,7724.46,0,N,Failed,Delivered,0,0,29297.67,0,29297.67,29297.67,23173.38,6124.29,20.90367596,Low Discount,2026-04-01 00:00:00
OL000632,O100379,C1035,2026-04-04 00:00:00,West,Marketplace,Personal Care,Perfume,3,5778.66,3634.08,27.5,Y,Paid,Cancelled,0,0,17335.98,4767.3945,12568.5855,12568.5855,10902.24,1666.3455,13.25801937,High Discount,2026-04-01 00:00:00
OL000633,O100379,C1035,2026-04-04 00:00:00,West,Marketplace,Fashion,Jeans,5,14273.83,6987.25,5.5,N,Pending,Cancelled,0,0,71369.15,3925.30325,67443.84675,67443.84675,34936.25,32507.59675,48.19949976,Low Discount,2026-04-01 00:00:00
OL000634,O100380,C1340,2026-03-10 00:00:00,North,Online,Fashion,Shoes,2,9239.21,5375.89,18.9,N,Failed,Cancelled,0,0,18478.42,3492.42138,14985.99862,14985.99862,10751.78,4234.21862,28.2544976,Medium Discount,2026-03-01 00:00:00
OL000635,O100380,C1340,2026-03-10 00:00:00,North,Online,Personal Care,Face Wash,1,11420.47,5946.94,17.5,N,Paid,Delivered,0,0,11420.47,1998.58225,9421.88775,9421.88775,5946.94,3474.94775,36.88165092,Medium Discount,2026-03-01 00:00:00
OL000636,O100381,C1012,2026-01-10 00:00:00,South,Marketplace,Electronics,Earbuds,5,3114.35,2377.58,25.1,Y,Paid,Delivered,2,5785.82,15571.75,3908.50925,11663.24075,5877.42075,7132.74,-1255.31925,-21.35833563,High Discount,2026-01-01 00:00:00
OL000637,O100381,C1012,2026-01-10 00:00:00,South,Marketplace,Fashion,Shoes,1,1982.29,953.91,14.7,N,Pending,Cancelled,0,0,1982.29,291.39663,1690.89337,1690.89337,953.91,736.98337,43.58544324,Medium Discount,2026-01-01 00:00:00
OL000638,O100382,C1447,2026-04-14 00:00:00,South,Online,Personal Care,Perfume,4,8173.19,5405.73,3.5,N,Paid,Delivered,4,31182.97,32692.76,1144.2466,31548.5134,365.5434,0,365.5434,100,Low Discount,2026-04-01 00:00:00
OL000639,O100382,C1447,2026-04-14 00:00:00,South,Online,Personal Care,Perfume,3,14437.29,9630.01,4.3,N,Paid,Delivered,2,28342.11,43311.87,1862.41041,41449.45959,13107.34959,9630.01,3477.33959,26.52969287,Low Discount,2026-04-01 00:00:00
OL000640,O100382,C1447,2026-04-14 00:00:00,South,Online,Electronics,Earbuds,5,14016.03,11208.86,16.1,N,Failed,Delivered,5,65607.65,70080.15,11282.90415,58797.24585,-6810.40415,0,-6810.40415,100,Medium Discount,2026-04-01 00:00:00
OL000641,O100383,C1108,2026-05-21 00:00:00,West,Marketplace,Home,Lamp,1,8589.51,5506.21,18.7,N,Pending,Delivered,1,8093.41,8589.51,1606.23837,6983.27163,-1110.13837,0,-1110.13837,100,Medium Discount,2026-05-01 00:00:00
OL000642,O100384,C1169,2026-02-08 00:00:00,East,Marketplace,Personal Care,Shampoo,5,2785.41,1865.2,28.7,Y,Paid,Delivered,1,2761.48,13927.05,3997.06335,9929.98665,7168.50665,7460.8,-292.29335,-4.077465005,High Discount,2026-02-01 00:00:00
OL000643,O100384,C1169,2026-02-08 00:00:00,East,Marketplace,Fashion,Shoes,5,271.14,155.33,30,Y,Paid,Cancelled,0,0,1355.7,406.71,948.99,948.99,776.65,172.34,18.16035996,High Discount,2026-02-01 00:00:00
OL000644,O100385,C1030,2026-04-11 00:00:00,West,Online,Home,Storage Box,5,5429.3,3619.41,8.1,N,Paid,Cancelled,3,15405.52,27146.5,2198.8665,24947.6335,9542.1135,7238.82,2303.2935,24.13819014,Low Discount,2026-04-01 00:00:00
OL000645,O100386,C1007,2026-01-02 00:00:00,West,Online,Home,Mixer,2,11599.17,8259.07,21.4,Y,Paid,Delivered,1,11120.32,23198.34,4964.44476,18233.89524,7113.57524,8259.07,-1145.49476,-16.1029401,Medium Discount,2026-01-01 00:00:00
OL000646,O100386,C1007,2026-01-02 00:00:00,West,Online,Home,Storage Box,3,10736.47,7406.63,18.8,N,Failed,Delivered,0,0,32209.41,6055.36908,26154.04092,26154.04092,22219.89,3934.15092,15.04222973,Medium Discount,2026-01-01 00:00:00
OL000647,O100387,C1173,2026-03-17 00:00:00,South,Online,Personal Care,Trimmer,5,14409.41,8933.72,13.8,N,Pending,Delivered,4,49540.83,72047.05,9942.4929,62104.5571,12563.7271,8933.72,3630.0071,28.89275667,Medium Discount,2026-03-01 00:00:00
OL000648,O100387,C1173,2026-03-17 00:00:00,South,Online,Fashion,T-Shirt,5,13214.69,6245.18,8.4,N,Paid,Delivered,5,57071.98,66073.45,5550.1698,60523.2802,3451.3002,0,3451.3002,100,Low Discount,2026-03-01 00:00:00
OL000649,O100387,C1173,2026-03-17 00:00:00,South,Online,Home,Bedsheet,2,11303.95,7378.23,21.6,Y,Paid,Delivered,1,11217.67,22607.9,4883.3064,17724.5936,6506.9236,7378.23,-871.3064,-13.39045075,Medium Discount,2026-03-01 00:00:00
OL000650,O100388,C1204,2026-03-26 00:00:00,South,Store,Electronics,Power Bank,5,10867.76,8724.32,23.9,Y,Failed,Delivered,0,0,54338.8,12986.9732,41351.8268,41351.8268,43621.6,-2269.7732,-5.488930903,Medium Discount,2026-03-01 00:00:00
OL000651,O100388,C1204,2026-03-26 00:00:00,South,Store,Personal Care,Trimmer,4,8120.36,4582,9.2,N,Paid,Delivered,0,0,32481.44,2988.29248,29493.14752,29493.14752,18328,11165.14752,37.85675134,Low Discount,2026-03-01 00:00:00
OL000652,O100389,C1219,2026-01-10 00:00:00,North,Online,Home,Mixer,3,12650.72,7359.35,19.6,N,Pending,Delivered,0,0,37952.16,7438.62336,30513.53664,30513.53664,22078.05,8435.48664,27.6450637,Medium Discount,2026-01-01 00:00:00
OL000653,O100389,C1219,2026-01-10 00:00:00,North,Online,Fashion,T-Shirt,2,6387.73,3324.24,8.4,N,Failed,Delivered,0,0,12775.46,1073.13864,11702.32136,11702.32136,6648.48,5053.84136,43.18665677,Low Discount,2026-01-01 00:00:00
OL000654,O100390,C1100,2026-05-02 00:00:00,South,Store,Home,Mixer,1,8886.41,6305.84,9.7,N,Paid,Delivered,0,0,8886.41,861.98177,8024.42823,8024.42823,6305.84,1718.58823,21.41695559,Low Discount,2026-05-01 00:00:00
OL000655,O100390,C1100,2026-05-02 00:00:00,South,Store,Home,Lamp,3,13501.94,8765.63,7.8,N,Paid,Delivered,0,0,40505.82,3159.45396,37346.36604,37346.36604,26296.89,11049.47604,29.58648247,Low Discount,2026-05-01 00:00:00
OL000656,O100391,C1433,2026-01-12 00:00:00,East,Online,Fashion,Shoes,1,12195.12,7830.7,10.8,N,Pending,Delivered,0,0,12195.12,1317.07296,10878.04704,10878.04704,7830.7,3047.34704,28.01373288,Medium Discount,2026-01-01 00:00:00
OL000657,O100392,C1180,2026-02-02 00:00:00,South,Store,Home,Storage Box,5,5901.7,4071.35,7.8,N,Paid,Delivered,0,0,29508.5,2301.663,27206.837,27206.837,20356.75,6850.087,25.17781468,Low Discount,2026-02-01 00:00:00
OL000658,O100393,C1421,2026-06-21 00:00:00,North,Store,Fashion,Jacket,4,2817.83,1785.01,10.2,N,Paid,Delivered,0,0,11271.32,1149.67464,10121.64536,10121.64536,7140.04,2981.60536,29.45771418,Medium Discount,2026-06-01 00:00:00
OL000659,O100394,C1016,2026-04-23 00:00:00,South,Store,Personal Care,Perfume,4,4547.89,2385,6.4,N,Paid,Delivered,0,0,18191.56,1164.25984,17027.30016,17027.30016,9540,7487.30016,43.97232732,Low Discount,2026-04-01 00:00:00
OL000661,O100395,C1410,2026-06-04 00:00:00,South,Store,Personal Care,Face Wash,4,5548.49,3048.57,6.5,N,Failed,Delivered,0,0,22193.96,1442.6074,20751.3526,20751.3526,12194.28,8557.0726,41.23621609,Low Discount,2026-06-01 00:00:00
OL000662,O100396,C1480,2026-04-17 00:00:00,North,Store,Electronics,Earbuds,3,14095.74,9687.65,12.4,N,Paid,Cancelled,2,27266.78,42287.22,5243.61528,37043.60472,9776.82472,9687.65,89.17472,0.912103086,Medium Discount,2026-04-01 00:00:00
OL000663,O100396,C1480,2026-04-17 00:00:00,North,Store,Electronics,Power Bank,5,11959.83,8617.83,14.8,N,Failed,Delivered,0,0,59799.15,8850.2742,50948.8758,50948.8758,43089.15,7859.7258,15.42669132,Medium Discount,2026-04-01 00:00:00
OL000664,O100396,C1480,2026-04-17 00:00:00,North,Store,Personal Care,Trimmer,2,1868.28,997.86,23.7,Y,Paid,Delivered,0,0,3736.56,885.56472,2850.99528,2850.99528,1995.72,855.27528,29.9991826,Medium Discount,2026-04-01 00:00:00
OL000665,O100397,C1256,2026-05-20 00:00:00,North,Online,Fashion,Shoes,1,10520.02,5129.43,19.8,N,Failed,Delivered,0,0,10520.02,2082.96396,8437.05604,8437.05604,5129.43,3307.62604,39.2035566,Medium Discount,2026-05-01 00:00:00
OL000666,O100397,C1256,2026-05-20 00:00:00,North,Online,Personal Care,Perfume,4,12110.7,6204.75,15,N,Paid,Cancelled,2,24011.94,48442.8,7266.42,41176.38,17164.44,12409.5,4754.94,27.70227284,Medium Discount,2026-05-01 00:00:00
OL000667,O100397,C1256,2026-05-20 00:00:00,North,Online,Personal Care,Face Wash,2,4535,2684.97,4.7,N,Failed,Delivered,0,0,9070,426.29,8643.71,8643.71,5369.94,3273.77,37.8745932,Low Discount,2026-05-01 00:00:00
OL000668,O100398,C1376,2026-04-14 00:00:00,East,Marketplace,Electronics,Keyboard,2,5879.57,4006.34,34.9,Y,Pending,Delivered,1,5410.6,11759.14,4103.93986,7655.20014,2244.60014,4006.34,-1761.73986,-78.48791545,High Discount,2026-04-01 00:00:00
OL000669,O100398,C1376,2026-04-14 00:00:00,East,Marketplace,Fashion,Jacket,4,3097.45,1512.3,23.5,Y,Paid,Delivered,0,0,12389.8,2911.603,9478.197,9478.197,6049.2,3428.997,36.17773507,Medium Discount,2026-04-01 00:00:00
OL000670,O100399,C1181,2026-05-21 00:00:00,South,Store,Personal Care,Perfume,3,1467.12,885.99,15,N,Paid,Delivered,0,0,4401.36,660.204,3741.156,3741.156,2657.97,1083.186,28.95324333,Medium Discount,2026-05-01 00:00:00
OL000671,O100399,C1181,2026-05-21 00:00:00,South,Store,Home,Bedsheet,2,7511.43,4420.98,0,N,Paid,Delivered,1,6606.22,15022.86,0,15022.86,8416.64,4420.98,3995.66,47.47333853,Low Discount,2026-05-01 00:00:00
OL000672,O100399,C1181,2026-05-21 00:00:00,South,Store,Electronics,Earbuds,3,4335.9,3293.21,5.6,N,Failed,Delivered,0,0,13007.7,728.4312,12279.2688,12279.2688,9879.63,2399.6388,19.54219619,Low Discount,2026-05-01 00:00:00
OL000673,O100400,C1369,2026-03-22 00:00:00,South,Marketplace,Personal Care,Face Wash,2,7632.18,4781.83,21.3,Y,Failed,Cancelled,1,7271.14,15264.36,3251.30868,12013.05132,4741.91132,4781.83,-39.91868,-0.841826793,Medium Discount,2026-03-01 00:00:00
OL000674,O100401,C1411,2026-06-04 00:00:00,South,Marketplace,Electronics,Power Bank,1,10348.6,7649.6,23.2,Y,Failed,Delivered,0,0,10348.6,2400.8752,7947.7248,7947.7248,7649.6,298.1248,3.751070998,Medium Discount,2026-06-01 00:00:00
OL000675,O100402,C1253,2026-05-28 00:00:00,North,Online,Personal Care,Perfume,2,14209.27,7895.65,7,N,Paid,Cancelled,0,0,28418.54,1989.2978,26429.2422,26429.2422,15791.3,10637.9422,40.25065161,Low Discount,2026-05-01 00:00:00
OL000676,O100402,C1253,2026-05-28 00:00:00,North,Online,Electronics,Keyboard,5,3873.59,2709.83,10.6,N,Paid,Delivered,0,0,19367.95,2053.0027,17314.9473,17314.9473,13549.15,3765.7973,21.74882334,Medium Discount,2026-05-01 00:00:00
OL000677,O100402,C1253,2026-05-28 00:00:00,North,Online,Fashion,T-Shirt,3,4863.03,2993.57,28.1,Y,Paid,Delivered,0,0,14589.09,4099.53429,10489.55571,10489.55571,8980.71,1508.84571,14.38426709,High Discount,2026-05-01 00:00:00
OL000679,O100403,C1025,2026-03-24 00:00:00,North,Marketplace,Fashion,Shoes,1,9295.9,4325.6,6.1,N,Paid,Cancelled,0,0,9295.9,567.0499,8728.8501,8728.8501,4325.6,4403.2501,50.44478997,Low Discount,2026-03-01 00:00:00
OL000680,O100404,C1257,2026-04-04 00:00:00,East,Online,Home,Mixer,5,4560.75,3177.43,0,N,Paid,Delivered,4,17971.82,22803.75,0,22803.75,4831.93,3177.43,1654.5,34.24097617,Low Discount,2026-04-01 00:00:00
OL000681,O100404,C1257,2026-04-04 00:00:00,East,Online,Electronics,Keyboard,1,7118.89,5434.57,21.3,Y,Paid,Cancelled,0,0,7118.89,1516.32357,5602.56643,5602.56643,5434.57,167.99643,2.998562036,Medium Discount,2026-04-01 00:00:00
OL000682,O100405,C1311,2026-02-25 00:00:00,North,Online,Electronics,Earbuds,3,9592.49,7768.18,19.6,N,Paid,Delivered,0,0,28777.47,5640.38412,23137.08588,23137.08588,23304.54,-167.45412,-0.72374767,Medium Discount,2026-02-01 00:00:00
OL000683,O100406,C1258,2026-01-16 00:00:00,East,Marketplace,Electronics,Smartwatch,2,7860.92,5352.81,28.8,Y,Paid,Delivered,2,13945.94,15721.84,4527.88992,11193.95008,-2751.98992,0,-2751.98992,100,High Discount,2026-01-01 00:00:00
OL000684,O100407,C1288,2026-03-01 00:00:00,North,Store,Fashion,Jeans,3,7203.52,4357.85,14.1,N,Paid,Delivered,2,13179.74,21610.56,3047.08896,18563.47104,5383.73104,4357.85,1025.88104,19.055206,Medium Discount,2026-03-01 00:00:00
OL000685,O100407,C1288,2026-03-01 00:00:00,North,Store,Home,Mixer,3,2361.14,1665.41,12.7,N,Paid,Delivered,0,0,7083.42,899.59434,6183.82566,6183.82566,4996.23,1187.59566,19.20486969,Medium Discount,2026-03-01 00:00:00
OL000686,O100407,C1288,2026-03-01 00:00:00,North,Store,Personal Care,Shampoo,4,13353.26,7227.63,17.6,N,Pending,Delivered,0,0,53413.04,9400.69504,44012.34496,44012.34496,28910.52,15101.82496,34.31270243,Medium Discount,2026-03-01 00:00:00
OL000688,O100408,C1405,2026-03-26 00:00:00,West,Marketplace,Electronics,Earbuds,5,6453.12,4610.02,15.8,N,Paid,Cancelled,0,0,32265.6,5097.9648,27167.6352,27167.6352,23050.1,4117.5352,15.15603095,Medium Discount,2026-03-01 00:00:00
OL000689,O100408,C1405,2026-03-26 00:00:00,West,Marketplace,Fashion,Jeans,3,5251.88,2413.57,28.1,Y,Paid,Cancelled,0,0,15755.64,4427.33484,11328.30516,11328.30516,7240.71,4087.59516,36.0830248,High Discount,2026-03-01 00:00:00
OL000690,O100409,C1034,2026-03-25 00:00:00,South,Store,Personal Care,Face Wash,1,2974.45,1716.5,1.5,N,Paid,Delivered,0,0,2974.45,44.61675,2929.83325,2929.83325,1716.5,1213.33325,41.413048,Low Discount,2026-03-01 00:00:00
OL000691,O100410,C1170,2026-06-14 00:00:00,West,Store,Personal Care,Trimmer,3,4935.53,2566.45,7.5,N,Paid,Delivered,0,0,14806.59,1110.49425,13696.09575,13696.09575,7699.35,5996.74575,43.78434453,Low Discount,2026-06-01 00:00:00
OL000692,O100410,,2026-06-14 00:00:00,West,Store,Personal Care,Face Wash,5,4072.03,2560.13,8.2,N,Failed,Delivered,0,0,20360.15,1669.5323,18690.6177,18690.6177,12800.65,5889.9677,31.51296439,Low Discount,2026-06-01 00:00:00
OL000693,O100411,C1049,2026-01-02 00:00:00,West,Store,Home,Storage Box,2,5204.23,3469.5,0,N,Failed,Delivered,2,10019.37,10408.46,0,10408.46,389.09,0,389.09,100,Low Discount,2026-01-01 00:00:00
OL000694,O100411,C1049,2026-01-02 00:00:00,West,Store,Personal Care,Trimmer,3,11523.32,7283.46,20.9,Y,Paid,Cancelled,0,0,34569.96,7225.12164,27344.83836,27344.83836,21850.38,5494.45836,20.09321938,Medium Discount,2026-01-01 00:00:00
OL000695,O100412,C1190,2026-03-30 00:00:00,West,Online,Home,Bedsheet,3,8373.31,4782.06,13.5,N,Paid,Delivered,2,15173.78,25119.93,3391.19055,21728.73945,6554.95945,4782.06,1772.89945,27.04668829,Medium Discount,2026-03-01 00:00:00
OL000696,O100412,C1190,2026-03-30 00:00:00,West,Online,Personal Care,Perfume,1,2299.87,1527.04,12.8,N,Failed,Cancelled,0,0,2299.87,294.38336,2005.48664,2005.48664,1527.04,478.44664,23.85688493,Medium Discount,2026-03-01 00:00:00
OL000697,O100413,C1074,2026-03-23 00:00:00,North,Marketplace,Fashion,Jacket,1,14075.38,8802.51,23.9,Y,Paid,Cancelled,0,0,14075.38,3364.01582,10711.36418,10711.36418,8802.51,1908.85418,17.82083167,Medium Discount,2026-03-01 00:00:00
OL000698,O100413,C1074,2026-03-23 00:00:00,North,Marketplace,Home,Lamp,3,10243.93,7178.85,25.7,Y,Failed,Delivered,0,0,30731.79,7898.07003,22833.71997,22833.71997,21536.55,1297.16997,5.68094017,High Discount,2026-03-01 00:00:00
OL000699,O100414,C1510,2026-04-24 00:00:00,North,Online,Electronics,Power Bank,3,12082.35,8795.36,24.8,Y,Paid,Cancelled,0,0,36247.05,8989.2684,27257.7816,27257.7816,26386.08,871.7016,3.197991725,Medium Discount,2026-04-01 00:00:00
OL000700,O100414,C1510,2026-04-24 00:00:00,North,Online,Fashion,Jeans,1,9701.76,5601.87,10.6,N,Paid,Delivered,0,0,9701.76,1028.38656,8673.37344,8673.37344,5601.87,3071.50344,35.41301964,Medium Discount,2026-04-01 00:00:00
OL000701,O100414,C1510,2026-04-24 00:00:00,North,Online,Home,Bedsheet,2,11748.34,7118.19,24.7,Y,Pending,Delivered,0,0,23496.68,5803.67996,17693.00004,17693.00004,14236.38,3456.62004,19.5366531,Medium Discount,2026-04-01 00:00:00
OL000702,O100415,C1282,2026-03-22 00:00:00,South,Online,Personal Care,Face Wash,5,2419.33,1414.24,18.9,N,Pending,Delivered,0,0,12096.65,2286.26685,9810.38315,9810.38315,7071.2,2739.18315,27.92126575,Medium Discount,2026-03-01 00:00:00
OL000703,O100415,C1282,2026-03-22 00:00:00,South,Online,Personal Care,Trimmer,5,7852.02,5154.58,36.4,Y,Paid,Delivered,0,0,39260.1,14290.6764,24969.4236,24969.4236,25772.9,-803.4764,-3.2178412,High Discount,2026-03-01 00:00:00
OL000706,O100416,C1142,2026-02-15 00:00:00,North,Marketplace,Home,Bedsheet,2,13200.46,7672.21,25.2,Y,Paid,Delivered,0,0,26400.92,6653.03184,19747.88816,19747.88816,15344.42,4403.46816,22.29842566,High Discount,2026-02-01 00:00:00
OL000707,O100417,C1068,2026-04-02 00:00:00,South,Online,Electronics,Earbuds,2,1545.91,1147.92,28.2,Y,Paid,Delivered,0,0,3091.82,871.89324,2219.92676,2219.92676,2295.84,-75.91324,-3.419628132,High Discount,2026-04-01 00:00:00
OL000708,O100417,C1068,2026-04-02 00:00:00,South,Online,Fashion,Shoes,2,4436.33,2016.24,28.7,Y,Paid,Delivered,0,0,8872.66,2546.45342,6326.20658,6326.20658,4032.48,2293.72658,36.25753524,High Discount,2026-04-01 00:00:00
OL000709,O100417,C1068,2026-04-02 00:00:00,South,Online,Personal Care,Face Wash,5,3243.88,1707.65,6.8,N,Paid,Delivered,0,0,16219.4,1102.9192,15116.4808,15116.4808,8538.25,6578.2308,43.51694609,Low Discount,2026-04-01 00:00:00
OL000710,O100418,C1262,2026-04-06 00:00:00,North,Marketplace,Fashion,Shoes,5,3442.75,2103.41,12.5,N,Paid,Delivered,0,0,17213.75,2151.71875,15062.03125,15062.03125,10517.05,4544.98125,30.17508844,Medium Discount,2026-04-01 00:00:00
OL000711,O100418,C1262,2026-04-06 00:00:00,North,Marketplace,Electronics,Smartwatch,3,6802.38,4627.32,32.7,Y,Pending,Cancelled,2,13223.91,20407.14,6673.13478,13734.00522,510.09522,4627.32,-4117.22478,-807.1482771,High Discount,2026-04-01 00:00:00
OL000712,O100419,C1198,2026-03-20 00:00:00,South,Marketplace,Electronics,Keyboard,5,5661.06,4018.97,16.5,N,Pending,Cancelled,0,0,28305.3,4670.3745,23634.9255,23634.9255,20094.85,3540.0755,14.97815383,Medium Discount,2026-03-01 00:00:00
OL000715,O100422,C1066,2026-06-09 00:00:00,South,Marketplace,Home,Bedsheet,4,13773.71,8714.89,6.6,N,Paid,Cancelled,2,27428.03,55094.84,3636.25944,51458.58056,24030.55056,17429.78,6600.77056,27.46824524,Low Discount,2026-06-01 00:00:00
OL000716,O100423,C1216,2026-04-18 00:00:00,West,Online,Electronics,Smartwatch,4,14675.13,11490.45,30.9,Y,Failed,Delivered,1,14323.63,58700.52,18138.46068,40562.05932,26238.42932,34471.35,-8232.92068,-31.3773381,High Discount,2026-04-01 00:00:00
OL000717,O100423,C1216,2026-04-18 00:00:00,West,Online,Personal Care,Shampoo,2,3869.45,2598.38,18.6,N,Failed,Cancelled,0,0,7738.9,1439.4354,6299.4646,6299.4646,5196.76,1102.7046,17.50473524,Medium Discount,2026-04-01 00:00:00
OL000718,O100424,C1077,2026-06-18 00:00:00,West,Store,Home,Lamp,2,1010.38,684.22,0,N,Pending,Delivered,0,0,2020.76,0,2020.76,2020.76,1368.44,652.32,32.28092401,Low Discount,2026-06-01 00:00:00
OL000719,O100424,C1077,2026-06-18 00:00:00,West,Store,Fashion,Shoes,5,10382.03,6317.32,0,N,Paid,Delivered,0,0,51910.15,0,51910.15,51910.15,31586.6,20323.55,39.1513991,Low Discount,2026-06-01 00:00:00
OL000720,O100425,C1309,2026-01-15 00:00:00,South,Marketplace,Electronics,Keyboard,3,9310.67,7281.5,20.1,Y,Paid,Delivered,0,0,27932.01,5614.33401,22317.67599,22317.67599,21844.5,473.17599,2.120184871,Medium Discount,2026-01-01 00:00:00
OL000721,O100425,C1309,2026-01-15 00:00:00,South,Marketplace,Electronics,Smartwatch,5,4174.61,3322,23.9,Y,Pending,Delivered,0,0,20873.05,4988.65895,15884.39105,15884.39105,16610,-725.60895,-4.568062746,Medium Discount,2026-01-01 00:00:00
OL000722,O100425,C1309,2026-01-15 00:00:00,South,Marketplace,Personal Care,Face Wash,2,12018,7996.77,32.6,Y,Paid,Delivered,1,11053.83,24036,7835.736,16200.264,5146.434,7996.77,-2850.336,-55.38467996,High Discount,2026-01-01 00:00:00
OL000723,O100426,C1161,2026-06-23 00:00:00,West,Marketplace,Personal Care,Face Wash,3,10592.71,6915.17,23,Y,Pending,Delivered,1,10365.7,31778.13,7308.9699,24469.1601,14103.4601,13830.34,273.1201,1.936546763,Medium Discount,2026-06-01 00:00:00
OL000724,O100426,C1161,2026-06-23 00:00:00,West,Marketplace,Fashion,Jacket,5,2209.28,1363.48,33.8,Y,Paid,Delivered,4,-3702.59,11046.4,3733.6832,7312.7168,11015.3068,1363.48,9651.8268,87.62195166,High Discount,2026-06-01 00:00:00
OL000725,O100427,C1161,2026-06-21 00:00:00,South,Online,Home,Mixer,3,3219.88,2226.04,24.2,Y,Paid,Delivered,0,0,9659.64,2337.63288,7322.00712,7322.00712,6678.12,643.88712,8.793860883,Medium Discount,2026-06-01 00:00:00
OL000726,O100428,C1249,2026-04-30 00:00:00,East,Marketplace,Home,Mixer,5,11770.26,7636.43,35.1,Y,Paid,Delivered,0,0,58851.3,20656.8063,38194.4937,38194.4937,38182.15,12.3437,0.032318009,High Discount,2026-04-01 00:00:00
OL000727,O100428,C1249,2026-04-30 00:00:00,East,Marketplace,Electronics,Smartwatch,3,10926.33,8172.47,21.3,Y,Paid,Cancelled,0,0,32778.99,6981.92487,25797.06513,25797.06513,24517.41,1279.65513,4.960467881,Medium Discount,2026-04-01 00:00:00
OL000728,O100429,C1029,2026-04-21 00:00:00,North,Online,Electronics,Power Bank,5,14620.32,10404.11,3.6,N,Paid,Delivered,0,0,73101.6,2631.6576,70469.9424,70469.9424,52020.55,18449.3924,26.18051296,Low Discount,2026-04-01 00:00:00
OL000729,O100429,C1029,2026-04-21 00:00:00,North,Online,Electronics,Smartwatch,3,14592.54,10112.19,25.8,Y,Paid,Delivered,2,28381.6,43777.62,11294.62596,32482.99404,4101.39404,10112.19,-6010.79596,-146.5549494,High Discount,2026-04-01 00:00:00
OL000730,O100429,C1029,2026-04-21 00:00:00,North,Online,Home,Storage Box,4,10427.63,7332.98,11.3,N,Paid,Delivered,0,0,41710.52,4713.28876,36997.23124,36997.23124,29331.92,7665.31124,20.71860781,Medium Discount,2026-04-01 00:00:00
OL000731,O100430,C1408,2026-05-09 00:00:00,North,Marketplace,Home,Storage Box,2,1264.58,868.43,23.6,Y,Paid,Delivered,0,0,2529.16,596.88176,1932.27824,1932.27824,1736.86,195.41824,10.11335924,Medium Discount,2026-05-01 00:00:00
OL000732,O100430,C1408,2026-05-09 00:00:00,North,Marketplace,Electronics,Smartwatch,3,7121.33,5189.63,10.6,N,Failed,Delivered,0,0,21363.99,2264.58294,19099.40706,19099.40706,15568.89,3530.51706,18.48495636,Medium Discount,2026-05-01 00:00:00
OL000733,O100431,C1195,2026-04-24 00:00:00,South,Store,Home,Mixer,1,11526.54,7282.29,19.2,N,Paid,Delivered,0,0,11526.54,2213.09568,9313.44432,9313.44432,7282.29,2031.15432,21.80884161,Medium Discount,2026-04-01 00:00:00
OL000734,O100431,C1195,2026-04-24 00:00:00,South,Store,Electronics,Keyboard,5,9071.14,6790.19,8.1,N,Paid,Delivered,0,0,45355.7,3673.8117,41681.8883,41681.8883,33950.95,7730.9383,18.54747617,Low Discount,2026-04-01 00:00:00
OL000735,O100431,C1195,2026-04-24 00:00:00,South,Store,Personal Care,Trimmer,2,14124.68,7622.43,1.7,N,Paid,Delivered,1,12779.88,28249.36,480.23912,27769.12088,14989.24088,7622.43,7366.81088,49.14732466,Low Discount,2026-04-01 00:00:00
OL000738,O100433,C1259,2026-05-28 00:00:00,West,Online,Home,Storage Box,2,9052.32,5976.51,15.3,N,Failed,Delivered,2,16107,18104.64,2770.00992,15334.63008,-772.36992,0,-772.36992,100,Medium Discount,2026-05-01 00:00:00
OL000739,O100433,C1259,2026-05-28 00:00:00,West,Online,Electronics,Keyboard,1,320.74,246.47,23.7,Y,Failed,Delivered,0,0,320.74,76.01538,244.72462,244.72462,246.47,-1.74538,-0.713201639,Medium Discount,2026-05-01 00:00:00
OL000740,O100434,C1434,2026-04-20 00:00:00,North,Marketplace,Personal Care,Perfume,3,1650.49,991.94,26.7,Y,Pending,Delivered,0,0,4951.47,1322.04249,3629.42751,3629.42751,2975.82,653.60751,18.00855667,High Discount,2026-04-01 00:00:00
OL000741,O100435,C1449,2026-04-04 00:00:00,West,Marketplace,Electronics,Earbuds,3,4673.9,3399.27,22.8,Y,Pending,Delivered,0,0,14021.7,3196.9476,10824.7524,10824.7524,10197.81,626.9424,5.791748179,Medium Discount,2026-04-01 00:00:00
OL000742,O100435,C1449,2026-04-04 00:00:00,West,Marketplace,Fashion,Jacket,3,14729.46,6908.02,0,N,Paid,Delivered,1,12896.67,44188.38,0,44188.38,31291.71,13816.04,17475.67,55.84760309,Low Discount,2026-04-01 00:00:00
OL000743,O100436,C1121,2026-01-24 00:00:00,West,Online,Electronics,Earbuds,3,8480.47,6136.51,27.7,Y,Failed,Delivered,0,0,25441.41,7047.27057,18394.13943,18394.13943,18409.53,-15.39057,-0.083671052,High Discount,2026-01-01 00:00:00
OL000744,O100436,C1121,2026-01-24 00:00:00,West,Online,Home,Storage Box,3,4357.26,2839.86,11.9,N,Failed,Delivered,2,7751.38,13071.78,1555.54182,11516.23818,3764.85818,2839.86,924.99818,24.56927023,Medium Discount,2026-01-01 00:00:00
OL000745,O100436,C1121,2026-01-24 00:00:00,West,Online,Home,Lamp,5,2174.86,1402.75,23.4,Y,Paid,Delivered,0,0,10874.3,2544.5862,8329.7138,8329.7138,7013.75,1315.9638,15.79842755,Medium Discount,2026-01-01 00:00:00
OL000746,O100437,C1025,2026-06-04 00:00:00,West,Online,Home,Mixer,4,10187.54,6077.95,9.6,N,Pending,Cancelled,2,18127.1,40750.16,3912.01536,36838.14464,18711.04464,12155.9,6555.14464,35.03355781,Low Discount,2026-06-01 00:00:00
OL000747,O100438,C1378,2026-05-20 00:00:00,South,Online,Fashion,T-Shirt,2,11285.01,5593.58,23.6,Y,Paid,Delivered,0,0,22570.02,5326.52472,17243.49528,17243.49528,11187.16,6056.33528,35.12243418,Medium Discount,2026-05-01 00:00:00
OL000749,O100439,C1161,2026-04-30 00:00:00,East,Online,Fashion,Jeans,5,10066.68,5220.79,31.1,Y,Paid,Delivered,0,0,50333.4,15653.6874,34679.7126,34679.7126,26103.95,8575.7626,24.72847079,High Discount,2026-04-01 00:00:00
OL000750,O100439,C1161,2026-04-30 00:00:00,East,Online,Fashion,T-Shirt,4,10163.32,6393.93,11.4,N,Failed,Delivered,0,0,40653.28,4634.47392,36018.80608,36018.80608,25575.72,10443.08608,28.99342654,Medium Discount,2026-04-01 00:00:00
OL000751,O100440,C1090,2026-01-18 00:00:00,South,Online,Home,Lamp,1,803.26,448.44,26.3,Y,Paid,Delivered,0,0,803.26,211.25738,592.00262,592.00262,448.44,143.56262,24.25033524,High Discount,2026-01-01 00:00:00
OL000752,O100441,C1017,2026-05-07 00:00:00,East,Store,Personal Care,Trimmer,5,6758.09,3634.39,7.6,N,Paid,Cancelled,1,6706.93,33790.45,2568.0742,31222.3758,24515.4458,14537.56,9977.8858,40.70040529,Low Discount,2026-05-01 00:00:00
OL000753,O100441,C1017,2026-05-07 00:00:00,East,Store,Fashion,Shoes,1,12055.09,6860.58,0,N,Paid,Delivered,0,0,12055.09,0,12055.09,12055.09,6860.58,5194.51,43.0897654,Low Discount,2026-05-01 00:00:00
OL000755,O100442,C1274,2026-02-14 00:00:00,West,Store,Fashion,Shoes,3,9995.23,4967.5,2.5,N,Paid,Cancelled,0,0,29985.69,749.64225,29236.04775,29236.04775,14902.5,14333.54775,49.02696791,Low Discount,2026-02-01 00:00:00
OL000756,O100442,C1274,2026-02-14 00:00:00,West,Store,Home,Mixer,2,7154.52,4472.89,13.1,N,Pending,Delivered,0,0,14309.04,1874.48424,12434.55576,12434.55576,8945.78,3488.77576,28.05710013,Medium Discount,2026-02-01 00:00:00
OL000757,O100443,C1122,2026-04-13 00:00:00,East,Marketplace,Fashion,Jacket,1,9821.03,5822.98,32.8,Y,Paid,Delivered,0,0,9821.03,3221.29784,6599.73216,6599.73216,5822.98,776.75216,11.76944975,High Discount,2026-04-01 00:00:00
OL000758,O100444,C1167,2026-05-30 00:00:00,South,Store,Personal Care,Shampoo,2,12645.49,7605.08,22.9,Y,Paid,Cancelled,0,0,25290.98,5791.63442,19499.34558,19499.34558,15210.16,4289.18558,21.99656169,Medium Discount,2026-05-01 00:00:00
OL000759,O100444,C1167,2026-05-30 00:00:00,South,Store,Personal Care,Shampoo,5,6360.71,3968.52,5.6,N,Pending,Cancelled,0,0,31803.55,1780.9988,30022.5512,30022.5512,19842.6,10179.9512,33.90768204,Low Discount,2026-05-01 00:00:00
OL000760,O100445,C1041,2026-05-27 00:00:00,West,Online,Fashion,Shoes,2,1988.78,1121.3,26.9,Y,Failed,Delivered,0,0,3977.56,1069.96364,2907.59636,2907.59636,2242.6,664.99636,22.87099988,High Discount,2026-05-01 00:00:00
OL000761,O100445,C1041,2026-05-27 00:00:00,West,Online,Electronics,Keyboard,5,14527.71,11163.79,28.5,Y,Failed,Delivered,0,0,72638.55,20701.98675,51936.56325,51936.56325,55818.95,-3882.38675,-7.4752477,High Discount,2026-05-01 00:00:00
OL000762,O100446,C1434,2026-06-10 00:00:00,West,Online,Home,Lamp,1,5410.58,3602.54,9.6,N,Paid,Delivered,1,4949.12,5410.58,519.41568,4891.16432,-57.95568,0,-57.95568,100,Low Discount,2026-06-01 00:00:00
OL000763,O100446,C1434,2026-06-10 00:00:00,West,Online,Personal Care,Trimmer,2,735.44,476.87,17.5,N,Paid,Delivered,0,0,1470.88,257.404,1213.476,1213.476,953.74,259.736,21.40429642,Medium Discount,2026-06-01 00:00:00
OL000765,O100447,,2026-05-03 00:00:00,South,Online,Electronics,Earbuds,5,6813.51,5484.15,6.1,N,Paid,Delivered,4,23724.68,34067.55,2078.12055,31989.42945,8264.74945,5484.15,2780.59945,33.64408645,Low Discount,2026-05-01 00:00:00
OL000766,O100447,C1335,2026-05-03 00:00:00,South,Online,Home,Lamp,3,11243.36,7583.09,24.6,Y,Pending,Delivered,0,0,33730.08,8297.59968,25432.48032,25432.48032,22749.27,2683.21032,10.5503289,Medium Discount,2026-05-01 00:00:00
OL000767,O100448,C1317,2026-02-07 00:00:00,South,Online,Home,Lamp,2,13496.56,7976.53,16.5,N,Pending,Delivered,0,0,26993.12,4453.8648,22539.2552,22539.2552,15953.06,6586.1952,29.22099751,Medium Discount,2026-02-01 00:00:00
OL000769,O100449,C1262,2026-06-08 00:00:00,South,Online,Home,Bedsheet,3,8690.12,5577.8,0.5,N,Failed,Delivered,0,0,26070.36,130.3518,25940.0082,25940.0082,16733.4,9206.6082,35.49192479,Low Discount,2026-06-01 00:00:00
OL000770,O100450,C1008,2026-04-13 00:00:00,East,Store,Fashion,Jacket,2,978.84,636.13,0,N,Paid,Delivered,1,860.1,1957.68,0,1957.68,1097.58,636.13,461.45,42.04249349,Low Discount,2026-04-01 00:00:00
OL000771,O100450,C1008,2026-04-13 00:00:00,East,Store,Personal Care,Face Wash,5,7124.81,4565.56,0,N,Failed,Delivered,0,0,35624.05,0,35624.05,35624.05,22827.8,12796.25,35.92025612,Low Discount,2026-04-01 00:00:00
OL000772,O100451,C1345,2026-06-11 00:00:00,South,Online,Personal Care,Shampoo,1,13061.29,6648.05,12.7,N,Paid,Delivered,0,0,13061.29,1658.78383,11402.50617,11402.50617,6648.05,4754.45617,41.69658932,Medium Discount,2026-06-01 00:00:00
OL000773,O100451,C1345,2026-06-11 00:00:00,South,Online,Electronics,Smartwatch,3,10227.64,8274.77,21.3,Y,Pending,Cancelled,3,29114.29,30682.92,6535.46196,24147.45804,-4966.83196,0,-4966.83196,100,Medium Discount,2026-06-01 00:00:00
OL000774,O100451,C1345,2026-06-11 00:00:00,South,Online,Home,Mixer,1,1170.35,646.79,34.8,Y,Pending,Delivered,0,0,1170.35,407.2818,763.0682,763.0682,646.79,116.2782,15.23824476,High Discount,2026-06-01 00:00:00
OL000775,O100452,C1210,2026-05-19 00:00:00,East,Store,Fashion,Jacket,4,4100.51,2201.61,14.3,N,Paid,Delivered,0,0,16402.04,2345.49172,14056.54828,14056.54828,8806.44,5250.10828,37.34991106,Medium Discount,2026-05-01 00:00:00
OL000776,O100453,C1298,2026-06-01 00:00:00,North,Marketplace,Fashion,Jeans,3,12425.82,7509.91,32.3,Y,Paid,Delivered,0,0,37277.46,12040.61958,25236.84042,25236.84042,22529.73,2707.11042,10.7268199,High Discount,2026-06-01 00:00:00
OL000777,O100453,C1298,2026-06-01 00:00:00,North,Marketplace,Personal Care,Trimmer,4,5799.45,2985.52,14.2,N,Paid,Delivered,0,0,23197.8,3294.0876,19903.7124,19903.7124,11942.08,7961.6324,40.00074077,Medium Discount,2026-06-01 00:00:00
OL000778,O100454,C1190,2026-02-16 00:00:00,West,Store,Fashion,Jacket,2,1518.3,884.99,6,N,Paid,Cancelled,0,0,3036.6,182.196,2854.404,2854.404,1769.98,1084.424,37.99125842,Low Discount,2026-02-01 00:00:00
OL000779,O100455,C1463,2026-04-06 00:00:00,South,Marketplace,Personal Care,Face Wash,5,11733.34,6602.2,30.1,Y,Pending,Delivered,0,0,58666.7,17658.6767,41008.0233,41008.0233,33011,7997.0233,19.5011187,High Discount,2026-04-01 00:00:00
OL000780,O100455,C1463,2026-04-06 00:00:00,South,Marketplace,Fashion,T-Shirt,5,9069.51,4107.15,12.7,N,Paid,Cancelled,1,8089.45,45347.55,5759.13885,39588.41115,31498.96115,16428.6,15070.36115,47.84399421,Medium Discount,2026-04-01 00:00:00
OL000781,O100455,C1463,2026-04-06 00:00:00,South,Marketplace,Home,Lamp,4,5760.81,4102.29,32.5,Y,Pending,Delivered,0,0,23043.24,7489.053,15554.187,15554.187,16409.16,-854.973,-5.496738595,High Discount,2026-04-01 00:00:00
OL000782,O100456,C1129,2026-02-01 00:00:00,North,Store,Electronics,Earbuds,5,12150.92,9211.31,9.6,N,Failed,Delivered,0,0,60754.6,5832.4416,54922.1584,54922.1584,46056.55,8865.6084,16.14213399,Low Discount,2026-02-01 00:00:00
OL000783,O100456,C1129,2026-02-01 00:00:00,North,Store,Personal Care,Shampoo,5,13966.38,7641.22,18.9,N,Paid,Cancelled,0,0,69831.9,13198.2291,56633.6709,56633.6709,38206.1,18427.5709,32.53818904,Medium Discount,2026-02-01 00:00:00
OL000784,O100456,C1129,2026-02-01 00:00:00,North,Store,Personal Care,Perfume,4,1535.84,978.4,19.9,N,Paid,Delivered,3,4251.57,6143.36,1222.52864,4920.83136,669.26136,978.4,-309.13864,-46.19101871,Medium Discount,2026-02-01 00:00:00
OL000785,O100457,C1473,2026-05-28 00:00:00,West,Marketplace,Electronics,Earbuds,4,10841.59,7492.26,30.8,Y,Failed,Delivered,0,0,43366.36,13356.83888,30009.52112,30009.52112,29969.04,40.48112,0.134894255,High Discount,2026-05-01 00:00:00
OL000786,O100458,C1267,2026-06-01 00:00:00,North,Marketplace,Home,Mixer,5,3805.47,2199.75,0,N,Pending,Delivered,0,0,19027.35,0,19027.35,19027.35,10998.75,8028.6,42.19505081,Low Discount,2026-06-01 00:00:00
OL000787,O100458,C1267,2026-06-01 00:00:00,North,Marketplace,Electronics,Power Bank,3,5685.32,4404.71,23.8,Y,Paid,Delivered,0,0,17055.96,4059.31848,12996.64152,12996.64152,13214.13,-217.48848,-1.673420627,Medium Discount,2026-06-01 00:00:00
OL000788,O100458,C1267,2026-06-01 00:00:00,North,Marketplace,Electronics,Power Bank,4,11370.11,8895.86,25.9,Y,Paid,Delivered,0,0,45480.44,11779.43396,33701.00604,33701.00604,35583.44,-1882.43396,-5.585690699,High Discount,2026-06-01 00:00:00
OL000789,O100459,C1048,2026-05-27 00:00:00,East,Store,Personal Care,Perfume,4,2471.08,1478.55,5.2,N,Failed,Delivered,0,0,9884.32,513.98464,9370.33536,9370.33536,5914.2,3456.13536,36.8837958,Low Discount,2026-05-01 00:00:00
OL000790,O100459,C1048,2026-05-27 00:00:00,East,Store,Fashion,T-Shirt,4,5165.68,3231.85,19.2,N,Paid,Delivered,0,0,20662.72,3967.24224,16695.47776,16695.47776,12927.4,3768.07776,22.56945153,Medium Discount,2026-05-01 00:00:00
OL000791,O100459,C1048,2026-05-27 00:00:00,East,Store,Electronics,Keyboard,2,10933.7,7706.06,10.4,N,Pending,Delivered,0,0,21867.4,2274.2096,19593.1904,19593.1904,15412.12,4181.0704,21.33940576,Medium Discount,2026-05-01 00:00:00
OL000793,O100461,C1429,2026-04-20 00:00:00,North,Store,Home,Storage Box,4,14708.46,9458.54,11.5,N,Paid,Delivered,0,0,58833.84,6765.8916,52067.9484,52067.9484,37834.16,14233.7884,27.33694881,Medium Discount,2026-04-01 00:00:00
OL000794,O100461,C1429,2026-04-20 00:00:00,North,Store,Electronics,Earbuds,4,12102.04,9288.52,4.1,N,Failed,Delivered,3,35988.48,48408.16,1984.73456,46423.42544,10434.94544,9288.52,1146.42544,10.98640569,Low Discount,2026-04-01 00:00:00
OL000795,O100462,C1237,2026-05-04 00:00:00,South,Store,Electronics,Power Bank,2,14958.75,11652.25,11.7,N,Paid,Delivered,2,29323.16,29917.5,3500.3475,26417.1525,-2906.0075,0,-2906.0075,100,Medium Discount,2026-05-01 00:00:00
OL000797,O100464,C1517,2026-05-25 00:00:00,South,Online,Personal Care,Shampoo,5,10461.22,5353.49,27.4,Y,Paid,Delivered,0,0,52306.1,14331.8714,37974.2286,37974.2286,26767.45,11206.7786,29.5115372,High Discount,2026-05-01 00:00:00
OL000798,O100465,C1298,2026-04-03 00:00:00,South,Marketplace,Personal Care,Trimmer,4,9738.05,6598.34,32.6,Y,Paid,Cancelled,0,0,38952.2,12698.4172,26253.7828,26253.7828,26393.36,-139.5772,-0.531646053,High Discount,2026-04-01 00:00:00
OL000799,O100466,C1271,2026-01-11 00:00:00,South,Store,Electronics,Earbuds,5,6153.85,5037.45,3.9,N,Paid,Delivered,2,11410.31,30769.25,1200.00075,29569.24925,18158.93925,15112.35,3046.58925,16.77735251,Low Discount,2026-01-01 00:00:00
OL000800,O100467,C1199,2026-05-31 00:00:00,East,Marketplace,Personal Care,Perfume,4,11270.43,5662.47,19.8,N,Pending,Delivered,2,22159.27,45081.72,8926.18056,36155.53944,13996.26944,11324.94,2671.32944,19.08601039,Medium Discount,2026-05-01 00:00:00
OL000801,O100467,C1199,2026-05-31 00:00:00,East,Marketplace,Home,Lamp,3,10189.44,6510,27.8,Y,Failed,Delivered,0,0,30568.32,8497.99296,22070.32704,22070.32704,19530,2540.32704,11.51014679,High Discount,2026-05-01 00:00:00
OL000802,O100467,C1199,2026-05-31 00:00:00,East,Marketplace,Personal Care,Face Wash,2,11738.76,7733.51,42.4,Y,Pending,Delivered,0,0,23477.52,9954.46848,13523.05152,13523.05152,15467.02,-1943.96848,-14.37522054,High Discount,2026-05-01 00:00:00
OL000803,O100468,C1018,2026-04-19 00:00:00,West,Online,Fashion,Jeans,2,5864.68,3278.74,3.8,N,Paid,Cancelled,0,0,11729.36,445.71568,11283.64432,11283.64432,6557.48,4726.16432,41.88508771,Low Discount,2026-04-01 00:00:00
OL000804,O100468,C1018,2026-04-19 00:00:00,West,Online,Electronics,Earbuds,3,10203.91,7458.35,20.6,Y,Pending,Delivered,1,8756.16,30611.73,6306.01638,24305.71362,15549.55362,14916.7,632.85362,4.069915031,Medium Discount,2026-04-01 00:00:00
OL000805,O100469,C1434,2026-05-21 00:00:00,East,Store,Home,Bedsheet,4,4781.95,3299.69,11.2,N,Paid,Cancelled,0,0,19127.8,2142.3136,16985.4864,16985.4864,13198.76,3786.7264,22.29389439,Medium Discount,2026-05-01 00:00:00
OL000806,O100469,C1434,2026-05-21 00:00:00,East,Store,Home,Storage Box,2,3036.9,2074.35,0,N,Paid,Delivered,0,0,6073.8,0,6073.8,6073.8,4148.7,1925.1,31.69514966,Low Discount,2026-05-01 00:00:00
OL000807,O100470,C1365,2026-01-17 00:00:00,North,Online,Fashion,Jeans,2,6040.11,3414.79,17.8,N,Failed,Delivered,0,0,12080.22,2150.27916,9929.94084,9929.94084,6829.58,3100.36084,31.22234956,Medium Discount,2026-01-01 00:00:00
OL000808,O100471,C1424,2026-03-15 00:00:00,South,Store,Personal Care,Trimmer,4,8451.8,4429.88,9.7,N,Paid,Cancelled,2,16715.61,33807.2,3279.2984,30527.9016,13812.2916,8859.76,4952.5316,35.85597339,Low Discount,2026-03-01 00:00:00
OL000811,O100472,C1198,2026-02-04 00:00:00,South,Store,Home,Storage Box,4,10402.39,6987.72,17.5,N,Paid,Delivered,0,0,41609.56,7281.673,34327.887,34327.887,27950.88,6377.007,18.57675365,Medium Discount,2026-02-01 00:00:00
OL000812,O100472,C1198,2026-02-04 00:00:00,South,Store,Fashion,T-Shirt,5,7956.34,4788.14,11.8,N,Paid,Delivered,4,28302.05,39781.7,4694.2406,35087.4594,6785.4094,4788.14,1997.2694,29.43476631,Medium Discount,2026-02-01 00:00:00
OL000813,O100473,C1347,2026-04-08 00:00:00,East,Online,Electronics,Power Bank,3,2371.71,1663.11,6.9,N,Failed,Delivered,0,0,7115.13,490.94397,6624.18603,6624.18603,4989.33,1634.85603,24.68010443,Low Discount,2026-04-01 00:00:00
OL000814,O100474,C1185,2026-01-22 00:00:00,North,Marketplace,Fashion,Jacket,5,14868.48,9358.78,10.4,N,Failed,Delivered,5,73329.44,74342.4,7731.6096,66610.7904,-6718.6496,0,-6718.6496,100,Medium Discount,2026-01-01 00:00:00
OL000815,O100475,C1426,2026-02-07 00:00:00,South,Online,Personal Care,Perfume,4,11578.59,6912.89,19.7,N,Paid,Delivered,4,43939.78,46314.36,9123.92892,37190.43108,-6749.34892,0,-6749.34892,100,Medium Discount,2026-02-01 00:00:00
OL000816,O100475,C1426,2026-02-07 00:00:00,South,Online,Personal Care,Shampoo,4,9268.73,5033.61,38.4,Y,Paid,Delivered,0,0,37074.92,14236.76928,22838.15072,22838.15072,20134.44,2703.71072,11.83857114,High Discount,2026-02-01 00:00:00
OL000817,O100476,C1495,2026-04-28 00:00:00,East,Store,Personal Care,Face Wash,2,3648.97,2027.91,0,N,Pending,Delivered,2,7099.46,7297.94,0,7297.94,198.48,0,198.48,100,Low Discount,2026-04-01 00:00:00
OL000818,O100476,C1495,2026-04-28 00:00:00,East,Store,Electronics,Smartwatch,5,12372.23,8787.22,17.1,N,Pending,Delivered,3,34862.01,61861.15,10578.25665,51282.89335,16420.88335,17574.44,-1153.55665,-7.024936634,Medium Discount,2026-04-01 00:00:00
OL000819,O100477,C1400,2026-03-11 00:00:00,South,Marketplace,Fashion,Jacket,2,7671.34,4471.8,21.1,Y,Paid,Cancelled,0,0,15342.68,3237.30548,12105.37452,12105.37452,8943.6,3161.77452,26.11876663,Medium Discount,2026-03-01 00:00:00
OL000820,O100477,C1400,2026-03-11 00:00:00,South,Marketplace,Fashion,Jeans,5,2651.08,1194.46,17.5,N,Paid,Delivered,5,12698.51,13255.4,2319.695,10935.705,-1762.805,0,-1762.805,100,Medium Discount,2026-03-01 00:00:00
OL000821,O100478,C1267,2026-01-05 00:00:00,North,Store,Personal Care,Shampoo,1,13223.72,6951.49,0,N,Paid,Delivered,0,0,13223.72,0,13223.72,13223.72,6951.49,6272.23,47.43166068,Low Discount,2026-01-01 00:00:00
OL000822,O100478,C1267,2026-01-05 00:00:00,North,Store,Personal Care,Trimmer,1,3580.5,2070.69,9,N,Failed,Delivered,1,6273.2,3580.5,322.245,3258.255,-3014.945,0,-3014.945,100,Low Discount,2026-01-01 00:00:00
OL000823,O100479,C1358,2026-05-02 00:00:00,East,Online,Home,Lamp,3,9571.46,6746.91,3.2,N,Paid,Delivered,0,0,28714.38,918.86016,27795.51984,27795.51984,20240.73,7554.78984,27.17988325,Low Discount,2026-05-01 00:00:00
OL000824,O100480,C1020,2026-02-19 00:00:00,North,Marketplace,Electronics,Power Bank,1,3966.53,2801.88,25.3,Y,Paid,Delivered,0,0,3966.53,1003.53209,2962.99791,2962.99791,2801.88,161.11791,5.437665327,High Discount,2026-02-01 00:00:00
OL000825,O100480,C1020,2026-02-19 00:00:00,North,Marketplace,Home,Bedsheet,5,4179.98,2375.48,11.1,N,Pending,Delivered,0,0,20899.9,2319.8889,18580.0111,18580.0111,11877.4,6702.6111,36.0743116,Medium Discount,2026-02-01 00:00:00
OL000826,O100481,C1370,2026-02-19 00:00:00,East,Marketplace,Electronics,Smartwatch,1,4989.23,3721.19,14,N,Paid,Delivered,1,4971.68,4989.23,698.4922,4290.7378,-680.9422,0,-680.9422,100,Medium Discount,2026-02-01 00:00:00
OL000827,O100482,C1487,2026-05-03 00:00:00,South,Online,Personal Care,Shampoo,1,3118.6,1982.68,11.3,N,Failed,Delivered,0,0,3118.6,352.4018,2766.1982,2766.1982,1982.68,783.5182,28.32473103,Medium Discount,2026-05-01 00:00:00
OL000828,O100483,C1434,2026-03-30 00:00:00,South,Store,Fashion,T-Shirt,1,5463.79,2817.76,3.2,N,Paid,Delivered,0,0,5463.79,174.84128,5288.94872,5288.94872,2817.76,2471.18872,46.7236279,Low Discount,2026-03-01 00:00:00
OL000829,O100483,C1434,2026-03-30 00:00:00,South,Store,Personal Care,Shampoo,3,14066.55,9296.95,11.3,N,Failed,Delivered,0,0,42199.65,4768.56045,37431.08955,37431.08955,27890.85,9540.23955,25.48747489,Medium Discount,2026-03-01 00:00:00
OL000830,O100484,C1358,2026-04-04 00:00:00,West,Marketplace,Fashion,T-Shirt,4,5404.2,3107.9,27.3,Y,Paid,Delivered,0,0,21616.8,5901.3864,15715.4136,15715.4136,12431.6,3283.8136,20.89549587,High Discount,2026-04-01 00:00:00
OL000831,O100485,C1308,2026-02-05 00:00:00,North,Marketplace,Home,Lamp,1,9380.46,5966.97,35.5,Y,Failed,Delivered,0,0,9380.46,3330.0633,6050.3967,6050.3967,5966.97,83.4267,1.378863307,High Discount,2026-02-01 00:00:00
OL000832,O100486,C1042,2026-04-10 00:00:00,South,Marketplace,Personal Care,Face Wash,4,2927.99,1572.33,27.5,Y,Paid,Cancelled,0,0,11711.96,3220.789,8491.171,8491.171,6289.32,2201.851,25.93106416,High Discount,2026-04-01 00:00:00
OL000833,O100487,C1055,2026-06-30 00:00:00,South,Marketplace,Home,Storage Box,4,2219.61,1295.41,24.7,Y,Paid,Delivered,0,0,8878.44,2192.97468,6685.46532,6685.46532,5181.64,1503.82532,22.4939514,Medium Discount,2026-06-01 00:00:00
OL000834,O100488,C1200,2026-05-06 00:00:00,West,Online,Personal Care,Face Wash,5,13091.19,8862.03,17.9,N,Failed,Cancelled,0,0,65455.95,11716.61505,53739.33495,53739.33495,44310.15,9429.18495,17.54615117,Medium Discount,2026-05-01 00:00:00
OL000835,O100488,C1200,2026-05-06 00:00:00,West,Online,Personal Care,Trimmer,5,8291.51,5063.21,43,Y,Failed,Delivered,5,39981.61,41457.55,17826.7465,23630.8035,-16350.8065,0,-16350.8065,100,High Discount,2026-05-01 00:00:00
OL000837,O100490,C1037,2026-04-17 00:00:00,South,Store,Personal Care,Shampoo,2,6989.34,4521.82,9.7,N,Failed,Delivered,0,0,13978.68,1355.93196,12622.74804,12622.74804,9043.64,3579.10804,28.35442828,Low Discount,2026-04-01 00:00:00
OL000838,O100490,C1037,2026-04-17 00:00:00,South,Store,Personal Care,Perfume,4,11862.13,7127.75,1.5,N,Paid,Delivered,3,33184.22,47448.52,711.7278,46736.7922,13552.5722,7127.75,6424.8222,47.40666277,Low Discount,2026-04-01 00:00:00
OL000839,O100491,C1431,2026-02-13 00:00:00,North,Store,Personal Care,Shampoo,1,8960.12,6082.44,0,N,Paid,Delivered,0,0,8960.12,0,8960.12,8960.12,6082.44,2877.68,32.11653415,Low Discount,2026-02-01 00:00:00
OL000840,O100492,C1099,2026-02-14 00:00:00,East,Online,Personal Care,Shampoo,3,10095.42,5766.78,8.1,N,Failed,Delivered,0,0,30286.26,2453.18706,27833.07294,27833.07294,17300.34,10532.73294,37.84250831,Low Discount,2026-02-01 00:00:00
OL000841,O100492,C1099,2026-02-14 00:00:00,East,Online,Home,Storage Box,2,1940.43,1180.28,14.6,N,Paid,Cancelled,0,0,3880.86,566.60556,3314.25444,3314.25444,2360.56,953.69444,28.77553481,Medium Discount,2026-02-01 00:00:00
OL000843,O100494,C1231,2026-01-01 00:00:00,North,Store,Fashion,T-Shirt,1,1518.11,877.93,21.8,Y,Paid,Delivered,0,0,1518.11,330.94798,1187.16202,1187.16202,877.93,309.23202,26.0480048,Medium Discount,2026-01-01 00:00:00
OL000844,O100495,C1032,2026-04-17 00:00:00,North,Marketplace,Electronics,Power Bank,2,2939.13,2239.15,19.5,N,Pending,Delivered,0,0,5878.26,1146.2607,4731.9993,4731.9993,4478.3,253.6993,5.3613554,Medium Discount,2026-04-01 00:00:00
OL000845,O100495,C1032,2026-04-17 00:00:00,North,Marketplace,Home,Mixer,2,10149.86,7085.73,22,Y,Paid,Delivered,0,0,20299.72,4465.9384,15833.7816,15833.7816,14171.46,1662.3216,10.49857603,Medium Discount,2026-04-01 00:00:00
OL000846,O100495,C1032,2026-04-17 00:00:00,North,Marketplace,Fashion,Shoes,2,12314.91,7654.18,15,N,Pending,Delivered,0,0,24629.82,3694.473,20935.347,20935.347,15308.36,5626.987,26.87792564,Medium Discount,2026-04-01 00:00:00
OL000847,O100496,C1360,2026-04-17 00:00:00,East,Online,Home,Storage Box,3,1048.61,598.41,13.8,N,Paid,Delivered,0,0,3145.83,434.12454,2711.70546,2711.70546,1795.23,916.47546,33.79701349,Medium Discount,2026-04-01 00:00:00
OL000848,O100497,C1356,2026-01-30 00:00:00,East,Marketplace,Fashion,T-Shirt,2,7314.42,4271.84,15.2,N,Paid,Delivered,1,6432.26,14628.84,2223.58368,12405.25632,5972.99632,4271.84,1701.15632,28.48078634,Medium Discount,2026-01-01 00:00:00
OL000849,O100497,C1356,2026-01-30 00:00:00,East,Marketplace,Electronics,Smartwatch,1,7346.34,6017.92,25.6,Y,Paid,Cancelled,0,0,7346.34,1880.66304,5465.67696,5465.67696,6017.92,-552.24304,-10.10383607,High Discount,2026-01-01 00:00:00
OL000850,O100498,C1124,2026-02-18 00:00:00,South,Store,Home,Storage Box,3,4493.57,3155.34,9.1,N,Paid,Delivered,0,0,13480.71,1226.74461,12253.96539,12253.96539,9466.02,2787.94539,22.75137314,Low Discount,2026-02-01 00:00:00
OL000851,O100498,C1124,2026-02-18 00:00:00,South,Store,Electronics,Earbuds,4,764.48,625.99,5.5,N,Paid,Delivered,0,0,3057.92,168.1856,2889.7344,2889.7344,2503.96,385.7744,13.34982205,Low Discount,2026-02-01 00:00:00
OL000852,O100499,C1187,2026-06-24 00:00:00,East,Marketplace,Personal Care,Trimmer,3,13494.36,7657.73,31.8,Y,Paid,Delivered,0,0,40483.08,12873.61944,27609.46056,27609.46056,22973.19,4636.27056,16.79232577,High Discount,2026-06-01 00:00:00
OL000853,O100499,C1187,2026-06-24 00:00:00,East,Marketplace,Electronics,Keyboard,5,5042.23,3876.6,28.7,Y,Pending,Cancelled,5,25088.16,25211.15,7235.60005,17975.54995,-7112.61005,0,-7112.61005,100,High Discount,2026-06-01 00:00:00
OL000854,O100499,C1187,2026-06-24 00:00:00,East,Marketplace,Personal Care,Shampoo,3,2367.93,1344.36,24.9,Y,Failed,Delivered,0,0,7103.79,1768.84371,5334.94629,5334.94629,4033.08,1301.86629,24.40261287,Medium Discount,2026-06-01 00:00:00
OL000857,O100500,,2026-04-26 00:00:00,East,Marketplace,Personal Care,Face Wash,2,10247.95,5351.13,36.1,Y,Pending,Cancelled,0,0,20495.9,7399.0199,13096.8801,13096.8801,10702.26,2394.6201,18.28389725,High Discount,2026-04-01 00:00:00
OL000858,O100501,C1506,2026-02-24 00:00:00,South,Marketplace,Fashion,T-Shirt,1,1901.93,1142.03,26.1,Y,Failed,Delivered,0,0,1901.93,496.40373,1405.52627,1405.52627,1142.03,263.49627,18.74716081,High Discount,2026-02-01 00:00:00
OL000859,O100502,C1519,2026-04-10 00:00:00,North,Marketplace,Home,Storage Box,3,1836.32,1208.73,22.6,Y,Paid,Cancelled,0,0,5508.96,1245.02496,4263.93504,4263.93504,3626.19,637.74504,14.95672504,Medium Discount,2026-04-01 00:00:00
OL000860,O100502,C1519,2026-04-10 00:00:00,North,Marketplace,Electronics,Power Bank,4,9236.18,6702.79,7.4,N,Pending,Delivered,0,0,36944.72,2733.90928,34210.81072,34210.81072,26811.16,7399.65072,21.62956844,Low Discount,2026-04-01 00:00:00
OL000861,O100502,C1519,2026-04-10 00:00:00,North,Marketplace,Fashion,Jeans,3,8307.7,4957.37,41.2,Y,Paid,Delivered,0,0,24923.1,10268.3172,14654.7828,14654.7828,14872.11,-217.3272,-1.482977967,High Discount,2026-04-01 00:00:00
OL000862,O100503,C1352,2026-03-01 00:00:00,North,Marketplace,Fashion,T-Shirt,5,9772.57,4925.1,17.7,N,Pending,Delivered,0,0,48862.85,8648.72445,40214.12555,40214.12555,24625.5,15588.62555,38.76405451,Medium Discount,2026-03-01 00:00:00
OL000863,O100503,C1352,2026-03-01 00:00:00,North,Marketplace,Home,Mixer,3,11921.41,8361.95,24.5,Y,Paid,Delivered,0,0,35764.23,8762.23635,27001.99365,27001.99365,25085.85,1916.14365,7.09630435,Medium Discount,2026-03-01 00:00:00
OL000865,O100505,C1191,2026-02-15 00:00:00,East,Online,Home,Lamp,2,9669.46,6403.46,14,N,Paid,Cancelled,0,0,19338.92,2707.4488,16631.4712,16631.4712,12806.92,3824.5512,22.99586822,Medium Discount,2026-02-01 00:00:00
OL000866,O100506,C1093,2026-03-09 00:00:00,West,Store,Electronics,Power Bank,5,10955.81,8728.8,5.4,N,Paid,Delivered,0,0,54779.05,2958.0687,51820.9813,51820.9813,43644,8176.9813,15.77928687,Low Discount,2026-03-01 00:00:00
OL000867,O100506,C1093,2026-03-09 00:00:00,West,Store,Home,Storage Box,5,3728.56,2233.67,5.4,N,Pending,Delivered,0,0,18642.8,1006.7112,17636.0888,17636.0888,11168.35,6467.7388,36.67331727,Low Discount,2026-03-01 00:00:00
OL000868,O100507,C1375,2026-02-27 00:00:00,South,Store,Personal Care,Trimmer,3,12474.23,7135.18,0,N,Paid,Cancelled,0,0,37422.69,0,37422.69,37422.69,21405.54,16017.15,42.80063779,Low Discount,2026-02-01 00:00:00
OL000869,O100507,C1375,2026-02-27 00:00:00,South,Store,Home,Lamp,5,6217.2,4128.77,0,N,Paid,Delivered,0,0,31086,0,31086,31086,20643.85,10442.15,33.59116644,Low Discount,2026-02-01 00:00:00
OL000870,O100508,C1336,2026-01-13 00:00:00,North,Online,Fashion,Jacket,1,14170.05,9101.29,20,Y,Paid,Delivered,1,12544.11,14170.05,2834.01,11336.04,-1208.07,0,-1208.07,100,Medium Discount,2026-01-01 00:00:00
OL000871,O100508,C1336,2026-01-13 00:00:00,North,Online,Home,Lamp,5,2795.77,1613.15,20.4,Y,Paid,Cancelled,0,0,13978.85,2851.6854,11127.1646,11127.1646,8065.75,3061.4146,27.51298026,Medium Discount,2026-01-01 00:00:00
OL000872,O100508,C1336,2026-01-13 00:00:00,North,Online,Fashion,Jacket,1,11315.77,5662.51,22.3,Y,Paid,Delivered,0,0,11315.77,2523.41671,8792.35329,8792.35329,5662.51,3129.84329,35.59733312,Medium Discount,2026-01-01 00:00:00
OL000873,O100509,C1162,2026-06-26 00:00:00,North,Marketplace,Fashion,Shoes,4,2024.24,1061.2,21.3,Y,Paid,Cancelled,0,0,8096.96,1724.65248,6372.30752,6372.30752,4244.8,2127.50752,33.38676788,Medium Discount,2026-06-01 00:00:00
OL000875,O100510,C1028,2026-06-28 00:00:00,West,Marketplace,Electronics,Smartwatch,5,13050.06,9859.49,38.6,Y,Failed,Delivered,0,0,65250.3,25186.6158,40063.6842,40063.6842,49297.45,-9233.7658,-23.04772011,High Discount,2026-06-01 00:00:00
OL000876,O100511,C1278,2026-05-13 00:00:00,South,Marketplace,Fashion,Jacket,1,2595.49,1653.67,32.9,Y,Pending,Delivered,0,0,2595.49,853.91621,1741.57379,1741.57379,1653.67,87.90379,5.047376718,High Discount,2026-05-01 00:00:00
OL000877,O100511,C1278,2026-05-13 00:00:00,South,Marketplace,Home,Mixer,5,9962.17,7062.33,21.6,Y,Paid,Delivered,0,0,49810.85,10759.1436,39051.7064,39051.7064,35311.65,3740.0564,9.577190717,Medium Discount,2026-05-01 00:00:00
OL000878,O100512,C1283,2026-05-14 00:00:00,South,Online,Home,Storage Box,1,4957.8,3350.88,13.5,N,Paid,Delivered,0,0,4957.8,669.303,4288.497,4288.497,3350.88,937.617,21.86353401,Medium Discount,2026-05-01 00:00:00
OL000879,O100513,C1390,2026-06-20 00:00:00,South,Online,Home,Mixer,3,621.61,417.7,7.9,N,Paid,Delivered,0,0,1864.83,147.32157,1717.50843,1717.50843,1253.1,464.40843,27.03965942,Low Discount,2026-06-01 00:00:00
OL000880,O100514,C1340,2026-04-29 00:00:00,East,Store,Home,Mixer,2,3750.67,2443.82,1.2,N,Paid,Delivered,0,0,7501.34,90.01608,7411.32392,7411.32392,4887.64,2523.68392,34.05172878,Low Discount,2026-04-01 00:00:00
OL000881,O100514,C1340,2026-04-29 00:00:00,East,Store,Fashion,T-Shirt,1,6779.79,3678.27,0,N,Paid,Delivered,0,0,6779.79,0,6779.79,6779.79,3678.27,3101.52,45.74654967,Low Discount,2026-04-01 00:00:00
OL000882,O100514,C1340,2026-04-29 00:00:00,East,Store,Fashion,Jeans,2,1622.74,828.49,21.2,Y,Paid,Delivered,2,3164.36,3245.48,688.04176,2557.43824,-606.92176,0,-606.92176,100,Medium Discount,2026-04-01 00:00:00
OL000883,O100515,C1509,2026-03-16 00:00:00,East,Store,Personal Care,Face Wash,3,7453.49,4843.72,16.7,N,Pending,Delivered,0,0,22360.47,3734.19849,18626.27151,18626.27151,14531.16,4095.11151,21.98567495,Medium Discount,2026-03-01 00:00:00
OL000884,O100515,C1509,2026-03-16 00:00:00,East,Store,Electronics,Keyboard,1,9071.51,6314.6,24.2,Y,Failed,Cancelled,0,0,9071.51,2195.30542,6876.20458,6876.20458,6314.6,561.60458,8.167362874,Medium Discount,2026-03-01 00:00:00
OL000885,O100516,C1074,2026-06-28 00:00:00,South,Marketplace,Electronics,Earbuds,3,7025.69,5319.9,25.2,Y,Failed,Delivered,2,13217.29,21077.07,5311.42164,15765.64836,2548.35836,5319.9,-2771.54164,-108.7579237,High Discount,2026-06-01 00:00:00
OL000886,O100516,C1074,2026-06-28 00:00:00,South,Marketplace,Fashion,Shoes,4,12590.85,6274.94,20.9,Y,Failed,Delivered,0,0,50363.4,10525.9506,39837.4494,39837.4494,25099.76,14737.6894,36.9945607,Medium Discount,2026-06-01 00:00:00
OL000887,O100517,C1362,2026-06-07 00:00:00,West,Store,Home,Bedsheet,2,6352.95,4392.92,13,N,Pending,Delivered,0,0,12705.9,1651.767,11054.133,11054.133,8785.84,2268.293,20.51986348,Medium Discount,2026-06-01 00:00:00
OL000888,O100517,C1362,2026-06-07 00:00:00,West,Store,Home,Storage Box,2,10634.84,7333.24,14.6,N,Pending,Delivered,0,0,21269.68,3105.37328,18164.30672,18164.30672,14666.48,3497.82672,19.25659357,Medium Discount,2026-06-01 00:00:00
OL000889,O100517,C1362,2026-06-07 00:00:00,West,Store,Home,Lamp,3,9417.24,6463.98,9.9,N,Paid,Delivered,2,17808.84,28251.72,2796.92028,25454.79972,7645.95972,6463.98,1181.97972,15.45887977,Low Discount,2026-06-01 00:00:00
OL000890,O100518,C1448,2026-05-02 00:00:00,South,Marketplace,Home,Mixer,5,14488.14,9985.76,36.4,Y,Paid,Delivered,0,0,72440.7,26368.4148,46072.2852,46072.2852,49928.8,-3856.5148,-8.37057416,High Discount,2026-05-01 00:00:00
OL000891,O100519,C1407,2026-02-27 00:00:00,South,Marketplace,Fashion,Jacket,1,11110.44,5401.76,22.3,Y,Paid,Delivered,0,0,11110.44,2477.62812,8632.81188,8632.81188,5401.76,3231.05188,37.42757198,Medium Discount,2026-02-01 00:00:00
OL000892,O100519,C1407,2026-02-27 00:00:00,South,Marketplace,Personal Care,Shampoo,1,13213.59,7598.28,35.3,Y,Paid,Delivered,1,22935.36,13213.59,4664.39727,8549.19273,-14386.16727,0,-14386.16727,100,High Discount,2026-02-01 00:00:00
OL000893,O100520,C1061,2026-04-03 00:00:00,North,Online,Personal Care,Shampoo,1,6811.22,4341.87,10.5,N,Pending,Delivered,0,0,6811.22,715.1781,6096.0419,6096.0419,4341.87,1754.1719,28.77558798,Medium Discount,2026-04-01 00:00:00
OL000894,O100521,C1208,2026-01-01 00:00:00,South,Online,Home,Lamp,2,7144.73,4755.96,16.9,N,Paid,Delivered,0,0,14289.46,2414.91874,11874.54126,11874.54126,9511.92,2362.62126,19.8965266,Medium Discount,2026-01-01 00:00:00
OL000895,O100522,C1359,2026-03-21 00:00:00,North,Marketplace,Personal Care,Trimmer,4,12619.47,8209.17,16.7,N,Failed,Delivered,0,0,50477.88,8429.80596,42048.07404,42048.07404,32836.68,9211.39404,21.90681559,Medium Discount,2026-03-01 00:00:00
OL000896,O100522,C1359,2026-03-21 00:00:00,North,Marketplace,Home,Bedsheet,2,4041.96,2336.3,12,N,Paid,Cancelled,0,0,8083.92,970.0704,7113.8496,7113.8496,4672.6,2441.2496,34.31685708,Medium Discount,2026-03-01 00:00:00
OL000897,O100523,C1502,2026-04-19 00:00:00,East,Online,Electronics,Earbuds,5,9296.35,7385.02,12.7,N,Paid,Cancelled,0,0,46481.75,5903.18225,40578.56775,40578.56775,36925.1,3653.46775,9.003441848,Medium Discount,2026-04-01 00:00:00
OL000898,O100523,C1502,2026-04-19 00:00:00,East,Online,Fashion,Jacket,2,3044.93,1840.18,33.8,Y,Failed,Cancelled,0,0,6089.86,2058.37268,4031.48732,4031.48732,3680.36,351.12732,8.709622334,High Discount,2026-04-01 00:00:00
OL000899,O100523,C1502,2026-04-19 00:00:00,East,Online,Fashion,T-Shirt,1,9525.29,5030.16,15.3,N,Paid,Delivered,0,0,9525.29,1457.36937,8067.92063,8067.92063,5030.16,3037.76063,37.65233657,Medium Discount,2026-04-01 00:00:00
OL000900,O100524,C1505,2026-03-03 00:00:00,South,Online,Electronics,Smartwatch,3,13782.81,10379.3,10.3,N,Paid,Delivered,0,0,41348.43,4258.88829,37089.54171,37089.54171,31137.9,5951.64171,16.04668442,Medium Discount,2026-03-01 00:00:00
OL000901,O100525,C1254,2026-03-14 00:00:00,East,Marketplace,Home,Lamp,3,2639.34,1839.07,19.5,N,Failed,Delivered,0,0,7918.02,1544.0139,6374.0061,6374.0061,5517.21,856.7961,13.44203452,Medium Discount,2026-03-01 00:00:00
OL000903,O100526,C1501,2026-01-10 00:00:00,South,Store,Personal Care,Face Wash,4,2569.59,1482.27,0.4,N,Pending,Delivered,3,7155.04,10278.36,41.11344,10237.24656,3082.20656,1482.27,1599.93656,51.90880393,Low Discount,2026-01-01 00:00:00
OL000904,O100526,C1501,2026-01-10 00:00:00,South,Store,Personal Care,Face Wash,5,10880.03,6547.97,0,N,Failed,Cancelled,0,0,54400.15,0,54400.15,54400.15,32739.85,21660.3,39.81661815,Low Discount,2026-01-01 00:00:00
OL000905,O100527,C1137,2026-05-25 00:00:00,West,Online,Electronics,Earbuds,2,10514.04,8469.48,13.4,N,Paid,Delivered,0,0,21028.08,2817.76272,18210.31728,18210.31728,16938.96,1271.35728,6.981521851,Medium Discount,2026-05-01 00:00:00
OL000906,O100528,C1068,2026-03-01 00:00:00,North,Online,Electronics,Keyboard,4,12423.67,9146.18,14.8,N,Paid,Cancelled,0,0,49694.68,7354.81264,42339.86736,42339.86736,36584.72,5755.14736,13.59273828,Medium Discount,2026-03-01 00:00:00
OL000907,O100528,C1068,2026-03-01 00:00:00,North,Online,Personal Care,Trimmer,5,966.03,628.09,22.2,Y,Paid,Delivered,0,0,4830.15,1072.2933,3757.8567,3757.8567,3140.45,617.4067,16.42975636,Medium Discount,2026-03-01 00:00:00
OL000908,O100529,C1190,2026-03-11 00:00:00,North,Marketplace,Personal Care,Perfume,3,9921.65,6161.57,3.2,N,Paid,Cancelled,0,0,29764.95,952.4784,28812.4716,28812.4716,18484.71,10327.7616,35.84476106,Low Discount,2026-03-01 00:00:00
OL000909,O100529,C1190,2026-03-11 00:00:00,North,Marketplace,Personal Care,Perfume,4,7989.16,4486.43,34.7,Y,Failed,Delivered,1,7648.91,31956.64,11088.95408,20867.68592,13218.77592,13459.29,-240.51408,-1.81948829,High Discount,2026-03-01 00:00:00
OL000910,O100529,C1190,2026-03-11 00:00:00,North,Marketplace,Electronics,Power Bank,5,14080.33,10642.81,36.8,Y,Failed,Delivered,0,0,70401.65,25907.8072,44493.8428,44493.8428,53214.05,-8720.2072,-19.59868299,High Discount,2026-03-01 00:00:00
OL000911,O100530,C1318,2026-05-06 00:00:00,East,Marketplace,Home,Mixer,1,12995.02,7323.76,27,Y,Pending,Delivered,1,12166.41,12995.02,3508.6554,9486.3646,-2680.0454,0,-2680.0454,100,High Discount,2026-05-01 00:00:00
OL000912,O100531,C1015,2026-01-17 00:00:00,East,Store,Personal Care,Shampoo,3,2427.56,1518.62,20.6,Y,Paid,Delivered,3,6280.36,7282.68,1500.23208,5782.44792,-497.91208,0,-497.91208,100,Medium Discount,2026-01-01 00:00:00
OL000915,O100532,C1107,2026-05-01 00:00:00,East,Marketplace,Home,Storage Box,3,10312.52,5737.45,13.4,N,Pending,Delivered,2,-18482.5,30937.56,4145.63304,26791.92696,45274.42696,5737.45,39536.97696,87.32739344,Medium Discount,2026-05-01 00:00:00
OL000916,O100532,C1107,2026-05-01 00:00:00,East,Marketplace,Fashion,Shoes,3,13206.7,8109.49,23.3,Y,Failed,Delivered,0,0,39620.1,9231.4833,30388.6167,30388.6167,24328.47,6060.1467,19.94216045,Medium Discount,2026-05-01 00:00:00
OL000917,O100533,C1487,2026-04-14 00:00:00,East,Online,Fashion,Shoes,3,13407.66,7268.84,2.1,N,Paid,Delivered,0,0,40222.98,844.68258,39378.29742,39378.29742,21806.52,17571.77742,44.6229994,Low Discount,2026-04-01 00:00:00
OL000918,O100533,C1487,2026-04-14 00:00:00,East,Online,Personal Care,Face Wash,5,4988.13,3304.33,17.7,N,Paid,Delivered,0,0,24940.65,4414.49505,20526.15495,20526.15495,16521.65,4004.50495,19.50927955,Medium Discount,2026-04-01 00:00:00
OL000919,O100534,C1491,2026-06-10 00:00:00,South,Online,Fashion,T-Shirt,5,4637.53,2525,10.8,N,Paid,Delivered,0,0,23187.65,2504.2662,20683.3838,20683.3838,12625,8058.3838,38.96066465,Medium Discount,2026-06-01 00:00:00
OL000920,O100534,C1491,2026-06-10 00:00:00,South,Online,Fashion,Shoes,2,10713.86,6548.42,25.8,Y,Pending,Cancelled,2,19815.42,21427.72,5528.35176,15899.36824,-3916.05176,0,-3916.05176,100,High Discount,2026-06-01 00:00:00
OL000921,O100535,C1490,2026-01-19 00:00:00,West,Store,Personal Care,Perfume,1,373.33,240.13,24.4,Y,Paid,Cancelled,0,0,373.33,91.09252,282.23748,282.23748,240.13,42.10748,14.91916665,Medium Discount,2026-01-01 00:00:00
OL000922,O100536,C1220,2026-02-16 00:00:00,West,Store,Personal Care,Face Wash,2,1056.92,648.48,0,N,Paid,Cancelled,1,932.53,2113.84,0,2113.84,1181.31,648.48,532.83,45.10501054,Low Discount,2026-02-01 00:00:00
OL000923,O100536,C1220,2026-02-16 00:00:00,West,Store,Home,Bedsheet,4,9227.1,6201.81,2.7,N,Failed,Cancelled,0,0,36908.4,996.5268,35911.8732,35911.8732,24807.24,11104.6332,30.92189911,Low Discount,2026-02-01 00:00:00
OL000924,O100537,C1192,2026-05-24 00:00:00,East,Marketplace,Electronics,Keyboard,1,12705.88,10212.6,25.6,Y,Paid,Delivered,0,0,12705.88,3252.70528,9453.17472,9453.17472,10212.6,-759.42528,-8.033547485,High Discount,2026-05-01 00:00:00
OL000925,O100538,C1377,2026-05-09 00:00:00,North,Online,Home,Storage Box,3,1308.76,912.4,24.8,Y,Paid,Delivered,0,0,3926.28,973.71744,2952.56256,2952.56256,2737.2,215.36256,7.294089647,Medium Discount,2026-05-01 00:00:00
OL000926,O100539,C1052,2026-02-06 00:00:00,South,Online,Fashion,Jacket,2,1878.75,932.27,32.8,Y,Failed,Delivered,0,0,3757.5,1232.46,2525.04,2525.04,1864.54,660.5,26.15800146,High Discount,2026-02-01 00:00:00
OL000927,O100539,C1052,2026-02-06 00:00:00,South,Online,Personal Care,Trimmer,3,13075.71,8330.45,22.3,Y,Paid,Cancelled,0,0,39227.13,8747.64999,30479.48001,30479.48001,24991.35,5488.13001,18.00598307,Medium Discount,2026-02-01 00:00:00
OL000928,O100540,C1242,2026-04-21 00:00:00,West,Store,Personal Care,Face Wash,1,8912.09,5709.45,0.5,N,Failed,Delivered,1,8488.73,8912.09,44.56045,8867.52955,378.79955,0,378.79955,100,Low Discount,2026-04-01 00:00:00
OL000929,O100541,C1011,2026-02-05 00:00:00,North,Marketplace,Personal Care,Face Wash,5,6145.56,4147.89,30.5,Y,Paid,Delivered,0,0,30727.8,9371.979,21355.821,21355.821,20739.45,616.371,2.886196696,High Discount,2026-02-01 00:00:00
OL000930,O100542,C1143,2026-04-27 00:00:00,South,Store,Fashion,Jeans,3,14630.98,8713.69,14.9,N,Paid,Cancelled,0,0,43892.94,6540.04806,37352.89194,37352.89194,26141.07,11211.82194,30.01594082,Medium Discount,2026-04-01 00:00:00
OL000931,O100542,C1143,2026-04-27 00:00:00,South,Store,Personal Care,Face Wash,3,10825,6914.66,0.6,N,Paid,Cancelled,0,0,32475,194.85,32280.15,32280.15,20743.98,11536.17,35.73765921,Low Discount,2026-04-01 00:00:00
OL000932,O100543,C1007,2026-03-08 00:00:00,North,Marketplace,Electronics,Keyboard,3,7943.09,6155.79,24.4,Y,Paid,Cancelled,0,0,23829.27,5814.34188,18014.92812,18014.92812,18467.37,-452.44188,-2.511483127,Medium Discount,2026-03-01 00:00:00
OL000933,O100543,C1007,2026-03-08 00:00:00,North,Marketplace,Home,Storage Box,4,7616.05,4921.74,22.9,Y,Paid,Delivered,0,0,30464.2,6976.3018,23487.8982,23487.8982,19686.96,3800.9382,16.18253863,Medium Discount,2026-03-01 00:00:00
OL000934,O100543,C1007,2026-03-08 00:00:00,North,Marketplace,Fashion,T-Shirt,4,5837.82,2844.64,27.5,Y,Paid,Cancelled,0,0,23351.28,6421.602,16929.678,16929.678,11378.56,5551.118,32.78927101,High Discount,2026-03-01 00:00:00
OL000935,O100544,C1287,2026-04-05 00:00:00,South,Online,Home,Bedsheet,1,13221.69,8972.12,23.7,Y,Paid,Delivered,0,0,13221.69,3133.54053,10088.14947,10088.14947,8972.12,1116.02947,11.06277691,Medium Discount,2026-04-01 00:00:00
OL000936,O100545,C1489,2026-04-07 00:00:00,North,Marketplace,Home,Bedsheet,2,9886.47,5984.85,13,N,Failed,Delivered,0,0,19772.94,2570.4822,17202.4578,17202.4578,11969.7,5232.7578,30.41866378,Medium Discount,2026-04-01 00:00:00
OL000937,O100546,C1432,2026-04-03 00:00:00,South,Store,Home,Mixer,5,11275.53,7654.03,0,N,Failed,Delivered,0,0,56377.65,0,56377.65,56377.65,38270.15,18107.5,32.11822415,Low Discount,2026-04-01 00:00:00
OL000938,O100546,C1432,2026-04-03 00:00:00,South,Store,Fashion,Jeans,4,9415.57,5576.82,12.2,N,Pending,Delivered,0,0,37662.28,4594.79816,33067.48184,33067.48184,22307.28,10760.20184,32.54013079,Medium Discount,2026-04-01 00:00:00
OL000939,O100547,C1164,2026-04-02 00:00:00,South,Online,Home,Bedsheet,2,6366.33,3989.66,23.8,Y,Paid,Cancelled,0,0,12732.66,3030.37308,9702.28692,9702.28692,7979.32,1722.96692,17.75835877,Medium Discount,2026-04-01 00:00:00
OL000940,O100547,C1164,2026-04-02 00:00:00,South,Online,Personal Care,Face Wash,5,6815.54,3826.75,20.2,Y,Paid,Delivered,0,0,34077.7,6883.6954,27194.0046,27194.0046,19133.75,8060.2546,29.63982215,Medium Discount,2026-04-01 00:00:00
OL000941,O100547,,2026-04-02 00:00:00,South,Online,Electronics,Power Bank,5,12512.01,9116.74,27.4,Y,Failed,Cancelled,0,0,62560.05,17141.4537,45418.5963,45418.5963,45583.7,-165.1037,-0.363515638,High Discount,2026-04-01 00:00:00
OL000942,O100548,C1384,2026-06-02 00:00:00,South,Store,Personal Care,Shampoo,4,6605.08,3559.86,4,N,Paid,Delivered,0,0,26420.32,1056.8128,25363.5072,25363.5072,14239.44,11124.0672,43.85855281,Low Discount,2026-06-01 00:00:00
OL000943,O100548,C1384,2026-06-02 00:00:00,South,Store,Home,Bedsheet,4,2171.99,1368.04,10.1,N,Failed,Delivered,0,0,8687.96,877.48396,7810.47604,7810.47604,5472.16,2338.31604,29.93820131,Medium Discount,2026-06-01 00:00:00
OL000944,O100548,C1384,2026-06-02 00:00:00,South,Store,Electronics,Power Bank,5,14620.22,10284.01,2.3,N,Paid,Delivered,0,0,73101.1,1681.3253,71419.7747,71419.7747,51420.05,19999.7247,28.00306327,Low Discount,2026-06-01 00:00:00
OL000945,O100549,C1464,2026-03-24 00:00:00,North,Online,Electronics,Earbuds,1,669.56,524.27,15,N,Paid,Cancelled,0,0,669.56,100.434,569.126,569.126,524.27,44.856,7.881558741,Medium Discount,2026-03-01 00:00:00
OL000946,O100549,C1464,2026-03-24 00:00:00,North,Online,Electronics,Earbuds,2,13338.68,10301.72,26.9,Y,Pending,Delivered,0,0,26677.36,7176.20984,19501.15016,19501.15016,20603.44,-1102.28984,-5.652435015,High Discount,2026-03-01 00:00:00
OL000947,O100549,C1464,2026-03-24 00:00:00,North,Online,Home,Mixer,3,7176.77,4546.51,23.1,Y,Paid,Delivered,0,0,21530.31,4973.50161,16556.80839,16556.80839,13639.53,2917.27839,17.61981127,Medium Discount,2026-03-01 00:00:00
OL000948,O100550,C1016,2026-06-02 00:00:00,East,Store,Home,Mixer,3,13274.31,9013.2,12,N,Paid,Delivered,0,0,39822.93,4778.7516,35044.1784,35044.1784,27039.6,8004.5784,22.84139268,Medium Discount,2026-06-01 00:00:00
OL000949,O100550,C1016,2026-06-02 00:00:00,East,Store,Personal Care,Shampoo,2,1656.52,858.14,0,N,Pending,Cancelled,0,0,3313.04,0,3313.04,3313.04,1716.28,1596.76,48.19621858,Low Discount,2026-06-01 00:00:00
OL000950,O100550,C1016,2026-06-02 00:00:00,East,Store,Home,Mixer,1,13010.85,8198.13,13.5,N,Pending,Delivered,0,0,13010.85,1756.46475,11254.38525,11254.38525,8198.13,3056.25525,27.15612787,Medium Discount,2026-06-01 00:00:00
OL000951,O100551,C1363,2026-01-04 00:00:00,West,Store,Electronics,Smartwatch,1,5639.72,3839.67,8.8,N,Pending,Delivered,1,4945.48,5639.72,496.29536,5143.42464,197.94464,0,197.94464,100,Low Discount,2026-01-01 00:00:00
OL000952,O100552,C1413,2026-05-19 00:00:00,North,Online,Electronics,Smartwatch,3,2716.41,1891.27,20.5,Y,Failed,Cancelled,0,0,8149.23,1670.59215,6478.63785,6478.63785,5673.81,804.82785,12.42279425,Medium Discount,2026-05-01 00:00:00
OL000953,O100553,C1108,2026-03-09 00:00:00,North,Marketplace,Electronics,Smartwatch,3,6996.28,5649.64,29.1,Y,Pending,Delivered,0,0,20988.84,6107.75244,14881.08756,14881.08756,16948.92,-2067.83244,-13.89570777,High Discount,2026-03-01 00:00:00
OL000954,O100553,C1108,2026-03-09 00:00:00,North,Marketplace,Electronics,Smartwatch,5,442.19,318.98,14.4,N,Pending,Delivered,0,0,2210.95,318.3768,1892.5732,1892.5732,1594.9,297.6732,15.72849071,Medium Discount,2026-03-01 00:00:00
OL000955,O100554,C1368,2026-05-11 00:00:00,South,Store,Fashion,Jacket,1,3800.05,2257.14,5.7,N,Paid,Delivered,1,3389.32,3800.05,216.60285,3583.44715,194.12715,0,194.12715,100,Low Discount,2026-05-01 00:00:00
OL000956,O100555,C1111,2026-04-08 00:00:00,North,Marketplace,Fashion,Jacket,5,4064.8,2245.6,25.3,Y,Paid,Cancelled,0,0,20324,5141.972,15182.028,15182.028,11228,3954.028,26.04413587,High Discount,2026-04-01 00:00:00
OL000957,O100556,C1444,2026-02-03 00:00:00,West,Store,Home,Mixer,2,11716.31,7083.15,19.3,N,Paid,Cancelled,1,10023.83,23432.62,4522.49566,18910.12434,8886.29434,7083.15,1803.14434,20.29129659,Medium Discount,2026-02-01 00:00:00
OL000958,O100557,C1509,2026-02-17 00:00:00,North,Store,Fashion,Jeans,1,10459.77,5280.39,18.9,N,Paid,Delivered,0,0,10459.77,1976.89653,8482.87347,8482.87347,5280.39,3202.48347,37.75234278,Medium Discount,2026-02-01 00:00:00
OL000959,O100558,C1131,2026-06-15 00:00:00,West,Marketplace,Home,Mixer,1,8118.61,5166.03,14.4,N,Paid,Delivered,0,0,8118.61,1169.07984,6949.53016,6949.53016,5166.03,1783.50016,25.66360774,Medium Discount,2026-06-01 00:00:00
OL000960,O100559,C1410,2026-06-24 00:00:00,East,Online,Fashion,Jacket,3,12898.92,7606.21,33.5,Y,Failed,Delivered,0,0,38696.76,12963.4146,25733.3454,25733.3454,22818.63,2914.7154,11.32660894,High Discount,2026-06-01 00:00:00
OL000961,O100560,C1272,2026-02-10 00:00:00,West,Store,Personal Care,Face Wash,3,14353.73,7325.33,10.8,N,Paid,Delivered,0,0,43061.19,4650.60852,38410.58148,38410.58148,21975.99,16434.59148,42.78662506,Medium Discount,2026-02-01 00:00:00
OL000962,O100560,C1272,2026-02-10 00:00:00,West,Store,Home,Lamp,3,7514.27,4832.08,0,N,Paid,Cancelled,0,0,22542.81,0,22542.81,22542.81,14496.24,8046.57,35.69461837,Low Discount,2026-02-01 00:00:00
OL000964,O100562,C1467,2026-05-08 00:00:00,East,Store,Home,Mixer,4,11210.62,6444.59,6.9,N,Pending,Delivered,1,11077.2,44842.48,3094.13112,41748.34888,30671.14888,19333.77,11337.37888,36.96431107,Low Discount,2026-05-01 00:00:00
OL000966,O100563,C1072,2026-01-24 00:00:00,South,Store,Fashion,T-Shirt,5,5474.49,3149.53,0,N,Pending,Delivered,0,0,27372.45,0,27372.45,27372.45,15747.65,11624.8,42.46897885,Low Discount,2026-01-01 00:00:00
OL000967,O100563,C1072,2026-01-24 00:00:00,South,Store,Electronics,Power Bank,5,1011.87,818.16,30.8,Y,Paid,Delivered,0,0,5059.35,1558.2798,3501.0702,3501.0702,4090.8,-589.7298,-16.84427236,High Discount,2026-01-01 00:00:00
OL000968,O100564,,2026-06-19 00:00:00,East,Store,Personal Care,Trimmer,4,6972.81,4609.11,8.2,N,Paid,Cancelled,0,0,27891.24,2287.08168,25604.15832,25604.15832,18436.44,7167.71832,27.99435244,Low Discount,2026-06-01 00:00:00
OL000969,O100564,C1103,2026-06-19 00:00:00,East,Store,Home,Bedsheet,2,6030.45,4164.66,14.6,N,Paid,Delivered,0,0,12060.9,1760.8914,10300.0086,10300.0086,8329.32,1970.6886,19.13288305,Medium Discount,2026-06-01 00:00:00
OL000970,O100565,C1243,2026-05-23 00:00:00,South,Online,Home,Storage Box,2,13680.54,8172.22,26.7,Y,Failed,Delivered,1,11974.62,27361.08,7305.40836,20055.67164,8081.05164,8172.22,-91.16836,-1.128174451,High Discount,2026-05-01 00:00:00
OL000971,O100565,C1243,2026-05-23 00:00:00,South,Online,Home,Lamp,2,9622.85,5405.31,12.5,N,Failed,Delivered,0,0,19245.7,2405.7125,16839.9875,16839.9875,10810.62,6029.3675,35.80387159,Medium Discount,2026-05-01 00:00:00
OL000972,O100565,C1243,2026-05-23 00:00:00,South,Online,Personal Care,Perfume,1,11177.5,5683.06,16.1,N,Paid,Delivered,1,9634.91,11177.5,1799.5775,9377.9225,-256.9875,0,-256.9875,100,Medium Discount,2026-05-01 00:00:00
OL000973,O100566,C1190,2026-04-15 00:00:00,South,Online,Home,Storage Box,4,7852.43,4479.89,23.6,Y,Paid,Delivered,4,30122.13,31409.72,7412.69392,23997.02608,-6125.10392,0,-6125.10392,100,Medium Discount,2026-04-01 00:00:00
OL000974,O100566,C1190,2026-04-15 00:00:00,South,Online,Electronics,Smartwatch,3,9283.4,7278.54,27.4,Y,Pending,Cancelled,0,0,27850.2,7630.9548,20219.2452,20219.2452,21835.62,-1616.3748,-7.994239073,High Discount,2026-04-01 00:00:00
OL000975,O100567,C1412,2026-05-28 00:00:00,North,Marketplace,Fashion,T-Shirt,2,13964.58,8922.77,20.3,Y,Failed,Cancelled,0,0,27929.16,5669.61948,22259.54052,22259.54052,17845.54,4414.00052,19.82970186,Medium Discount,2026-05-01 00:00:00
OL000976,O100567,C1412,2026-05-28 00:00:00,North,Marketplace,Electronics,Earbuds,2,12900.99,9996.48,35.6,Y,Paid,Cancelled,1,11176.49,25801.98,9185.50488,16616.47512,5439.98512,9996.48,-4556.49488,-83.75932617,High Discount,2026-05-01 00:00:00
OL000977,O100567,C1412,2026-05-28 00:00:00,North,Marketplace,Personal Care,Trimmer,5,2375.73,1498.74,36.4,Y,Pending,Cancelled,0,0,11878.65,4323.8286,7554.8214,7554.8214,7493.7,61.1214,0.809038318,High Discount,2026-05-01 00:00:00
OL000978,O100568,C1408,2026-06-01 00:00:00,East,Store,Fashion,Shoes,5,11704.34,5992.08,16.4,N,Pending,Delivered,0,0,58521.7,9597.5588,48924.1412,48924.1412,29960.4,18963.7412,38.76152087,Medium Discount,2026-06-01 00:00:00
OL000979,O100568,C1408,2026-06-01 00:00:00,East,Store,Home,Mixer,4,8970.32,5945.65,0,N,Pending,Delivered,0,0,35881.28,0,35881.28,35881.28,23782.6,12098.68,33.71864103,Low Discount,2026-06-01 00:00:00
OL000980,O100569,C1088,2026-02-12 00:00:00,North,Store,Personal Care,Face Wash,4,11612.46,6966.65,16.3,N,Pending,Delivered,0,0,46449.84,7571.32392,38878.51608,38878.51608,27866.6,11011.91608,28.32391045,Medium Discount,2026-02-01 00:00:00
OL000981,O100569,C1088,2026-02-12 00:00:00,North,Store,Fashion,Jacket,2,6601.29,4056.15,5.8,N,Paid,Delivered,0,0,13202.58,765.74964,12436.83036,12436.83036,8112.3,4324.53036,34.77196548,Low Discount,2026-02-01 00:00:00
OL000982,O100570,C1165,2026-06-15 00:00:00,North,Marketplace,Personal Care,Trimmer,5,7694.9,5132.61,10.1,N,Paid,Delivered,0,0,38474.5,3885.9245,34588.5755,34588.5755,25663.05,8925.5255,25.80483692,Medium Discount,2026-06-01 00:00:00
OL000983,O100571,C1273,2026-05-05 00:00:00,West,Online,Home,Storage Box,5,4853.34,3339.31,7.7,N,Pending,Delivered,0,0,24266.7,1868.5359,22398.1641,22398.1641,16696.55,5701.6141,25.45572072,Low Discount,2026-05-01 00:00:00
OL000984,O100572,C1318,2026-01-15 00:00:00,South,Online,Home,Storage Box,2,4992.52,3060.39,14.9,N,Paid,Delivered,0,0,9985.04,1487.77096,8497.26904,8497.26904,6120.78,2376.48904,27.96768031,Medium Discount,2026-01-01 00:00:00
OL000985,O100573,C1168,2026-02-12 00:00:00,South,Online,Fashion,Shoes,3,4240.41,2678.72,28.7,Y,Pending,Delivered,0,0,12721.23,3650.99301,9070.23699,9070.23699,8036.16,1034.07699,11.40077146,High Discount,2026-02-01 00:00:00
OL000987,O100575,C1426,2026-02-10 00:00:00,West,Store,Personal Care,Shampoo,2,7167.68,4477.68,5,N,Paid,Cancelled,2,13994.23,14335.36,716.768,13618.592,-375.638,0,-375.638,100,Low Discount,2026-02-01 00:00:00
OL000989,O100575,C1426,2026-02-10 00:00:00,West,Store,Fashion,T-Shirt,5,6007.37,2993.04,7.1,N,Pending,Cancelled,1,5308.67,30036.85,2132.61635,27904.23365,22595.56365,11972.16,10623.40365,47.01543991,Low Discount,2026-02-01 00:00:00
OL000991,O100577,C1159,2026-02-13 00:00:00,South,Store,Personal Care,Shampoo,3,6662.14,4363.63,12.6,N,Pending,Cancelled,1,5721.68,19986.42,2518.28892,17468.13108,11746.45108,8727.26,3019.19108,25.70300646,Medium Discount,2026-02-01 00:00:00
OL000992,O100577,C1159,2026-02-13 00:00:00,South,Store,Personal Care,Trimmer,5,2591.74,1552.97,0,N,Pending,Delivered,0,0,12958.7,0,12958.7,12958.7,7764.85,5193.85,40.08002346,Low Discount,2026-02-01 00:00:00
OL000993,O100577,C1159,2026-02-13 00:00:00,South,Store,Fashion,Shoes,3,12672.8,7125.5,0,N,Pending,Delivered,1,12245.03,38018.4,0,38018.4,25773.37,14251,11522.37,44.70649356,Low Discount,2026-02-01 00:00:00
OL000994,O100578,C1057,2026-06-06 00:00:00,South,Marketplace,Home,Storage Box,5,6306.38,4148.06,21.9,Y,Paid,Cancelled,0,0,31531.9,6905.4861,24626.4139,24626.4139,20740.3,3886.1139,15.78026714,Medium Discount,2026-06-01 00:00:00
OL000995,O100579,C1469,2026-05-15 00:00:00,East,Store,Electronics,Keyboard,4,6861.43,5113.92,14.4,N,Paid,Delivered,0,0,27445.72,3952.18368,23493.53632,23493.53632,20455.68,3037.85632,12.93060474,Medium Discount,2026-05-01 00:00:00
OL000997,O100581,C1001,2026-06-19 00:00:00,East,Store,Home,Lamp,1,8452.94,5684.93,24.8,Y,Failed,Delivered,0,0,8452.94,2096.32912,6356.61088,6356.61088,5684.93,671.68088,10.56665089,Medium Discount,2026-06-01 00:00:00
OL000998,O100582,C1079,2026-05-30 00:00:00,North,Online,Home,Bedsheet,2,1119.32,761.11,46.4,Y,Paid,Delivered,0,0,2238.64,1038.72896,1199.91104,1199.91104,1522.22,-322.30896,-26.8610713,High Discount,2026-05-01 00:00:00
OL000999,O100582,C1079,2026-05-30 00:00:00,North,Online,Electronics,Power Bank,3,3032.46,2122.14,1.5,N,Paid,Delivered,0,0,9097.38,136.4607,8960.9193,8960.9193,6366.42,2594.4993,28.95349476,Low Discount,2026-05-01 00:00:00
OL001000,O100583,C1230,2026-02-19 00:00:00,South,Marketplace,Electronics,Keyboard,2,566.25,454.4,18.6,N,Pending,Delivered,0,0,1132.5,210.645,921.855,921.855,908.8,13.055,1.416166317,Medium Discount,2026-02-01 00:00:00
OL001001,O100583,C1230,2026-02-19 00:00:00,South,Marketplace,Personal Care,Shampoo,2,12775.39,7001.84,14.6,N,Paid,Delivered,0,0,25550.78,3730.41388,21820.36612,21820.36612,14003.68,7816.68612,35.82289168,Medium Discount,2026-02-01 00:00:00
OL001002,O100584,C1079,2026-06-30 00:00:00,East,Store,Home,Lamp,2,9910.44,6313.33,0,N,Paid,Delivered,0,0,19820.88,0,19820.88,19820.88,12626.66,7194.22,36.29616848,Low Discount,2026-06-01 00:00:00
OL001003,O100585,C1210,2026-05-21 00:00:00,South,Marketplace,Personal Care,Trimmer,3,3223.48,1621.55,34.1,Y,Paid,Delivered,0,0,9670.44,3297.62004,6372.81996,6372.81996,4864.65,1508.16996,23.66566088,High Discount,2026-05-01 00:00:00
OL001004,O100585,C1210,2026-05-21 00:00:00,South,Marketplace,Personal Care,Trimmer,5,2052.67,1330.05,16.6,N,Pending,Delivered,0,0,10263.35,1703.7161,8559.6339,8559.6339,6650.25,1909.3839,22.30684072,Medium Discount,2026-05-01 00:00:00
OL001005,O100586,C1173,2026-01-15 00:00:00,West,Marketplace,Fashion,Jeans,4,6671.39,4248.01,27.6,Y,Paid,Delivered,0,0,26685.56,7365.21456,19320.34544,19320.34544,16992.04,2328.30544,12.05105492,High Discount,2026-01-01 00:00:00
OL001006,O100586,C1173,2026-01-15 00:00:00,West,Marketplace,Electronics,Power Bank,3,6452.92,4589.05,29.3,Y,Paid,Delivered,3,24402.82,19358.76,5672.11668,13686.64332,-10716.17668,0,-10716.17668,100,High Discount,2026-01-01 00:00:00
OL001007,O100587,C1331,2026-01-31 00:00:00,North,Online,Fashion,T-Shirt,5,12286.28,5619.77,0,N,Paid,Cancelled,0,0,61431.4,0,61431.4,61431.4,28098.85,33332.55,54.25979222,Low Discount,2026-01-01 00:00:00
OL001008,O100588,C1456,2026-04-15 00:00:00,North,Online,Electronics,Smartwatch,4,9523.09,6548.46,6.9,N,Pending,Delivered,0,0,38092.36,2628.37284,35463.98716,35463.98716,26193.84,9270.14716,26.13960782,Low Discount,2026-04-01 00:00:00
OL001009,O100589,C1471,2026-03-29 00:00:00,South,Online,Fashion,Jeans,5,6633.25,3021.6,5.8,N,Paid,Delivered,0,0,33166.25,1923.6425,31242.6075,31242.6075,15108,16134.6075,51.64296066,Low Discount,2026-03-01 00:00:00
OL001010,O100589,C1471,2026-03-29 00:00:00,South,Online,Fashion,Jeans,1,8805.5,5085.4,19.7,N,Paid,Delivered,0,0,8805.5,1734.6835,7070.8165,7070.8165,5085.4,1985.4165,28.07902737,Medium Discount,2026-03-01 00:00:00
OL001011,O100590,C1263,2026-01-09 00:00:00,East,Online,Fashion,Jeans,3,14383.19,9140.12,25.6,Y,Failed,Delivered,3,39995.72,43149.57,11046.28992,32103.28008,-7892.43992,0,-7892.43992,100,High Discount,2026-01-01 00:00:00
OL001012,O100590,C1263,2026-01-09 00:00:00,East,Online,Home,Bedsheet,4,7370.64,4397.01,16.4,N,Paid,Delivered,0,0,29482.56,4835.13984,24647.42016,24647.42016,17588.04,7059.38016,28.64145665,Medium Discount,2026-01-01 00:00:00
OL001013,O100590,C1263,2026-01-09 00:00:00,East,Online,Fashion,Jacket,1,2520.35,1176.79,11,N,Failed,Cancelled,0,0,2520.35,277.2385,2243.1115,2243.1115,1176.79,1066.3215,47.53760569,Medium Discount,2026-01-01 00:00:00
OL001015,O100591,C1273,2026-06-05 00:00:00,North,Marketplace,Fashion,Shoes,2,8699.3,5057.76,33.3,Y,Pending,Delivered,0,0,17398.6,5793.7338,11604.8662,11604.8662,10115.52,1489.3462,12.8338076,High Discount,2026-06-01 00:00:00
OL001016,O100592,C1194,2026-04-21 00:00:00,West,Marketplace,Home,Bedsheet,1,1785.19,1140.5,35,Y,Failed,Delivered,1,1653.47,1785.19,624.8165,1160.3735,-493.0965,0,-493.0965,100,High Discount,2026-04-01 00:00:00
OL001017,O100592,C1194,2026-04-21 00:00:00,West,Marketplace,Personal Care,Trimmer,2,4470.14,2287.91,25.6,Y,Paid,Delivered,0,0,8940.28,2288.71168,6651.56832,6651.56832,4575.82,2075.74832,31.20690069,High Discount,2026-04-01 00:00:00
OL001018,O100592,C1194,2026-04-21 00:00:00,West,Marketplace,Electronics,Earbuds,3,11809.92,8945.76,33.1,Y,Failed,Delivered,0,0,35429.76,11727.25056,23702.50944,23702.50944,26837.28,-3134.77056,-13.22547964,High Discount,2026-04-01 00:00:00
OL001019,O100593,C1397,2026-04-06 00:00:00,East,Online,Fashion,Jeans,5,3904.76,2377.22,21.3,Y,Paid,Delivered,0,0,19523.8,4158.5694,15365.2306,15365.2306,11886.1,3479.1306,22.64287918,Medium Discount,2026-04-01 00:00:00
OL001021,O100595,C1407,2026-03-16 00:00:00,West,Online,Electronics,Smartwatch,1,11105.96,8175.74,28.3,Y,Pending,Delivered,0,0,11105.96,3142.98668,7962.97332,7962.97332,8175.74,-212.76668,-2.671950181,High Discount,2026-03-01 00:00:00
OL001022,O100596,C1263,2026-01-06 00:00:00,West,Store,Personal Care,Face Wash,1,9064.48,5553.39,16.7,N,Paid,Delivered,1,8014.45,9064.48,1513.76816,7550.71184,-463.73816,0,-463.73816,100,Medium Discount,2026-01-01 00:00:00
OL001023,O100597,C1123,2026-02-13 00:00:00,South,Marketplace,Personal Care,Perfume,1,4446.43,2324.61,20.1,Y,Paid,Delivered,0,0,4446.43,893.73243,3552.69757,3552.69757,2324.61,1228.08757,34.56774875,Medium Discount,2026-02-01 00:00:00
OL001024,O100598,C1331,2026-03-17 00:00:00,South,Online,Personal Care,Face Wash,1,6122.82,3776.96,12.6,N,Paid,Delivered,0,0,6122.82,771.47532,5351.34468,5351.34468,3776.96,1574.38468,29.42035646,Medium Discount,2026-03-01 00:00:00
OL001025,O100599,C1115,2026-03-18 00:00:00,West,Online,Electronics,Keyboard,2,3922.26,2836.12,14.2,N,Paid,Cancelled,0,0,7844.52,1113.92184,6730.59816,6730.59816,5672.24,1058.35816,15.72457804,Medium Discount,2026-03-01 00:00:00
OL001026,O100600,C1147,2026-05-16 00:00:00,West,Online,Home,Storage Box,3,745.18,462.42,6.3,N,Paid,Delivered,0,0,2235.54,140.83902,2094.70098,2094.70098,1387.26,707.44098,33.77288629,Low Discount,2026-05-01 00:00:00
OL001027,O100600,C1147,2026-05-16 00:00:00,West,Online,Home,Storage Box,1,462.5,304.45,17.5,N,Failed,Delivered,0,0,462.5,80.9375,381.5625,381.5625,304.45,77.1125,20.20966421,Medium Discount,2026-05-01 00:00:00
OL001028,O100601,C1453,2026-06-15 00:00:00,East,Marketplace,Fashion,T-Shirt,5,1681.08,1067.83,18.4,N,Paid,Delivered,0,0,8405.4,1546.5936,6858.8064,6858.8064,5339.15,1519.6564,22.15628072,Medium Discount,2026-06-01 00:00:00
OL001029,O100602,C1326,2026-05-08 00:00:00,North,Online,Personal Care,Face Wash,5,8352.03,5080.59,8.5,N,Paid,Cancelled,0,0,41760.15,3549.61275,38210.53725,38210.53725,25402.95,12807.58725,33.51846944,Low Discount,2026-05-01 00:00:00
OL001030,O100602,C1326,2026-05-08 00:00:00,North,Online,Fashion,T-Shirt,3,5245.65,3347.59,29.4,Y,Paid,Delivered,0,0,15736.95,4626.6633,11110.2867,11110.2867,10042.77,1067.5167,9.608363212,High Discount,2026-05-01 00:00:00
OL001031,O100603,C1196,2026-04-04 00:00:00,South,Marketplace,Home,Storage Box,5,834.22,493.35,34.3,Y,Paid,Delivered,0,0,4171.1,1430.6873,2740.4127,2740.4127,2466.75,273.6627,9.986185657,High Discount,2026-04-01 00:00:00
OL001032,O100604,C1242,2026-02-19 00:00:00,South,Store,Fashion,Jeans,5,9000.25,4149.68,6.9,N,Pending,Cancelled,0,0,45001.25,3105.08625,41896.16375,41896.16375,20748.4,21147.76375,50.47661136,Low Discount,2026-02-01 00:00:00
OL001033,O100604,C1242,2026-02-19 00:00:00,South,Store,Home,Storage Box,3,3087.35,2027.39,13,N,Paid,Delivered,0,0,9262.05,1204.0665,8057.9835,8057.9835,6082.17,1975.8135,24.51994969,Medium Discount,2026-02-01 00:00:00
OL001034,O100604,C1242,2026-02-19 00:00:00,South,Store,Fashion,T-Shirt,4,12935.84,8079.15,17.2,N,Paid,Delivered,0,0,51743.36,8899.85792,42843.50208,42843.50208,32316.6,10526.90208,24.57059197,Medium Discount,2026-02-01 00:00:00
OL001035,O100605,C1321,2026-04-29 00:00:00,East,Store,Electronics,Power Bank,2,7551.19,5550.67,0,N,Failed,Delivered,0,0,15102.38,0,15102.38,15102.38,11101.34,4001.04,26.49277796,Low Discount,2026-04-01 00:00:00
OL001036,O100606,C1517,2026-03-13 00:00:00,West,Online,Home,Lamp,5,14392.89,9206.84,9.3,N,Paid,Delivered,0,0,71964.45,6692.69385,65271.75615,65271.75615,46034.2,19237.55615,29.47301756,Low Discount,2026-03-01 00:00:00
OL001037,O100606,C1517,2026-03-13 00:00:00,West,Online,Electronics,Smartwatch,1,6187.26,4825.54,16.3,N,Failed,Delivered,0,0,6187.26,1008.52338,5178.73662,5178.73662,4825.54,353.19662,6.820130969,Medium Discount,2026-03-01 00:00:00
OL001038,O100606,C1517,2026-03-13 00:00:00,West,Online,Electronics,Earbuds,4,577.05,411.92,19.2,N,Paid,Delivered,0,0,2308.2,443.1744,1865.0256,1865.0256,1647.68,217.3456,11.65375961,Medium Discount,2026-03-01 00:00:00
OL001040,O100608,C1262,2026-03-16 00:00:00,North,Marketplace,Electronics,Earbuds,5,8733.49,6645.41,16.3,N,Paid,Delivered,0,0,43667.45,7117.79435,36549.65565,36549.65565,33227.05,3322.60565,9.09066198,Medium Discount,2026-03-01 00:00:00
OL001041,O100608,C1262,2026-03-16 00:00:00,North,Marketplace,Home,Bedsheet,4,2715.75,1569.74,28.5,Y,Paid,Cancelled,4,10739.6,10863,3095.955,7767.045,-2972.555,0,-2972.555,100,High Discount,2026-03-01 00:00:00
OL001042,O100609,C1439,2026-06-29 00:00:00,North,Store,Home,Bedsheet,1,11923.4,7492.42,13.3,N,Paid,Delivered,0,0,11923.4,1585.8122,10337.5878,10337.5878,7492.42,2845.1678,27.52255028,Medium Discount,2026-06-01 00:00:00
OL001044,O100611,C1414,2026-01-30 00:00:00,East,Marketplace,Home,Bedsheet,5,1536.55,1044.76,13.8,N,Failed,Delivered,0,0,7682.75,1060.2195,6622.5305,6622.5305,5223.8,1398.7305,21.12078608,Medium Discount,2026-01-01 00:00:00
OL001045,O100612,C1250,2026-01-13 00:00:00,East,Marketplace,Electronics,Power Bank,4,12423.24,9686.3,33.1,Y,Failed,Cancelled,3,33235.12,49692.96,16448.36976,33244.59024,9.47024,9686.3,-9676.82976,-102181.4628,High Discount,2026-01-01 00:00:00
OL001046,O100612,C1250,2026-01-13 00:00:00,East,Marketplace,Home,Lamp,4,7889.5,5292.24,15.3,N,Paid,Delivered,0,0,31558,4828.374,26729.626,26729.626,21168.96,5560.666,20.80338124,Medium Discount,2026-01-01 00:00:00
OL001047,O100612,C1250,2026-01-13 00:00:00,East,Marketplace,Electronics,Smartwatch,2,7684.04,6286.67,30.6,Y,Paid,Delivered,2,-15150.98,15368.08,4702.63248,10665.44752,25816.42752,0,25816.42752,100,High Discount,2026-01-01 00:00:00
OL001048,O100613,C1014,2026-01-18 00:00:00,East,Online,Fashion,Shoes,3,821.61,428.2,18.8,N,Paid,Delivered,0,0,2464.83,463.38804,2001.44196,2001.44196,1284.6,716.84196,35.81627518,Medium Discount,2026-01-01 00:00:00
OL001049,O100614,C1413,2026-04-21 00:00:00,East,Store,Home,Storage Box,5,12623.76,8775.75,14.3,N,Failed,Delivered,0,0,63118.8,9025.9884,54092.8116,54092.8116,43878.75,10214.0616,18.88247495,Medium Discount,2026-04-01 00:00:00
OL001050,O100614,C1413,2026-04-21 00:00:00,East,Store,Electronics,Power Bank,2,9989.65,7297.57,1.1,N,Pending,Delivered,2,17397.76,19979.3,219.7723,19759.5277,2361.7677,0,2361.7677,100,Low Discount,2026-04-01 00:00:00
OL001051,O100615,C1360,2026-06-10 00:00:00,North,Store,Fashion,T-Shirt,1,7300.1,3933.74,10.8,N,Pending,Cancelled,0,0,7300.1,788.4108,6511.6892,6511.6892,3933.74,2577.9492,39.58956149,Medium Discount,2026-06-01 00:00:00
OL001052,O100615,C1360,2026-06-10 00:00:00,North,Store,Home,Mixer,1,7848.77,5195.05,0,N,Paid,Delivered,0,0,7848.77,0,7848.77,7848.77,5195.05,2653.72,33.81064804,Low Discount,2026-06-01 00:00:00
OL001053,O100615,C1360,2026-06-10 00:00:00,North,Store,Electronics,Smartwatch,5,9598.86,7568.92,1.2,N,Paid,Cancelled,1,8469.74,47994.3,575.9316,47418.3684,38948.6284,30275.68,8672.9484,22.26766065,Low Discount,2026-06-01 00:00:00
OL001054,O100616,C1512,2026-01-04 00:00:00,North,Store,Fashion,Jacket,3,13196.32,7375.42,19.7,N,Pending,Delivered,0,0,39588.96,7799.02512,31789.93488,31789.93488,22126.26,9663.67488,30.39853626,Medium Discount,2026-01-01 00:00:00
OL001056,O100618,C1465,2026-06-16 00:00:00,South,Store,Electronics,Earbuds,3,10025.08,8169.43,0.7,N,Paid,Cancelled,1,10002.26,30075.24,210.52668,29864.71332,19862.45332,16338.86,3523.59332,17.7399703,Low Discount,2026-06-01 00:00:00
OL001057,O100618,C1465,2026-06-16 00:00:00,South,Store,Home,Lamp,5,2135.71,1270.97,11.8,N,Paid,Delivered,0,0,10678.55,1260.0689,9418.4811,9418.4811,6354.85,3063.6311,32.527868,Medium Discount,2026-06-01 00:00:00
OL001058,O100619,C1007,2026-04-02 00:00:00,North,Marketplace,Fashion,Jeans,1,7013.71,3470.74,17.7,N,Paid,Delivered,1,7009.53,7013.71,1241.42667,5772.28333,-1237.24667,0,-1237.24667,100,Medium Discount,2026-04-01 00:00:00
OL001060,O100620,C1078,2026-04-03 00:00:00,West,Marketplace,Home,Bedsheet,3,10088.41,6378.88,30.6,Y,Paid,Delivered,1,9520.08,30265.23,9261.16038,21004.06962,11483.98962,12757.76,-1273.77038,-11.09170612,High Discount,2026-04-01 00:00:00
OL001061,O100621,C1360,2026-06-10 00:00:00,West,Store,Electronics,Smartwatch,5,3186.85,2257.19,1.3,N,Paid,Delivered,0,0,15934.25,207.14525,15727.10475,15727.10475,11285.95,4441.15475,28.23885782,Low Discount,2026-06-01 00:00:00
OL001062,O100621,C1360,2026-06-10 00:00:00,West,Store,Personal Care,Trimmer,5,3330.66,1735.59,14.3,N,Pending,Delivered,0,0,16653.3,2381.4219,14271.8781,14271.8781,8677.95,5593.9281,39.1954588,Medium Discount,2026-06-01 00:00:00
OL001063,O100622,C1004,2026-02-23 00:00:00,West,Store,Home,Mixer,5,2137.07,1442.27,2.8,N,Paid,Delivered,0,0,10685.35,299.1898,10386.1602,10386.1602,7211.35,3174.8102,30.56769912,Low Discount,2026-02-01 00:00:00
OL001064,O100622,C1004,2026-02-23 00:00:00,West,Store,Fashion,Jacket,2,9779.18,6172.86,12,N,Failed,Delivered,0,0,19558.36,2347.0032,17211.3568,17211.3568,12345.72,4865.6368,28.26992001,Medium Discount,2026-02-01 00:00:00
OL001065,O100623,C1376,2026-01-18 00:00:00,North,Online,Fashion,Jeans,2,12296.98,6771.75,16.7,N,Paid,Delivered,2,23408.45,24593.96,4107.19132,20486.76868,-2921.68132,0,-2921.68132,100,Medium Discount,2026-01-01 00:00:00
OL001067,O100624,C1309,2026-03-17 00:00:00,South,Online,Electronics,Smartwatch,4,13482.78,10402.38,8.6,N,Failed,Delivered,2,24492.93,53931.12,4638.07632,49293.04368,24800.11368,20804.76,3995.35368,16.11022325,Low Discount,2026-03-01 00:00:00
OL001068,O100625,C1171,2026-06-20 00:00:00,North,Store,Fashion,Shoes,2,8198.38,3894.99,4.9,N,Failed,Delivered,0,0,16396.76,803.44124,15593.31876,15593.31876,7789.98,7803.33876,50.04283488,Low Discount,2026-06-01 00:00:00
OL001070,O100627,C1052,2026-01-15 00:00:00,West,Online,Electronics,Earbuds,1,14202.85,10673.37,21.2,Y,Paid,Delivered,0,0,14202.85,3011.0042,11191.8458,11191.8458,10673.37,518.4758,4.632621011,Medium Discount,2026-01-01 00:00:00
OL001071,O100628,C1428,2026-02-03 00:00:00,West,Marketplace,Electronics,Keyboard,2,10664.01,8708.27,26.2,Y,Paid,Delivered,0,0,21328.02,5587.94124,15740.07876,15740.07876,17416.54,-1676.46124,-10.65090757,High Discount,2026-02-01 00:00:00
OL001072,O100628,C1428,2026-02-03 00:00:00,West,Marketplace,Fashion,Jeans,1,2767.34,1606,18.6,N,Pending,Delivered,0,0,2767.34,514.72524,2252.61476,2252.61476,1606,646.61476,28.70507516,Medium Discount,2026-02-01 00:00:00
OL001073,O100629,C1340,2026-02-10 00:00:00,South,Marketplace,Personal Care,Trimmer,1,9956.51,5949.43,14,N,Pending,Delivered,0,0,9956.51,1393.9114,8562.5986,8562.5986,5949.43,2613.1686,30.51840594,Medium Discount,2026-02-01 00:00:00
OL001074,O100630,C1077,2026-05-15 00:00:00,West,Store,Fashion,T-Shirt,4,2918.69,1585.49,17.4,N,Failed,Cancelled,0,0,11674.76,2031.40824,9643.35176,9643.35176,6341.96,3301.39176,34.23489926,Medium Discount,2026-05-01 00:00:00
OL001075,O100631,C1365,2026-03-03 00:00:00,North,Online,Fashion,Shoes,1,7322.37,4388.16,8.5,N,Pending,Delivered,1,6683.3,7322.37,622.40145,6699.96855,16.66855,0,16.66855,100,Low Discount,2026-03-01 00:00:00
OL001076,O100632,C1236,2026-01-15 00:00:00,North,Online,Personal Care,Trimmer,5,4043.2,2327.38,25.2,Y,Failed,Delivered,3,12055.94,20216,5094.432,15121.568,3065.628,4654.76,-1589.132,-51.83707873,High Discount,2026-01-01 00:00:00
OL001077,O100633,C1291,2026-05-05 00:00:00,West,Store,Electronics,Keyboard,1,14018,10259.41,12.6,N,Failed,Delivered,0,0,14018,1766.268,12251.732,12251.732,10259.41,1992.322,16.26155388,Medium Discount,2026-05-01 00:00:00
OL001078,O100633,C1291,2026-05-05 00:00:00,West,Store,Electronics,Smartwatch,3,5234.99,4147.23,0,N,Paid,Delivered,0,0,15704.97,0,15704.97,15704.97,12441.69,3263.28,20.77864523,Low Discount,2026-05-01 00:00:00
OL001079,O100633,C1291,2026-05-05 00:00:00,West,Store,Electronics,Power Bank,5,14152.14,9794.09,9.8,N,Pending,Delivered,0,0,70760.7,6934.5486,63826.1514,63826.1514,48970.45,14855.7014,23.27525798,Low Discount,2026-05-01 00:00:00
OL001080,O100634,C1459,2026-05-03 00:00:00,North,Marketplace,Home,Lamp,2,1035.16,708.35,23.5,Y,Paid,Delivered,0,0,2070.32,486.5252,1583.7948,1583.7948,1416.7,167.0948,10.55028088,Medium Discount,2026-05-01 00:00:00
OL001081,O100634,C1459,2026-05-03 00:00:00,North,Marketplace,Home,Storage Box,2,13451.54,8711.4,21.6,Y,Paid,Delivered,0,0,26903.08,5811.06528,21092.01472,21092.01472,17422.8,3669.21472,17.39622681,Medium Discount,2026-05-01 00:00:00
OL001082,O100634,C1459,2026-05-03 00:00:00,North,Marketplace,Home,Bedsheet,1,11763.6,8115.9,36,Y,Failed,Delivered,1,11205.46,11763.6,4234.896,7528.704,-3676.756,0,-3676.756,100,High Discount,2026-05-01 00:00:00
OL001083,O100635,C1411,2026-04-04 00:00:00,North,Marketplace,Electronics,Keyboard,2,4632.58,3316.69,14.8,N,Pending,Delivered,2,8570.31,9265.16,1371.24368,7893.91632,-676.39368,0,-676.39368,100,Medium Discount,2026-04-01 00:00:00
OL001084,O100636,C1264,2026-04-05 00:00:00,North,Store,Fashion,T-Shirt,1,7638.48,3772.55,3,N,Pending,Delivered,1,6708.62,7638.48,229.1544,7409.3256,700.7056,0,700.7056,100,Low Discount,2026-04-01 00:00:00
OL001085,O100636,C1264,2026-04-05 00:00:00,North,Store,Fashion,Shoes,3,12935.26,6727.94,0.4,N,Pending,Delivered,0,0,38805.78,155.22312,38650.55688,38650.55688,20183.82,18466.73688,47.77870843,Low Discount,2026-04-01 00:00:00
OL001088,O100637,C1438,2026-04-11 00:00:00,North,Online,Personal Care,Face Wash,3,14860.61,8858.6,17.3,N,Failed,Delivered,0,0,44581.83,7712.65659,36869.17341,36869.17341,26575.8,10293.37341,27.91864438,Medium Discount,2026-04-01 00:00:00
OL001089,O100637,C1438,2026-04-11 00:00:00,North,Online,Electronics,Earbuds,4,810.78,563.93,4.1,N,Failed,Delivered,0,0,3243.12,132.96792,3110.15208,3110.15208,2255.72,854.43208,27.47235691,Low Discount,2026-04-01 00:00:00
OL001090,O100638,,2026-03-02 00:00:00,North,Online,Personal Care,Face Wash,2,6525.29,3924.96,18.3,N,Paid,Delivered,0,0,13050.58,2388.25614,10662.32386,10662.32386,7849.92,2812.40386,26.37702528,Medium Discount,2026-03-01 00:00:00
OL001091,O100638,C1158,2026-03-02 00:00:00,North,Online,Personal Care,Face Wash,2,6965.14,4667.63,22.5,Y,Failed,Delivered,0,0,13930.28,3134.313,10795.967,10795.967,9335.26,1460.707,13.53011731,Medium Discount,2026-03-01 00:00:00
OL001092,O100639,C1483,2026-06-19 00:00:00,West,Store,Electronics,Earbuds,3,11435.03,9139.18,9.8,N,Paid,Delivered,0,0,34305.09,3361.89882,30943.19118,30943.19118,27417.54,3525.65118,11.39394822,Low Discount,2026-06-01 00:00:00
OL001093,O100640,C1376,2026-06-06 00:00:00,West,Store,Electronics,Smartwatch,1,8335.07,6307.47,16.4,N,Paid,Cancelled,0,0,8335.07,1366.95148,6968.11852,6968.11852,6307.47,660.64852,9.481017266,Medium Discount,2026-06-01 00:00:00
OL001094,O100640,C1376,2026-06-06 00:00:00,West,Store,Fashion,Shoes,4,9197.58,4757.68,22.3,Y,Failed,Delivered,0,0,36790.32,8204.24136,28586.07864,28586.07864,19030.72,9555.35864,33.42661566,Medium Discount,2026-06-01 00:00:00
OL001095,O100641,C1323,2026-03-07 00:00:00,North,Marketplace,Personal Care,Face Wash,4,8618.86,5444.35,25.5,Y,Failed,Delivered,3,25273.67,34475.44,8791.2372,25684.2028,410.5328,5444.35,-5033.8172,-1226.166874,High Discount,2026-03-01 00:00:00
OL001096,O100642,,2026-04-20 00:00:00,South,Store,Fashion,Jeans,4,13454.17,7224.23,16.7,N,Pending,Cancelled,0,0,53816.68,8987.38556,44829.29444,44829.29444,28896.92,15932.37444,35.54009636,Medium Discount,2026-04-01 00:00:00
OL001097,O100642,C1196,2026-04-20 00:00:00,South,Store,Electronics,Smartwatch,3,13387.59,9242.75,15.4,N,Paid,Cancelled,1,11390.64,40162.77,6185.06658,33977.70342,22587.06342,18485.5,4101.56342,18.15890514,Medium Discount,2026-04-01 00:00:00
OL001098,O100643,C1216,2026-05-23 00:00:00,North,Store,Electronics,Earbuds,3,8787.24,6731.48,21.2,Y,Paid,Cancelled,0,0,26361.72,5588.68464,20773.03536,20773.03536,20194.44,578.59536,2.785319285,Medium Discount,2026-05-01 00:00:00
OL001099,O100644,C1427,2026-05-06 00:00:00,South,Marketplace,Fashion,Shoes,3,10667.67,6345.77,23.7,Y,Failed,Delivered,0,0,32003.01,7584.71337,24418.29663,24418.29663,19037.31,5380.98663,22.03669941,Medium Discount,2026-05-01 00:00:00
OL001100,O100644,C1427,2026-05-06 00:00:00,South,Marketplace,Electronics,Power Bank,1,3725.94,2677.61,24.4,Y,Pending,Delivered,0,0,3725.94,909.12936,2816.81064,2816.81064,2677.61,139.20064,4.941781958,Medium Discount,2026-05-01 00:00:00
OL001101,O100644,C1427,2026-05-06 00:00:00,South,Marketplace,Personal Care,Face Wash,1,8045.48,4197.66,6.8,N,Paid,Delivered,1,7980.06,8045.48,547.09264,7498.38736,-481.67264,0,-481.67264,100,Low Discount,2026-05-01 00:00:00
OL001102,O100645,C1484,2026-02-02 00:00:00,North,Marketplace,Personal Care,Trimmer,3,7546.35,4513.45,32.9,Y,Paid,Cancelled,0,0,22639.05,7448.24745,15190.80255,15190.80255,13540.35,1650.45255,10.86481471,High Discount,2026-02-01 00:00:00
OL001104,O100646,C1002,2026-01-28 00:00:00,North,Online,Fashion,T-Shirt,5,13154.52,7908.18,19.7,N,Paid,Delivered,0,0,65772.6,12957.2022,52815.3978,52815.3978,39540.9,13274.4978,25.13376468,Medium Discount,2026-01-01 00:00:00
OL001105,O100646,C1002,2026-01-28 00:00:00,North,Online,Fashion,Shoes,5,14572.87,7513.19,12.9,N,Failed,Delivered,0,0,72864.35,9399.50115,63464.84885,63464.84885,37565.95,25898.89885,40.80825736,Medium Discount,2026-01-01 00:00:00
OL001106,O100647,C1060,2026-01-25 00:00:00,South,Store,Personal Care,Face Wash,1,393.57,267.07,8.1,N,Failed,Delivered,0,0,393.57,31.87917,361.69083,361.69083,267.07,94.62083,26.16069365,Low Discount,2026-01-01 00:00:00
OL001107,O100647,C1060,2026-01-25 00:00:00,South,Store,Home,Lamp,1,4406.8,2697.24,16.1,N,Pending,Delivered,0,0,4406.8,709.4948,3697.3052,3697.3052,2697.24,1000.0652,27.04848926,Medium Discount,2026-01-01 00:00:00
OL001108,O100648,C1405,2026-05-30 00:00:00,North,Online,Electronics,Smartwatch,2,5989.66,4357.6,21.5,Y,Pending,Cancelled,0,0,11979.32,2575.5538,9403.7662,9403.7662,8715.2,688.5662,7.322238615,Medium Discount,2026-05-01 00:00:00
OL001109,O100649,C1092,2026-01-15 00:00:00,West,Store,Home,Storage Box,5,14192.46,9678,16.4,N,Paid,Delivered,0,0,70962.3,11637.8172,59324.4828,59324.4828,48390,10934.4828,18.43165298,Medium Discount,2026-01-01 00:00:00
OL001110,O100649,C1092,2026-01-15 00:00:00,West,Store,Home,Lamp,4,2390.28,1679.51,14.4,N,Failed,Delivered,1,2214.15,9561.12,1376.80128,8184.31872,5970.16872,5038.53,931.63872,15.60489768,Medium Discount,2026-01-01 00:00:00
OL001111,O100649,C1092,2026-01-15 00:00:00,West,Store,Home,Bedsheet,2,8199.14,5729.63,0,N,Pending,Delivered,0,0,16398.28,0,16398.28,16398.28,11459.26,4939.02,30.11913445,Low Discount,2026-01-01 00:00:00
OL001112,O100650,C1292,2026-05-30 00:00:00,West,Marketplace,Fashion,Jacket,5,5774.21,2678.81,21.9,Y,Pending,Delivered,4,22080.34,28871.05,6322.75995,22548.29005,467.95005,2678.81,-2210.85995,-472.4563979,Medium Discount,2026-05-01 00:00:00
OL001113,O100650,C1292,2026-05-30 00:00:00,West,Marketplace,Home,Mixer,2,14145.17,8680.03,6.4,N,Paid,Delivered,0,0,28290.34,1810.58176,26479.75824,26479.75824,17360.06,9119.69824,34.44026247,Low Discount,2026-05-01 00:00:00
OL001114,O100651,C1448,2026-04-29 00:00:00,South,Online,Home,Bedsheet,3,12800.36,7386.28,5.7,N,Paid,Delivered,0,0,38401.08,2188.86156,36212.21844,36212.21844,22158.84,14053.37844,38.80838856,Low Discount,2026-04-01 00:00:00
OL001115,O100651,C1448,2026-04-29 00:00:00,South,Online,Personal Care,Perfume,1,9173.44,5716.67,32.6,Y,Pending,Delivered,0,0,9173.44,2990.54144,6182.89856,6182.89856,5716.67,466.22856,7.540614737,High Discount,2026-04-01 00:00:00
OL001116,O100652,,2026-05-19 00:00:00,East,Marketplace,Fashion,T-Shirt,2,3656.53,1767.65,15,N,Paid,Delivered,0,0,7313.06,1096.959,6216.101,6216.101,3535.3,2680.801,43.12672847,Medium Discount,2026-05-01 00:00:00
OL001117,O100652,C1280,2026-05-19 00:00:00,East,Marketplace,Fashion,T-Shirt,2,1667.49,1025.55,15.9,N,Paid,Delivered,0,0,3334.98,530.26182,2804.71818,2804.71818,2051.1,753.61818,26.8696579,Medium Discount,2026-05-01 00:00:00
OL001118,O100652,C1280,2026-05-19 00:00:00,East,Marketplace,Personal Care,Face Wash,2,4002.48,2190.97,12.5,N,Pending,Delivered,0,0,8004.96,1000.62,7004.34,7004.34,4381.94,2622.4,37.43964456,Medium Discount,2026-05-01 00:00:00
OL001119,O100653,C1135,2026-02-25 00:00:00,South,Online,Electronics,Smartwatch,2,5139.87,4047.96,20,Y,Paid,Delivered,0,0,10279.74,2055.948,8223.792,8223.792,8095.92,127.872,1.55490314,Medium Discount,2026-02-01 00:00:00
OL001120,O100653,C1135,2026-02-25 00:00:00,South,Online,Home,Mixer,4,12534.05,7097.95,21.7,Y,Paid,Cancelled,0,0,50136.2,10879.5554,39256.6446,39256.6446,28391.8,10864.8446,27.67644742,Medium Discount,2026-02-01 00:00:00
OL001121,O100653,C1135,2026-02-25 00:00:00,South,Online,Home,Bedsheet,1,8104.79,5535.04,21.6,Y,Paid,Cancelled,0,0,8104.79,1750.63464,6354.15536,6354.15536,5535.04,819.11536,12.89101877,Medium Discount,2026-02-01 00:00:00
OL001122,O100654,C1405,2026-01-24 00:00:00,East,Marketplace,Fashion,Jeans,2,11708.94,5621.53,37.1,Y,Failed,Cancelled,0,0,23417.88,8688.03348,14729.84652,14729.84652,11243.06,3486.78652,23.67157401,High Discount,2026-01-01 00:00:00
OL001123,O100655,C1167,2026-06-19 00:00:00,West,Online,Home,Lamp,4,9799.28,5692.39,13.2,N,Pending,Delivered,0,0,39197.12,5174.01984,34023.10016,34023.10016,22769.56,11253.54016,33.07617503,Medium Discount,2026-06-01 00:00:00
OL001124,O100656,C1480,2026-05-17 00:00:00,South,Store,Personal Care,Trimmer,5,10887.88,5531.52,0,N,Paid,Delivered,0,0,54439.4,0,54439.4,54439.4,27657.6,26781.8,49.19561935,Low Discount,2026-05-01 00:00:00
OL001125,O100656,C1480,2026-05-17 00:00:00,South,Store,Personal Care,Shampoo,1,10735.56,6629.74,21.3,Y,Paid,Delivered,0,0,10735.56,2286.67428,8448.88572,8448.88572,6629.74,1819.14572,21.53119098,Medium Discount,2026-05-01 00:00:00
OL001126,O100657,C1429,2026-05-18 00:00:00,South,Online,Home,Storage Box,4,4328.79,2741.49,16.2,N,Failed,Delivered,0,0,17315.16,2805.05592,14510.10408,14510.10408,10965.96,3544.14408,24.42535257,Medium Discount,2026-05-01 00:00:00
OL001127,O100658,C1025,2026-01-23 00:00:00,South,Store,Fashion,Shoes,2,7999.22,4737.65,4.8,N,Pending,Delivered,2,14470.78,15998.44,767.92512,15230.51488,759.73488,0,759.73488,100,Low Discount,2026-01-01 00:00:00
OL001128,O100658,C1025,2026-01-23 00:00:00,South,Store,Personal Care,Face Wash,1,1544.23,935.26,16.7,N,Failed,Delivered,0,0,1544.23,257.88641,1286.34359,1286.34359,935.26,351.08359,27.29314257,Medium Discount,2026-01-01 00:00:00
OL001130,O100659,C1491,2026-02-24 00:00:00,West,Online,Home,Storage Box,3,14644.19,10158.01,12.2,N,Paid,Cancelled,0,0,43932.57,5359.77354,38572.79646,38572.79646,30474.03,8098.76646,20.99605733,Medium Discount,2026-02-01 00:00:00
OL001131,O100659,C1491,2026-02-24 00:00:00,West,Online,Electronics,Smartwatch,5,14190.59,10120.7,14.1,N,Paid,Cancelled,4,54743.25,70952.95,10004.36595,60948.58405,6205.33405,10120.7,-3915.36595,-63.09677962,Medium Discount,2026-02-01 00:00:00
OL001132,O100660,C1503,2026-06-03 00:00:00,South,Online,Home,Mixer,2,14652.17,9524.95,18.1,N,Paid,Delivered,0,0,29304.34,5304.08554,24000.25446,24000.25446,19049.9,4950.35446,20.62625823,Medium Discount,2026-06-01 00:00:00
OL001133,O100661,C1148,2026-01-26 00:00:00,East,Marketplace,Electronics,Keyboard,1,6181.14,4730.67,15.7,N,Pending,Delivered,1,11710.66,6181.14,970.43898,5210.70102,-6499.95898,0,-6499.95898,100,Medium Discount,2026-01-01 00:00:00
OL001134,O100661,C1148,2026-01-26 00:00:00,East,Marketplace,Electronics,Smartwatch,2,7729.39,6172.51,3.7,N,Paid,Delivered,0,0,15458.78,571.97486,14886.80514,14886.80514,12345.02,2541.78514,17.07408081,Low Discount,2026-01-01 00:00:00
OL001135,O100662,C1267,2026-04-16 00:00:00,East,Store,Fashion,T-Shirt,5,10312.92,5033.43,0,N,Failed,Cancelled,0,0,51564.6,0,51564.6,51564.6,25167.15,26397.45,51.1929696,Low Discount,2026-04-01 00:00:00
OL001136,O100663,C1363,2026-03-04 00:00:00,North,Store,Personal Care,Shampoo,3,8537.4,4986.59,3.3,N,Failed,Delivered,1,7427.71,25612.2,845.2026,24766.9974,17339.2874,9973.18,7366.1074,42.48218067,Low Discount,2026-03-01 00:00:00
OL001137,O100664,C1404,2026-02-23 00:00:00,South,Store,Personal Care,Trimmer,4,10218.37,5129.57,6.7,N,Failed,Delivered,0,0,40873.48,2738.52316,38134.95684,38134.95684,20518.28,17616.67684,46.19561237,Low Discount,2026-02-01 00:00:00
OL001138,O100665,C1054,2026-04-19 00:00:00,East,Online,Personal Care,Perfume,5,2775.03,1701.1,6.7,N,Paid,Delivered,0,0,13875.15,929.63505,12945.51495,12945.51495,8505.5,4440.01495,34.29770826,Low Discount,2026-04-01 00:00:00
OL001139,O100666,C1189,2026-01-27 00:00:00,North,Store,Home,Mixer,5,1707.7,972.32,2.6,N,Paid,Delivered,1,-1605.48,8538.5,222.001,8316.499,9921.979,3889.28,6032.699,60.80136836,Low Discount,2026-01-01 00:00:00
OL001141,O100666,C1189,2026-01-27 00:00:00,North,Store,Fashion,Shoes,1,13795.22,6798.61,7.3,N,Paid,Delivered,0,0,13795.22,1007.05106,12788.16894,12788.16894,6798.61,5989.55894,46.83672047,Low Discount,2026-01-01 00:00:00
OL001142,O100667,C1347,2026-01-03 00:00:00,South,Store,Fashion,Jeans,1,5980.63,3431.17,16.2,N,Pending,Delivered,0,0,5980.63,968.86206,5011.76794,5011.76794,3431.17,1580.59794,31.53773197,Medium Discount,2026-01-01 00:00:00
OL001143,O100668,C1319,2026-05-23 00:00:00,North,Online,Electronics,Smartwatch,2,11517,8107.24,14.7,N,Paid,Delivered,0,0,23034,3385.998,19648.002,19648.002,16214.48,3433.522,17.47517127,Medium Discount,2026-05-01 00:00:00
OL001144,O100668,C1319,2026-05-23 00:00:00,North,Online,Electronics,Earbuds,1,14972.08,10998.02,23.6,Y,Paid,Delivered,0,0,14972.08,3533.41088,11438.66912,11438.66912,10998.02,440.64912,3.852276129,Medium Discount,2026-05-01 00:00:00
OL001145,O100669,C1406,2026-04-01 00:00:00,East,Store,Personal Care,Perfume,3,9812.45,5487.08,0,N,Paid,Delivered,0,0,29437.35,0,29437.35,29437.35,16461.24,12976.11,44.08042844,Low Discount,2026-04-01 00:00:00
OL001146,O100670,C1501,2026-03-18 00:00:00,North,Marketplace,Electronics,Earbuds,4,9129.13,7249.73,20,Y,Paid,Delivered,2,17572.88,36516.52,7303.304,29213.216,11640.336,14499.46,-2859.124,-24.56221195,Medium Discount,2026-03-01 00:00:00
OL001147,O100671,C1303,2026-04-22 00:00:00,East,Online,Home,Bedsheet,3,14858.49,9801.79,22.1,Y,Paid,Cancelled,0,0,44575.47,9851.17887,34724.29113,34724.29113,29405.37,5318.92113,15.31758016,Medium Discount,2026-04-01 00:00:00
OL001148,O100671,C1303,2026-04-22 00:00:00,East,Online,Personal Care,Trimmer,3,1168.73,724.05,23,Y,Paid,Delivered,0,0,3506.19,806.4237,2699.7663,2699.7663,2172.15,527.6163,19.543036,Medium Discount,2026-04-01 00:00:00
OL001149,O100672,C1159,2026-01-26 00:00:00,East,Store,Fashion,Jacket,5,426.63,277.29,1.2,N,Paid,Delivered,5,1981.4,2133.15,25.5978,2107.5522,126.1522,0,126.1522,100,Low Discount,2026-01-01 00:00:00
OL001150,O100673,C1365,2026-01-14 00:00:00,West,Online,Fashion,Jeans,3,5753.19,3502.29,15,N,Paid,Delivered,0,0,17259.57,2588.9355,14670.6345,14670.6345,10506.87,4163.7645,28.38162521,Medium Discount,2026-01-01 00:00:00
OL001151,O100674,C1258,2026-01-30 00:00:00,South,Online,Home,Lamp,1,8524.23,6099.07,2.4,N,Paid,Delivered,1,-8325.36,8524.23,204.58152,8319.64848,16645.00848,0,16645.00848,100,Low Discount,2026-01-01 00:00:00
OL001152,O100675,C1063,2026-04-27 00:00:00,East,Store,Electronics,Earbuds,4,3540.73,2756.53,15.2,N,Failed,Delivered,0,0,14162.92,2152.76384,12010.15616,12010.15616,11026.12,984.03616,8.193366905,Medium Discount,2026-04-01 00:00:00
OL001153,O100675,C1063,2026-04-27 00:00:00,East,Store,Electronics,Smartwatch,2,9271.43,7077.89,0,N,Paid,Cancelled,0,0,18542.86,0,18542.86,18542.86,14155.78,4387.08,23.65913349,Low Discount,2026-04-01 00:00:00
OL001154,O100675,C1063,2026-04-27 00:00:00,East,Store,Fashion,T-Shirt,3,14183.43,7195.34,18.1,N,Paid,Delivered,0,0,42550.29,7701.60249,34848.68751,34848.68751,21586.02,13262.66751,38.05786805,Medium Discount,2026-04-01 00:00:00
OL001155,O100676,C1270,2026-02-03 00:00:00,South,Online,Electronics,Smartwatch,2,9801.6,7323.39,11.5,N,Paid,Delivered,0,0,19603.2,2254.368,17348.832,17348.832,14646.78,2702.052,15.57483524,Medium Discount,2026-02-01 00:00:00
OL001156,O100677,C1317,2026-04-13 00:00:00,East,Marketplace,Personal Care,Face Wash,1,11630.07,7337.64,15.1,N,Paid,Delivered,0,0,11630.07,1756.14057,9873.92943,9873.92943,7337.64,2536.28943,25.68672835,Medium Discount,2026-04-01 00:00:00
OL001157,O100677,C1317,2026-04-13 00:00:00,East,Marketplace,Electronics,Keyboard,5,9276.11,7157.82,26.3,Y,Failed,Delivered,0,0,46380.55,12198.08465,34182.46535,34182.46535,35789.1,-1606.63465,-4.700171955,High Discount,2026-04-01 00:00:00
OL001158,O100678,C1019,2026-04-12 00:00:00,South,Store,Fashion,Shoes,2,8427.09,4463.43,4.2,N,Paid,Delivered,0,0,16854.18,707.87556,16146.30444,16146.30444,8926.86,7219.44444,44.71267383,Low Discount,2026-04-01 00:00:00
OL001159,O100679,C1207,2026-03-25 00:00:00,South,Store,Home,Bedsheet,4,12822.32,7472.76,19.3,N,Paid,Delivered,0,0,51289.28,9898.83104,41390.44896,41390.44896,29891.04,11499.40896,27.78275967,Medium Discount,2026-03-01 00:00:00
OL001160,O100679,C1207,2026-03-25 00:00:00,South,Store,Electronics,Earbuds,5,1035.08,810.33,12.8,N,Failed,Cancelled,5,5420.72,5175.4,662.4512,4512.9488,-907.7712,0,-907.7712,100,Medium Discount,2026-03-01 00:00:00
OL001161,O100680,C1404,2026-06-30 00:00:00,East,Marketplace,Electronics,Power Bank,5,14919.68,11013.73,36.3,Y,Paid,Delivered,2,29119.16,74598.4,27079.2192,47519.1808,18400.0208,33041.19,-14641.1692,-79.57148179,High Discount,2026-06-01 00:00:00
OL001162,O100681,C1303,2026-04-11 00:00:00,North,Marketplace,Home,Storage Box,3,12761.54,8523.02,27.5,Y,Failed,Delivered,0,0,38284.62,10528.2705,27756.3495,27756.3495,25569.06,2187.2895,7.880321222,High Discount,2026-04-01 00:00:00
OL001163,O100681,C1303,2026-04-11 00:00:00,North,Marketplace,Home,Mixer,2,14836.66,10388.13,34.6,Y,Paid,Delivered,0,0,29673.32,10266.96872,19406.35128,19406.35128,20776.26,-1369.90872,-7.059074116,High Discount,2026-04-01 00:00:00
OL001164,O100681,C1303,2026-04-11 00:00:00,North,Marketplace,Home,Storage Box,2,4568.33,2541.3,16.9,N,Pending,Cancelled,0,0,9136.66,1544.09554,7592.56446,7592.56446,5082.6,2509.96446,33.05819099,Medium Discount,2026-04-01 00:00:00
OL001166,O100683,C1334,2026-06-01 00:00:00,South,Marketplace,Fashion,T-Shirt,1,8017.57,5123.34,28.3,Y,Paid,Delivered,0,0,8017.57,2268.97231,5748.59769,5748.59769,5123.34,625.25769,10.87669939,High Discount,2026-06-01 00:00:00
OL001167,O100684,C1121,2026-04-22 00:00:00,East,Online,Fashion,Jeans,2,5691.62,3285.94,13.6,N,Paid,Delivered,0,0,11383.24,1548.12064,9835.11936,9835.11936,6571.88,3263.23936,33.17945864,Medium Discount,2026-04-01 00:00:00
OL001168,O100684,C1121,2026-04-22 00:00:00,East,Online,Fashion,Jacket,3,4750.6,2771.88,8.1,N,Paid,Cancelled,2,8454.84,14251.8,1154.3958,13097.4042,4642.5642,2771.88,1870.6842,40.29420207,Low Discount,2026-04-01 00:00:00
OL001169,O100684,C1121,2026-04-22 00:00:00,East,Online,Home,Lamp,3,8711.63,5255.08,2.3,N,Paid,Delivered,2,-11.81,26134.89,601.10247,25533.78753,25545.59753,5255.08,20290.51753,79.4286276,Low Discount,2026-04-01 00:00:00
OL001171,O100686,C1351,2026-02-06 00:00:00,East,Store,Home,Bedsheet,2,13295.01,9072.7,0,N,Paid,Delivered,0,0,26590.02,0,26590.02,26590.02,18145.4,8444.62,31.75860718,Low Discount,2026-02-01 00:00:00
OL001172,O100686,C1351,2026-02-06 00:00:00,East,Store,Fashion,Jacket,2,1050.15,634.55,2.6,N,Failed,Delivered,0,0,2100.3,54.6078,2045.6922,2045.6922,1269.1,776.5922,37.96231906,Low Discount,2026-02-01 00:00:00
OL001173,O100686,C1351,2026-02-06 00:00:00,East,Store,Electronics,Keyboard,4,14867.58,12043.9,9.6,N,Failed,Delivered,0,0,59470.32,5709.15072,53761.16928,53761.16928,48175.6,5585.56928,10.38959784,Low Discount,2026-02-01 00:00:00
OL001174,O100687,C1300,2026-03-10 00:00:00,North,Online,Personal Care,Face Wash,2,13653.21,8606.94,13.3,N,Pending,Delivered,0,0,27306.42,3631.75386,23674.66614,23674.66614,17213.88,6460.78614,27.28987223,Medium Discount,2026-03-01 00:00:00
OL001175,O100688,C1337,2026-06-15 00:00:00,West,Online,Home,Storage Box,4,685.17,452.76,9.9,N,Paid,Delivered,3,1868.2,2740.68,271.32732,2469.35268,601.15268,452.76,148.39268,24.68469075,Low Discount,2026-06-01 00:00:00
OL001176,O100689,C1182,2026-01-27 00:00:00,West,Online,Personal Care,Face Wash,4,11863.59,7632.35,29.5,Y,Paid,Cancelled,0,0,47454.36,13999.0362,33455.3238,33455.3238,30529.4,2925.9238,8.745764404,High Discount,2026-01-01 00:00:00
OL001177,O100690,C1493,2026-03-31 00:00:00,North,Marketplace,Home,Storage Box,5,7731.67,5058.44,23.6,Y,Paid,Delivered,0,0,38658.35,9123.3706,29534.9794,29534.9794,25292.2,4242.7794,14.36526954,Medium Discount,2026-03-01 00:00:00
OL001178,O100690,C1493,2026-03-31 00:00:00,North,Marketplace,Fashion,Jacket,5,7359.86,3635.03,9.6,N,Pending,Delivered,0,0,36799.3,3532.7328,33266.5672,33266.5672,18175.15,15091.4172,45.3651172,Low Discount,2026-03-01 00:00:00
OL001179,O100691,C1156,2026-03-26 00:00:00,West,Online,Personal Care,Shampoo,4,1524.65,1026.92,28.5,Y,Paid,Cancelled,0,0,6098.6,1738.101,4360.499,4360.499,4107.68,252.819,5.797937346,High Discount,2026-03-01 00:00:00
OL001180,O100691,C1156,2026-03-26 00:00:00,West,Online,Fashion,T-Shirt,3,9403.44,5912.64,35.7,Y,Paid,Delivered,0,0,28210.32,10071.08424,18139.23576,18139.23576,17737.92,401.31576,2.212418237,High Discount,2026-03-01 00:00:00
OL001181,O100691,C1156,2026-03-26 00:00:00,West,Online,Electronics,Power Bank,2,1829.7,1437,13,N,Paid,Delivered,0,0,3659.4,475.722,3183.678,3183.678,2874,309.678,9.727051542,Medium Discount,2026-03-01 00:00:00
OL001182,O100692,C1273,2026-05-18 00:00:00,West,Marketplace,Electronics,Power Bank,2,14225.93,10451.77,24.3,Y,Paid,Delivered,1,13357.2,28451.86,6913.80198,21538.05802,8180.85802,10451.77,-2270.91198,-27.75884845,Medium Discount,2026-05-01 00:00:00
OL001186,O100695,C1078,2026-02-01 00:00:00,South,Marketplace,Home,Lamp,2,2852.84,1862.36,21.7,Y,Paid,Delivered,1,2756.96,5705.68,1238.13256,4467.54744,1710.58744,1862.36,-151.77256,-8.872540301,Medium Discount,2026-02-01 00:00:00
OL001187,O100695,C1078,2026-02-01 00:00:00,South,Marketplace,Fashion,Jeans,1,4215.16,2385.78,10.7,N,Paid,Cancelled,1,7766.12,4215.16,451.02212,3764.13788,-4001.98212,0,-4001.98212,100,Medium Discount,2026-02-01 00:00:00
OL001188,O100696,C1171,2026-05-06 00:00:00,South,Online,Personal Care,Shampoo,5,753.64,438.13,8.5,N,Pending,Delivered,0,0,3768.2,320.297,3447.903,3447.903,2190.65,1257.253,36.46427988,Low Discount,2026-05-01 00:00:00
OL001189,O100697,C1014,2026-03-04 00:00:00,South,Online,Electronics,Power Bank,2,1464.73,1148.17,22,Y,Pending,Delivered,1,-1401.27,2929.46,644.4812,2284.9788,3686.2488,1148.17,2538.0788,68.85261787,Medium Discount,2026-03-01 00:00:00
OL001190,O100698,C1512,2026-05-27 00:00:00,North,Online,Home,Bedsheet,2,13124.66,9047.01,35.2,Y,Paid,Delivered,0,0,26249.32,9239.76064,17009.55936,17009.55936,18094.02,-1084.46064,-6.375595141,High Discount,2026-05-01 00:00:00
OL001191,O100698,C1512,2026-05-27 00:00:00,North,Online,Fashion,T-Shirt,3,9396.04,4672.39,33.6,Y,Paid,Delivered,0,0,28188.12,9471.20832,18716.91168,18716.91168,14017.17,4699.74168,25.10960013,High Discount,2026-05-01 00:00:00
OL001192,O100699,C1182,2026-03-13 00:00:00,East,Online,Home,Storage Box,1,11828.28,7804.08,18.6,N,Paid,Delivered,0,0,11828.28,2200.06008,9628.21992,9628.21992,7804.08,1824.13992,18.945765,Medium Discount,2026-03-01 00:00:00
OL001193,O100699,C1182,2026-03-13 00:00:00,East,Online,Electronics,Smartwatch,4,10009.68,7863.02,17.5,N,Failed,Delivered,0,0,40038.72,7006.776,33031.944,33031.944,31452.08,1579.864,4.782836881,Medium Discount,2026-03-01 00:00:00
OL001194,O100700,C1503,2026-04-13 00:00:00,West,Online,Fashion,Jacket,4,11667.14,5926.95,37.2,Y,Paid,Delivered,4,69889.58,46668.56,17360.70432,29307.85568,-40581.72432,0,-40581.72432,100,High Discount,2026-04-01 00:00:00
OL001195,O100701,C1251,2026-06-29 00:00:00,West,Store,Fashion,T-Shirt,2,4793.43,2169.73,0,N,Paid,Cancelled,0,0,9586.86,0,9586.86,9586.86,4339.46,5247.4,54.73533566,Low Discount,2026-06-01 00:00:00
OL001196,O100702,,2026-06-04 00:00:00,North,Store,Electronics,Keyboard,3,9067.21,6592.37,0,N,Paid,Delivered,0,0,27201.63,0,27201.63,27201.63,19777.11,7424.52,27.29439376,Low Discount,2026-06-01 00:00:00
OL001197,O100702,C1367,2026-06-04 00:00:00,North,Store,Fashion,Jeans,3,2357.41,1355.36,10.3,N,Paid,Delivered,0,0,7072.23,728.43969,6343.79031,6343.79031,4066.08,2277.71031,35.90456492,Medium Discount,2026-06-01 00:00:00
OL001198,O100703,C1136,2026-01-01 00:00:00,South,Store,Home,Storage Box,5,10879.49,6874.57,0,N,Failed,Delivered,0,0,54397.45,0,54397.45,54397.45,34372.85,20024.6,36.81165202,Low Discount,2026-01-01 00:00:00
OL001199,O100703,C1136,2026-01-01 00:00:00,South,Store,Home,Lamp,5,7231.89,5104.19,20.4,Y,Paid,Delivered,5,64591.62,36159.45,7376.5278,28782.9222,-35808.6978,0,-35808.6978,100,Medium Discount,2026-01-01 00:00:00
OL001200,O100703,C1136,2026-01-01 00:00:00,South,Store,Electronics,Keyboard,1,8489.76,6615.56,4.4,N,Paid,Cancelled,1,7866.85,8489.76,373.54944,8116.21056,249.36056,0,249.36056,100,Low Discount,2026-01-01 00:00:00
OL001201,O100704,C1487,2026-03-04 00:00:00,East,Store,Fashion,T-Shirt,1,4119.5,2447.2,8.7,N,Pending,Delivered,0,0,4119.5,358.3965,3761.1035,3761.1035,2447.2,1313.9035,34.93398945,Low Discount,2026-03-01 00:00:00
OL001202,O100705,C1103,2026-06-15 00:00:00,East,Store,Home,Mixer,4,5777.92,4038.38,10.8,N,Paid,Delivered,0,0,23111.68,2496.06144,20615.61856,20615.61856,16153.52,4462.09856,21.64426232,Medium Discount,2026-06-01 00:00:00
OL001203,O100705,C1103,2026-06-15 00:00:00,East,Store,Home,Storage Box,2,2967.41,1821.58,0,N,Paid,Delivered,0,0,5934.82,0,5934.82,5934.82,3643.16,2291.66,38.613808,Low Discount,2026-06-01 00:00:00
OL001204,O100706,C1229,2026-05-30 00:00:00,West,Marketplace,Electronics,Earbuds,5,2094.45,1558.4,25.7,Y,Paid,Delivered,2,3821.71,10472.25,2691.36825,7780.88175,3959.17175,4675.2,-716.02825,-18.08530408,High Discount,2026-05-01 00:00:00
OL001206,O100706,C1229,2026-05-30 00:00:00,West,Marketplace,Fashion,Shoes,1,11343.83,6284.58,11.3,N,Failed,Delivered,0,0,11343.83,1281.85279,10061.97721,10061.97721,6284.58,3777.39721,37.54130159,Medium Discount,2026-05-01 00:00:00
OL001207,O100707,C1439,2026-03-07 00:00:00,North,Marketplace,Fashion,Jeans,1,11635.67,6085.47,42,Y,Pending,Delivered,1,10676.04,11635.67,4886.9814,6748.6886,-3927.3514,0,-3927.3514,100,High Discount,2026-03-01 00:00:00
OL001208,O100708,C1028,2026-03-07 00:00:00,South,Store,Personal Care,Face Wash,5,5175.05,3183.06,14,N,Pending,Cancelled,0,0,25875.25,3622.535,22252.715,22252.715,15915.3,6337.415,28.47928893,Medium Discount,2026-03-01 00:00:00
OL001209,O100709,C1013,2026-06-23 00:00:00,North,Store,Electronics,Smartwatch,3,2450.96,1822.53,0,N,Paid,Delivered,1,2331.73,7352.88,0,7352.88,5021.15,3645.06,1376.09,27.40587316,Low Discount,2026-06-01 00:00:00
OL001210,O100710,C1242,2026-01-23 00:00:00,West,Online,Fashion,Jacket,2,13354.68,8102.71,22.6,Y,Pending,Delivered,0,0,26709.36,6036.31536,20673.04464,20673.04464,16205.42,4467.62464,21.61086922,Medium Discount,2026-01-01 00:00:00
OL001211,O100710,C1242,2026-01-23 00:00:00,West,Online,Electronics,Earbuds,5,3335.46,2646.14,26.8,Y,Paid,Delivered,2,5853.92,16677.3,4469.5164,12207.7836,6353.8636,7938.42,-1584.5564,-24.93847051,High Discount,2026-01-01 00:00:00
OL001212,O100711,C1262,2026-02-13 00:00:00,East,Online,Home,Mixer,2,10941.53,7185.4,29.8,Y,Failed,Delivered,0,0,21883.06,6521.15188,15361.90812,15361.90812,14370.8,991.10812,6.451725347,High Discount,2026-02-01 00:00:00
OL001213,O100712,C1163,2026-05-15 00:00:00,South,Marketplace,Electronics,Earbuds,2,10783.73,7415.26,28.8,Y,Paid,Delivered,2,19031.52,21567.46,6211.42848,15356.03152,-3675.48848,0,-3675.48848,100,High Discount,2026-05-01 00:00:00
OL001214,O100712,C1163,2026-05-15 00:00:00,South,Marketplace,Fashion,Shoes,5,14723.31,8161.71,18.5,N,Pending,Delivered,0,0,73616.55,13619.06175,59997.48825,59997.48825,40808.55,19188.93825,31.98290263,Medium Discount,2026-05-01 00:00:00
OL001216,O100714,C1139,2026-03-07 00:00:00,South,Online,Electronics,Keyboard,2,2813.62,1941.97,26.6,Y,Paid,Cancelled,0,0,5627.24,1496.84584,4130.39416,4130.39416,3883.94,246.45416,5.96684361,High Discount,2026-03-01 00:00:00
OL001217,O100715,C1173,2026-06-23 00:00:00,South,Store,Personal Care,Face Wash,2,4790.19,2664,15.4,N,Paid,Delivered,0,0,9580.38,1475.37852,8105.00148,8105.00148,5328,2777.00148,34.26281274,Medium Discount,2026-06-01 00:00:00
OL001218,O100716,C1322,2026-06-01 00:00:00,South,Marketplace,Home,Storage Box,5,12961.8,7659.33,24.2,Y,Paid,Delivered,5,63120.21,64809,15683.778,49125.222,-13994.988,0,-13994.988,100,Medium Discount,2026-06-01 00:00:00
OL001219,O100717,C1348,2026-06-10 00:00:00,North,Online,Home,Bedsheet,2,9202.49,5831.76,22.4,Y,Failed,Cancelled,0,0,18404.98,4122.71552,14282.26448,14282.26448,11663.52,2618.74448,18.33563917,Medium Discount,2026-06-01 00:00:00
OL001220,O100717,C1348,2026-06-10 00:00:00,North,Online,Electronics,Smartwatch,2,2767.35,1920.31,17.1,N,Paid,Delivered,0,0,5534.7,946.4337,4588.2663,4588.2663,3840.62,747.6463,16.29474514,Medium Discount,2026-06-01 00:00:00
OL001221,O100718,C1471,2026-04-02 00:00:00,North,Online,Fashion,Shoes,4,1504.08,953.05,0,N,Paid,Cancelled,0,0,6016.32,0,6016.32,6016.32,3812.2,2204.12,36.63568427,Low Discount,2026-04-01 00:00:00
OL001222,O100718,C1471,2026-04-02 00:00:00,North,Online,Fashion,Jacket,5,10562.09,5659.52,19.2,N,Paid,Delivered,3,29292.06,52810.45,10139.6064,42670.8436,13378.7836,11319.04,2059.7436,15.39559695,Medium Discount,2026-04-01 00:00:00
OL001224,O100719,C1026,2026-05-28 00:00:00,South,Store,Fashion,T-Shirt,3,4350.83,2143.61,7.6,N,Failed,Delivered,0,0,13052.49,991.98924,12060.50076,12060.50076,6430.83,5629.67076,46.67858219,Low Discount,2026-05-01 00:00:00
OL001225,O100720,C1153,2026-03-02 00:00:00,South,Marketplace,Electronics,Keyboard,4,1737.93,1362.96,25.5,Y,Failed,Cancelled,0,0,6951.72,1772.6886,5179.0314,5179.0314,5451.84,-272.8086,-5.267560262,High Discount,2026-03-01 00:00:00
OL001226,O100720,C1153,2026-03-02 00:00:00,South,Marketplace,Home,Storage Box,2,6427.33,4305.62,13.5,N,Failed,Cancelled,0,0,12854.66,1735.3791,11119.2809,11119.2809,8611.24,2508.0409,22.55578326,Medium Discount,2026-03-01 00:00:00
OL001227,O100720,C1153,2026-03-02 00:00:00,South,Marketplace,Fashion,T-Shirt,5,5214.65,2532.09,17.9,N,Paid,Delivered,0,0,26073.25,4667.11175,21406.13825,21406.13825,12660.45,8745.68825,40.85598321,Medium Discount,2026-03-01 00:00:00
OL001229,O100722,C1386,2026-06-02 00:00:00,East,Marketplace,Fashion,Jeans,3,5819.78,2858.73,20.3,Y,Failed,Delivered,3,26137.96,17459.34,3544.24602,13915.09398,-12222.86602,0,-12222.86602,100,Medium Discount,2026-06-01 00:00:00
OL001230,O100722,C1386,2026-06-02 00:00:00,East,Marketplace,Fashion,T-Shirt,1,6477.1,3222.87,27.8,Y,Paid,Cancelled,1,6451.39,6477.1,1800.6338,4676.4662,-1774.9238,0,-1774.9238,100,High Discount,2026-06-01 00:00:00
OL001231,O100723,C1161,2026-02-24 00:00:00,South,Store,Fashion,Jacket,5,11611.15,6172.51,0,N,Paid,Delivered,4,43732.54,58055.75,0,58055.75,14323.21,6172.51,8150.7,56.90554003,Low Discount,2026-02-01 00:00:00
OL001232,O100724,C1224,2026-01-16 00:00:00,North,Online,Home,Lamp,3,1671.37,991.52,33.8,Y,Paid,Delivered,0,0,5014.11,1694.76918,3319.34082,3319.34082,2974.56,344.78082,10.38702678,High Discount,2026-01-01 00:00:00
OL001233,O100725,C1165,2026-02-09 00:00:00,West,Store,Electronics,Power Bank,3,2444.26,1873.86,5.2,N,Paid,Delivered,0,0,7332.78,381.30456,6951.47544,6951.47544,5621.58,1329.89544,19.13112477,Low Discount,2026-02-01 00:00:00
OL001234,O100726,C1418,2026-04-19 00:00:00,West,Marketplace,Electronics,Keyboard,1,4594.1,3250.61,21,Y,Paid,Delivered,1,4498.26,4594.1,964.761,3629.339,-868.921,0,-868.921,100,Medium Discount,2026-04-01 00:00:00
OL001235,O100726,C1418,2026-04-19 00:00:00,West,Marketplace,Home,Lamp,2,8812.1,5607.55,26.1,Y,Paid,Delivered,0,0,17624.2,4599.9162,13024.2838,13024.2838,11215.1,1809.1838,13.89085057,High Discount,2026-04-01 00:00:00
OL001237,O100728,C1292,2026-06-27 00:00:00,West,Online,Electronics,Smartwatch,3,5648.83,4274.2,22.1,Y,Paid,Delivered,0,0,16946.49,3745.17429,13201.31571,13201.31571,12822.6,378.71571,2.868772464,Medium Discount,2026-06-01 00:00:00
OL001238,O100728,C1292,2026-06-27 00:00:00,West,Online,Electronics,Keyboard,2,14763.18,11004.54,25.7,Y,Paid,Delivered,0,0,29526.36,7588.27452,21938.08548,21938.08548,22009.08,-70.99452,-0.323613107,High Discount,2026-06-01 00:00:00
OL001239,O100729,C1391,2026-05-13 00:00:00,West,Store,Personal Care,Face Wash,5,3392.07,1907.06,0.6,N,Failed,Delivered,3,9841.17,16960.35,101.7621,16858.5879,7017.4179,3814.12,3203.2979,45.64781442,Low Discount,2026-05-01 00:00:00
OL001240,O100730,C1434,2026-01-03 00:00:00,West,Online,Home,Bedsheet,1,8406.12,5005.51,43.3,Y,Paid,Delivered,0,0,8406.12,3639.84996,4766.27004,4766.27004,5005.51,-239.23996,-5.019437799,High Discount,2026-01-01 00:00:00
OL001241,O100731,C1244,2026-05-17 00:00:00,East,Store,Electronics,Earbuds,3,4119.19,3017.24,7.2,N,Paid,Delivered,3,11499.34,12357.57,889.74504,11467.82496,-31.51504,0,-31.51504,100,Low Discount,2026-05-01 00:00:00
OL001242,O100732,C1281,2026-05-28 00:00:00,East,Store,Fashion,T-Shirt,2,701.82,395.87,23.6,Y,Paid,Delivered,1,688.16,1403.64,331.25904,1072.38096,384.22096,395.87,-11.64904,-3.031859584,Medium Discount,2026-05-01 00:00:00
OL001243,O100733,C1147,2026-01-27 00:00:00,West,Store,Home,Bedsheet,1,14120.52,8635.56,14.4,N,Paid,Cancelled,0,0,14120.52,2033.35488,12087.16512,12087.16512,8635.56,3451.60512,28.55595242,Medium Discount,2026-01-01 00:00:00
OL001244,O100733,C1147,2026-01-27 00:00:00,West,Store,Personal Care,Perfume,4,13601.24,8991.92,3,N,Paid,Cancelled,0,0,54404.96,1632.1488,52772.8112,52772.8112,35967.68,16805.1312,31.84429788,Low Discount,2026-01-01 00:00:00
OL001245,O100734,C1426,2026-01-29 00:00:00,North,Marketplace,Fashion,T-Shirt,1,13548.45,7078.84,13.6,N,Paid,Delivered,0,0,13548.45,1842.5892,11705.8608,11705.8608,7078.84,4627.0208,39.52738614,Medium Discount,2026-01-01 00:00:00
OL001246,O100734,C1426,2026-01-29 00:00:00,North,Marketplace,Fashion,Jacket,4,951.04,581.97,11.5,N,Paid,Delivered,0,0,3804.16,437.4784,3366.6816,3366.6816,2327.88,1038.8016,30.85535621,Medium Discount,2026-01-01 00:00:00
OL001247,O100735,C1253,2026-05-09 00:00:00,South,Store,Fashion,Jeans,3,13041.61,7898.66,3.1,N,Paid,Delivered,0,0,39124.83,1212.86973,37911.96027,37911.96027,23695.98,14215.98027,37.49734957,Low Discount,2026-05-01 00:00:00
OL001248,O100735,C1253,2026-05-09 00:00:00,South,Store,Home,Storage Box,5,9668.38,5956.91,19.6,N,Pending,Cancelled,0,0,48341.9,9475.0124,38866.8876,38866.8876,29784.55,9082.3376,23.36780267,Medium Discount,2026-05-01 00:00:00
OL001250,O100737,C1412,2026-05-23 00:00:00,West,Online,Electronics,Power Bank,5,11880.63,8872.55,22.1,Y,Paid,Delivered,2,21887.82,59403.15,13128.09615,46275.05385,24387.23385,26617.65,-2230.41615,-9.145834922,Medium Discount,2026-05-01 00:00:00
OL001251,O100738,C1439,2026-02-26 00:00:00,East,Store,Home,Mixer,5,1547.3,944.58,19.5,N,Pending,Delivered,0,0,7736.5,1508.6175,6227.8825,6227.8825,4722.9,1504.9825,24.16523594,Medium Discount,2026-02-01 00:00:00
OL001252,O100738,C1439,2026-02-26 00:00:00,East,Store,Electronics,Power Bank,3,2004.58,1429.13,12.8,N,Paid,Delivered,0,0,6013.74,769.75872,5243.98128,5243.98128,4287.39,956.59128,18.24169899,Medium Discount,2026-02-01 00:00:00
OL001253,O100738,C1439,2026-02-26 00:00:00,East,Store,Fashion,Jeans,1,4821.54,2225.84,29,Y,Pending,Cancelled,0,0,4821.54,1398.2466,3423.2934,3423.2934,2225.84,1197.4534,34.9795726,High Discount,2026-02-01 00:00:00
OL001254,O100739,C1060,2026-04-07 00:00:00,East,Marketplace,Electronics,Power Bank,1,5643.11,4186.82,32.6,Y,Paid,Cancelled,0,0,5643.11,1839.65386,3803.45614,3803.45614,4186.82,-383.36386,-10.07935535,High Discount,2026-04-01 00:00:00
OL001256,O100740,C1141,2026-05-30 00:00:00,West,Online,Personal Care,Trimmer,1,10401.27,6395.4,0,N,Paid,Delivered,0,0,10401.27,0,10401.27,10401.27,6395.4,4005.87,38.51327771,Low Discount,2026-05-01 00:00:00
OL001257,O100740,C1141,2026-05-30 00:00:00,West,Online,Personal Care,Perfume,4,12061.34,7091.95,2.7,N,Paid,Cancelled,3,30797.73,48245.36,1302.62472,46942.73528,16145.00528,7091.95,9053.05528,56.0734117,Low Discount,2026-05-01 00:00:00
OL001258,O100741,C1053,2026-01-07 00:00:00,West,Online,Personal Care,Face Wash,3,13087.45,8685.83,16.3,N,Paid,Delivered,0,0,39262.35,6399.76305,32862.58695,32862.58695,26057.49,6805.09695,20.70773357,Medium Discount,2026-01-01 00:00:00
OL001259,O100741,C1053,2026-01-07 00:00:00,West,Online,Fashion,Jeans,3,13852.93,7059.9,18.5,N,Paid,Delivered,2,25753.45,41558.79,7688.37615,33870.41385,8116.96385,7059.9,1057.06385,13.0228971,Medium Discount,2026-01-01 00:00:00
OL001260,O100742,C1369,2026-05-02 00:00:00,South,Store,Home,Bedsheet,5,667.88,451.66,1.4,N,Paid,Delivered,0,0,3339.4,46.7516,3292.6484,3292.6484,2258.3,1034.3484,31.4138734,Low Discount,2026-05-01 00:00:00
OL001261,O100742,C1369,2026-05-02 00:00:00,South,Store,Personal Care,Face Wash,3,11895.03,8073.22,5.7,N,Paid,Delivered,3,30699.32,35685.09,2034.05013,33651.03987,2951.71987,0,2951.71987,100,Low Discount,2026-05-01 00:00:00
OL001262,O100743,C1207,2026-03-15 00:00:00,South,Marketplace,Electronics,Earbuds,4,3197.54,2216.2,31.6,Y,Paid,Delivered,0,0,12790.16,4041.69056,8748.46944,8748.46944,8864.8,-116.33056,-1.329724711,High Discount,2026-03-01 00:00:00
OL001263,O100744,C1234,2026-06-27 00:00:00,South,Marketplace,Fashion,T-Shirt,3,11229.34,5371.89,25.5,Y,Paid,Delivered,0,0,33688.02,8590.4451,25097.5749,25097.5749,16115.67,8981.9049,35.78793942,High Discount,2026-06-01 00:00:00
OL001264,O100745,C1225,2026-01-27 00:00:00,South,Store,Personal Care,Trimmer,4,993.4,673.7,0,N,Paid,Delivered,0,0,3973.6,0,3973.6,3973.6,2694.8,1278.8,32.18240387,Low Discount,2026-01-01 00:00:00
OL001265,O100745,C1225,2026-01-27 00:00:00,South,Store,Fashion,Jacket,1,2977.65,1378.97,5.7,N,Failed,Delivered,0,0,2977.65,169.72605,2807.92395,2807.92395,1378.97,1428.95395,50.89005171,Low Discount,2026-01-01 00:00:00
OL001266,O100745,C1225,2026-01-27 00:00:00,South,Store,Personal Care,Trimmer,5,330.48,220.75,13.5,N,Paid,Delivered,0,0,1652.4,223.074,1429.326,1429.326,1103.75,325.576,22.77828851,Medium Discount,2026-01-01 00:00:00
OL001267,O100746,C1429,2026-03-21 00:00:00,North,Online,Personal Care,Perfume,3,5844.78,3155.02,15.7,N,Pending,Delivered,0,0,17534.34,2752.89138,14781.44862,14781.44862,9465.06,5316.38862,35.96662788,Medium Discount,2026-03-01 00:00:00
OL001268,O100746,C1429,2026-03-21 00:00:00,North,Online,Home,Storage Box,3,10594.18,6335.09,31.8,Y,Paid,Delivered,0,0,31782.54,10106.84772,21675.69228,21675.69228,19005.27,2670.42228,12.31989385,High Discount,2026-03-01 00:00:00
OL001269,O100746,C1429,2026-03-21 00:00:00,North,Online,Home,Bedsheet,3,3668.73,2621.58,6.4,N,Paid,Delivered,2,7104.53,11006.19,704.39616,10301.79384,3197.26384,2621.58,575.68384,18.00551562,Low Discount,2026-03-01 00:00:00
OL001270,O100747,C1427,2026-05-25 00:00:00,South,Online,Personal Care,Trimmer,2,2793.47,1835.02,19,N,Failed,Delivered,0,0,5586.94,1061.5186,4525.4214,4525.4214,3670.04,855.3814,18.90169609,Medium Discount,2026-05-01 00:00:00
OL001271,O100748,C1029,2026-01-23 00:00:00,South,Online,Electronics,Earbuds,4,7213.17,5419.5,0,N,Paid,Cancelled,0,0,28852.68,0,28852.68,28852.68,21678,7174.68,24.86659818,Low Discount,2026-01-01 00:00:00
OL001273,O100749,C1492,2026-05-24 00:00:00,North,Marketplace,Fashion,Jeans,3,9588.31,5506.58,21.1,Y,Failed,Delivered,0,0,28764.93,6069.40023,22695.52977,22695.52977,16519.74,6175.78977,27.21148099,Medium Discount,2026-05-01 00:00:00
OL001274,O100749,C1492,2026-05-24 00:00:00,North,Marketplace,Fashion,Jeans,1,4954.47,2790.13,4.3,N,Paid,Cancelled,0,0,4954.47,213.04221,4741.42779,4741.42779,2790.13,1951.29779,41.1542235,Low Discount,2026-05-01 00:00:00
OL001275,O100750,C1019,2026-01-30 00:00:00,North,Marketplace,Home,Mixer,1,3537.64,1978.61,18.3,N,Failed,Delivered,1,3153.8,3537.64,647.38812,2890.25188,-263.54812,0,-263.54812,100,Medium Discount,2026-01-01 00:00:00
OL001276,O100750,C1019,2026-01-30 00:00:00,North,Marketplace,Fashion,Shoes,1,1620,806.82,24,Y,Failed,Delivered,1,1390.59,1620,388.8,1231.2,-159.39,0,-159.39,100,Medium Discount,2026-01-01 00:00:00
OL001277,O100751,C1184,2026-01-05 00:00:00,South,Online,Personal Care,Perfume,4,7616.73,5115.98,11.4,N,Failed,Delivered,0,0,30466.92,3473.22888,26993.69112,26993.69112,20463.92,6529.77112,24.18998977,Medium Discount,2026-01-01 00:00:00
OL001278,O100751,C1184,2026-01-05 00:00:00,South,Online,Home,Bedsheet,3,6729.93,4022.53,24.4,Y,Failed,Delivered,0,0,20189.79,4926.30876,15263.48124,15263.48124,12067.59,3195.89124,20.93815421,Medium Discount,2026-01-01 00:00:00
OL001279,O100751,C1184,2026-01-05 00:00:00,South,Online,Electronics,Earbuds,4,3116.33,2233.27,15,N,Pending,Delivered,2,6073.98,12465.32,1869.798,10595.522,4521.542,4466.54,55.002,1.216443417,Medium Discount,2026-01-01 00:00:00
OL001280,O100752,C1478,2026-01-08 00:00:00,East,Store,Fashion,Shoes,1,3438.7,1679.57,17.3,N,Failed,Delivered,0,0,3438.7,594.8951,2843.8049,2843.8049,1679.57,1164.2349,40.939338,Medium Discount,2026-01-01 00:00:00
OL001281,O100753,C1097,2026-02-28 00:00:00,South,Marketplace,Home,Lamp,5,1583.96,1114.4,25.7,Y,Pending,Delivered,0,0,7919.8,2035.3886,5884.4114,5884.4114,5572,312.4114,5.309135932,High Discount,2026-02-01 00:00:00
OL001282,O100753,C1097,2026-02-28 00:00:00,South,Marketplace,Fashion,Jacket,4,14555.25,7421.68,7.1,N,Failed,Delivered,0,0,58221,4133.691,54087.309,54087.309,29686.72,24400.589,45.11333518,Low Discount,2026-02-01 00:00:00
OL001283,O100753,C1097,2026-02-28 00:00:00,South,Marketplace,Fashion,Shoes,3,3968.39,2502.05,43.2,Y,Failed,Delivered,3,11334.03,11905.17,5143.03344,6762.13656,-4571.89344,0,-4571.89344,100,High Discount,2026-02-01 00:00:00
OL001284,O100754,C1187,2026-05-02 00:00:00,East,Store,Electronics,Power Bank,5,1083.13,755.16,23.1,Y,Paid,Delivered,0,0,5415.65,1251.01515,4164.63485,4164.63485,3775.8,388.83485,9.336589257,Medium Discount,2026-05-01 00:00:00
OL001286,O100755,,2026-03-03 00:00:00,West,Online,Fashion,Shoes,2,566.83,270.68,23,Y,Paid,Delivered,0,0,1133.66,260.7418,872.9182,872.9182,541.36,331.5582,37.98273424,Medium Discount,2026-03-01 00:00:00
OL001288,O100756,C1013,2026-04-23 00:00:00,North,Store,Electronics,Power Bank,1,13203.64,9326.69,0,N,Paid,Delivered,0,0,13203.64,0,13203.64,13203.64,9326.69,3876.95,29.36273634,Low Discount,2026-04-01 00:00:00
OL001289,O100757,C1137,2026-02-04 00:00:00,West,Marketplace,Electronics,Earbuds,2,4745.99,3887.6,18.1,N,Failed,Cancelled,0,0,9491.98,1718.04838,7773.93162,7773.93162,7775.2,-1.26838,-0.016315811,Medium Discount,2026-02-01 00:00:00
OL001290,O100758,,2026-06-18 00:00:00,North,Store,Personal Care,Face Wash,3,9333.41,4793.99,12.6,N,Failed,Delivered,0,0,28000.23,3528.02898,24472.20102,24472.20102,14381.97,10090.23102,41.23139971,Medium Discount,2026-06-01 00:00:00
OL001291,O100758,C1450,2026-06-18 00:00:00,North,Store,Electronics,Smartwatch,4,10601.47,7902.54,16.7,N,Failed,Delivered,0,0,42405.88,7081.78196,35324.09804,35324.09804,31610.16,3713.93804,10.51389348,Medium Discount,2026-06-01 00:00:00
OL001292,O100759,C1380,2026-01-08 00:00:00,East,Store,Home,Mixer,4,10227.55,7065.5,2.9,N,Pending,Delivered,0,0,40910.2,1186.3958,39723.8042,39723.8042,28262,11461.8042,28.85374256,Low Discount,2026-01-01 00:00:00
OL001293,O100760,C1374,2026-03-25 00:00:00,East,Store,Home,Lamp,2,14626.25,8907.23,2.8,N,Paid,Delivered,2,26293.7,29252.5,819.07,28433.43,2139.73,0,2139.73,100,Low Discount,2026-03-01 00:00:00
OL001294,O100761,C1507,2026-06-25 00:00:00,South,Store,Home,Mixer,4,4237.74,2353.27,5.4,N,Paid,Delivered,1,3607.85,16950.96,915.35184,16035.60816,12427.75816,7059.81,5367.94816,43.19321386,Low Discount,2026-06-01 00:00:00
OL001295,O100761,C1507,2026-06-25 00:00:00,South,Store,Fashion,Jacket,1,2599.58,1312.77,21.6,Y,Failed,Delivered,0,0,2599.58,561.50928,2038.07072,2038.07072,1312.77,725.30072,35.58761298,Medium Discount,2026-06-01 00:00:00
OL001296,O100761,C1507,2026-06-25 00:00:00,South,Store,Fashion,Jacket,4,13689.76,8844.66,18.1,N,Failed,Delivered,1,11873.54,54759.04,9911.38624,44847.65376,32974.11376,26533.98,6440.13376,19.53087748,Medium Discount,2026-06-01 00:00:00
OL001297,O100762,C1279,2026-05-10 00:00:00,West,Store,Fashion,Shoes,1,2005.91,1080.97,4.7,N,Paid,Cancelled,0,0,2005.91,94.27777,1911.63223,1911.63223,1080.97,830.66223,43.45303542,Low Discount,2026-05-01 00:00:00
OL001298,O100762,C1279,2026-05-10 00:00:00,West,Store,Fashion,T-Shirt,5,11338.83,7114.89,1.5,N,Paid,Cancelled,0,0,56694.15,850.41225,55843.73775,55843.73775,35574.45,20269.28775,36.29643818,Low Discount,2026-05-01 00:00:00
OL001299,O100762,C1279,2026-05-10 00:00:00,West,Store,Electronics,Keyboard,2,8550.88,6426.91,3.6,N,Paid,Delivered,0,0,17101.76,615.66336,16486.09664,16486.09664,12853.82,3632.27664,22.0323629,Low Discount,2026-05-01 00:00:00
OL001300,O100763,C1025,2026-03-27 00:00:00,East,Online,Home,Lamp,2,2098.02,1458.94,14,N,Pending,Cancelled,0,0,4196.04,587.4456,3608.5944,3608.5944,2917.88,690.7144,19.1408156,Medium Discount,2026-03-01 00:00:00
OL001302,O100765,C1465,2026-04-01 00:00:00,West,Online,Electronics,Power Bank,3,3377.98,2749.25,16.1,N,Paid,Delivered,0,0,10133.94,1631.56434,8502.37566,8502.37566,8247.75,254.62566,2.994758997,Medium Discount,2026-04-01 00:00:00
OL001303,O100765,C1465,2026-04-01 00:00:00,West,Online,Home,Mixer,4,9706.43,6256.49,20.9,Y,Pending,Delivered,0,0,38825.72,8114.57548,30711.14452,30711.14452,25025.96,5685.18452,18.51179632,Medium Discount,2026-04-01 00:00:00
OL001304,O100765,C1465,2026-04-01 00:00:00,West,Online,Home,Storage Box,5,3908.04,2660.46,8.3,N,Failed,Delivered,2,7332.33,19540.2,1621.8366,17918.3634,10586.0334,7981.38,2604.6534,24.60462103,Low Discount,2026-04-01 00:00:00
OL001305,O100766,C1123,2026-03-22 00:00:00,West,Marketplace,Fashion,T-Shirt,1,6278.89,3092.32,19.3,N,Paid,Delivered,0,0,6278.89,1211.82577,5067.06423,5067.06423,3092.32,1974.74423,38.97215706,Medium Discount,2026-03-01 00:00:00
OL001306,O100766,C1123,2026-03-22 00:00:00,West,Marketplace,Home,Lamp,3,12164.56,7513.42,12.4,N,Paid,Delivered,0,0,36493.68,4525.21632,31968.46368,31968.46368,22540.26,9428.20368,29.49220136,Medium Discount,2026-03-01 00:00:00
OL001307,O100767,C1198,2026-03-25 00:00:00,South,Online,Personal Care,Perfume,1,9204.16,5635.66,17.2,N,Paid,Delivered,0,0,9204.16,1583.11552,7621.04448,7621.04448,5635.66,1985.38448,26.05134356,Medium Discount,2026-03-01 00:00:00
OL001308,O100768,C1144,2026-06-06 00:00:00,West,Store,Fashion,Jeans,2,9297.46,4677.69,0,N,Paid,Cancelled,0,0,18594.92,0,18594.92,18594.92,9355.38,9239.54,49.68851708,Low Discount,2026-06-01 00:00:00
OL001309,O100768,C1144,2026-06-06 00:00:00,West,Store,Home,Storage Box,1,6831.37,4674.33,17.2,N,Paid,Delivered,1,6283.67,6831.37,1174.99564,5656.37436,-627.29564,0,-627.29564,100,Medium Discount,2026-06-01 00:00:00
OL001311,O100769,C1246,2026-02-14 00:00:00,North,Online,Electronics,Smartwatch,3,1255.17,985.59,26.7,Y,Paid,Delivered,1,-1115.85,3765.51,1005.39117,2760.11883,3875.96883,1971.18,1904.78883,49.14355387,High Discount,2026-02-01 00:00:00
OL001312,O100769,C1246,2026-02-14 00:00:00,North,Online,Electronics,Keyboard,2,3224.16,2615.76,1.4,N,Paid,Cancelled,1,3091.19,6448.32,90.27648,6358.04352,3266.85352,2615.76,651.09352,19.93029427,Low Discount,2026-02-01 00:00:00
OL001313,O100769,C1246,2026-02-14 00:00:00,North,Online,Personal Care,Shampoo,4,12428.57,7667.29,19.9,N,Paid,Cancelled,0,0,49714.28,9893.14172,39821.13828,39821.13828,30669.16,9151.97828,22.98271389,Medium Discount,2026-02-01 00:00:00
OL001314,O100770,C1071,2026-06-14 00:00:00,South,Store,Home,Lamp,5,9770.91,5822.3,27.9,Y,Failed,Delivered,0,0,48854.55,13630.41945,35224.13055,35224.13055,29111.5,6112.63055,17.35353138,High Discount,2026-06-01 00:00:00
OL001315,O100770,C1071,2026-06-14 00:00:00,South,Store,Personal Care,Shampoo,1,14162.14,8289.19,4.7,N,Paid,Delivered,0,0,14162.14,665.62058,13496.51942,13496.51942,8289.19,5207.32942,38.58275795,Low Discount,2026-06-01 00:00:00
OL001316,O100771,C1329,2026-06-10 00:00:00,North,Marketplace,Electronics,Keyboard,2,1680.07,1198.44,30.5,Y,Paid,Delivered,0,0,3360.14,1024.8427,2335.2973,2335.2973,2396.88,-61.5827,-2.637038976,High Discount,2026-06-01 00:00:00
OL001317,O100772,C1253,2026-02-14 00:00:00,South,Online,Personal Care,Face Wash,5,10253.52,5143.31,10,N,Failed,Delivered,0,0,51267.6,5126.76,46140.84,46140.84,25716.55,20424.29,44.26510224,Low Discount,2026-02-01 00:00:00
OL001318,O100773,C1255,2026-02-03 00:00:00,North,Online,Electronics,Power Bank,3,13252.26,9771.5,9.6,N,Paid,Delivered,0,0,39756.78,3816.65088,35940.12912,35940.12912,29314.5,6625.62912,18.43518452,Low Discount,2026-02-01 00:00:00
OL001319,O100773,C1255,2026-02-03 00:00:00,North,Online,Electronics,Earbuds,4,10010.25,7231.78,19.4,N,Paid,Cancelled,0,0,40041,7767.954,32273.046,32273.046,28927.12,3345.926,10.36755564,Medium Discount,2026-02-01 00:00:00
OL001320,O100773,C1255,2026-02-03 00:00:00,North,Online,Home,Mixer,1,1321.71,757.16,10.9,N,Paid,Delivered,0,0,1321.71,144.06639,1177.64361,1177.64361,757.16,420.48361,35.70550601,Medium Discount,2026-02-01 00:00:00
OL001321,O100774,C1293,2026-02-10 00:00:00,West,Store,Electronics,Power Bank,4,11662.02,8219.52,1.5,N,Pending,Delivered,0,0,46648.08,699.7212,45948.3588,45948.3588,32878.08,13070.2788,28.44558357,Low Discount,2026-02-01 00:00:00
OL001322,O100775,C1007,2026-01-21 00:00:00,West,Marketplace,Personal Care,Shampoo,2,7922.55,4600.68,22.5,Y,Paid,Delivered,0,0,15845.1,3565.1475,12279.9525,12279.9525,9201.36,3078.5925,25.07006847,Medium Discount,2026-01-01 00:00:00
OL001323,O100776,C1441,2026-05-13 00:00:00,West,Store,Fashion,Jacket,3,11964.99,6301.53,11.9,N,Pending,Delivered,0,0,35894.97,4271.50143,31623.46857,31623.46857,18904.59,12718.87857,40.21974548,Medium Discount,2026-05-01 00:00:00
OL001325,O100778,C1145,2026-06-12 00:00:00,North,Online,Personal Care,Face Wash,4,4608.27,2418.59,31.5,Y,Paid,Delivered,0,0,18433.08,5806.4202,12626.6598,12626.6598,9674.36,2952.2998,23.38147892,High Discount,2026-06-01 00:00:00
OL001326,O100778,C1145,2026-06-12 00:00:00,North,Online,Home,Mixer,4,5560.6,3381.88,20.7,Y,Paid,Delivered,0,0,22242.4,4604.1768,17638.2232,17638.2232,13527.52,4110.7032,23.3056536,Medium Discount,2026-06-01 00:00:00
OL001327,O100778,C1145,2026-06-12 00:00:00,North,Online,Electronics,Power Bank,5,9005.48,6294.28,32.3,Y,Paid,Delivered,0,0,45027.4,14543.8502,30483.5498,30483.5498,31471.4,-987.8502,-3.240600936,High Discount,2026-06-01 00:00:00
OL001328,O100779,C1265,2026-04-15 00:00:00,South,Marketplace,Home,Mixer,3,6864.47,4098.68,21.4,Y,Paid,Cancelled,0,0,20593.41,4406.98974,16186.42026,16186.42026,12296.04,3890.38026,24.0348403,Medium Discount,2026-04-01 00:00:00
OL001329,O100780,C1098,2026-05-06 00:00:00,North,Store,Fashion,T-Shirt,2,10919.5,5175.06,0,N,Paid,Delivered,0,0,21839,0,21839,21839,10350.12,11488.88,52.60717066,Low Discount,2026-05-01 00:00:00
OL001330,O100780,C1098,2026-05-06 00:00:00,North,Store,Electronics,Keyboard,1,2203.05,1654.71,9.7,N,Failed,Cancelled,0,0,2203.05,213.69585,1989.35415,1989.35415,1654.71,334.64415,16.82174841,Low Discount,2026-05-01 00:00:00
OL001331,O100780,C1098,2026-05-06 00:00:00,North,Store,Electronics,Smartwatch,1,1297.3,883.56,11.2,N,Paid,Cancelled,0,0,1297.3,145.2976,1152.0024,1152.0024,883.56,268.4424,23.30224312,Medium Discount,2026-05-01 00:00:00
OL001332,O100781,C1450,2026-05-19 00:00:00,East,Online,Electronics,Power Bank,4,2910.48,2203.74,8.9,N,Paid,Delivered,0,0,11641.92,1036.13088,10605.78912,10605.78912,8814.96,1790.82912,16.88539249,Low Discount,2026-05-01 00:00:00
OL001335,O100782,C1165,2026-01-28 00:00:00,North,Store,Electronics,Power Bank,2,2498.9,2037.24,15.6,N,Paid,Delivered,0,0,4997.8,779.6568,4218.1432,4218.1432,4074.48,143.6632,3.405839802,Medium Discount,2026-01-01 00:00:00
OL001336,O100783,,2026-05-04 00:00:00,South,Marketplace,Personal Care,Perfume,5,12534.24,8215.48,14.2,N,Paid,Delivered,0,0,62671.2,8899.3104,53771.8896,53771.8896,41077.4,12694.4896,23.60804073,Medium Discount,2026-05-01 00:00:00
OL001337,O100784,C1263,2026-01-08 00:00:00,East,Store,Fashion,Jacket,2,13669.52,8235.5,4.3,N,Pending,Delivered,0,0,27339.04,1175.57872,26163.46128,26163.46128,16471,9692.46128,37.04579137,Low Discount,2026-01-01 00:00:00
OL001338,O100785,C1220,2026-05-05 00:00:00,West,Online,Fashion,T-Shirt,5,13650.92,8583.15,13.3,N,Paid,Delivered,0,0,68254.6,9077.8618,59176.7382,59176.7382,42915.75,16260.9882,27.47868283,Medium Discount,2026-05-01 00:00:00
OL001339,O100786,C1268,2026-06-03 00:00:00,East,Online,Home,Lamp,1,2682.21,1606.41,16.9,N,Paid,Delivered,0,0,2682.21,453.29349,2228.91651,2228.91651,1606.41,622.50651,27.92865983,Medium Discount,2026-06-01 00:00:00
OL001340,O100787,C1246,2026-01-03 00:00:00,East,Online,Electronics,Power Bank,4,11772.93,9341.46,7.8,N,Paid,Delivered,0,0,47091.72,3673.15416,43418.56584,43418.56584,37365.84,6052.72584,13.94040941,Low Discount,2026-01-01 00:00:00
OL001341,O100787,C1246,2026-01-03 00:00:00,East,Online,Home,Mixer,3,4257.15,2838.38,33.1,Y,Pending,Delivered,0,0,12771.45,4227.34995,8544.10005,8544.10005,8515.14,28.96005,0.338947927,High Discount,2026-01-01 00:00:00
OL001342,O100788,C1148,2026-06-30 00:00:00,South,Marketplace,Fashion,T-Shirt,4,10639.79,6148.01,28.3,Y,Paid,Delivered,0,0,42559.16,12044.24228,30514.91772,30514.91772,24592.04,5922.87772,19.40977778,High Discount,2026-06-01 00:00:00
OL001343,O100789,C1249,2026-04-13 00:00:00,East,Store,Home,Bedsheet,2,13220.85,8498.76,0,N,Paid,Delivered,0,0,26441.7,0,26441.7,26441.7,16997.52,9444.18,35.71699248,Low Discount,2026-04-01 00:00:00
OL001344,O100789,C1249,2026-04-13 00:00:00,East,Store,Home,Storage Box,5,7624.67,5198.47,21.7,Y,Failed,Delivered,4,27786.97,38123.35,8272.76695,29850.58305,2063.61305,5198.47,-3134.85695,-151.9110838,Medium Discount,2026-04-01 00:00:00
OL001345,O100789,C1249,2026-04-13 00:00:00,East,Store,Fashion,T-Shirt,4,11024.6,6052.93,9,N,Failed,Delivered,0,0,44098.4,3968.856,40129.544,40129.544,24211.72,15917.824,39.66609738,Low Discount,2026-04-01 00:00:00
OL001346,O100790,C1341,2026-06-11 00:00:00,South,Online,Home,Bedsheet,2,14046.14,9827.01,15.9,N,Failed,Cancelled,0,0,28092.28,4466.67252,23625.60748,23625.60748,19654.02,3971.58748,16.81052004,Medium Discount,2026-06-01 00:00:00
OL001347,O100790,C1341,2026-06-11 00:00:00,South,Online,Fashion,Jeans,3,1443.69,680.09,8.1,N,Paid,Delivered,0,0,4331.07,350.81667,3980.25333,3980.25333,2040.27,1939.98333,48.7401974,Low Discount,2026-06-01 00:00:00
OL001348,O100791,C1425,2026-04-10 00:00:00,South,Store,Home,Bedsheet,5,11723.11,6665.94,5.5,N,Paid,Delivered,0,0,58615.55,3223.85525,55391.69475,55391.69475,33329.7,22061.99475,39.82906616,Low Discount,2026-04-01 00:00:00
OL001349,O100792,C1335,2026-04-11 00:00:00,South,Marketplace,Fashion,Jacket,4,2203.48,1311.92,15.6,N,Failed,Delivered,0,0,8813.92,1374.97152,7438.94848,7438.94848,5247.68,2191.26848,29.45669655,Medium Discount,2026-04-01 00:00:00
OL001350,O100792,C1335,2026-04-11 00:00:00,South,Marketplace,Home,Lamp,4,8040.08,5615.94,17,N,Paid,Cancelled,4,63114.76,32160.32,5467.2544,26693.0656,-36421.6944,0,-36421.6944,100,Medium Discount,2026-04-01 00:00:00
OL001351,O100793,C1249,2026-01-05 00:00:00,West,Marketplace,Electronics,Keyboard,4,2388.58,1730.75,38.1,Y,Failed,Delivered,2,4161.72,9554.32,3640.19592,5914.12408,1752.40408,3461.5,-1709.09592,-97.52864305,High Discount,2026-01-01 00:00:00
OL001352,O100794,C1125,2026-01-07 00:00:00,North,Store,Fashion,Jeans,2,832.54,457.26,1.9,N,Failed,Delivered,0,0,1665.08,31.63652,1633.44348,1633.44348,914.52,718.92348,44.01275519,Low Discount,2026-01-01 00:00:00
OL001354,O100796,C1490,2026-05-16 00:00:00,North,Store,Fashion,T-Shirt,5,10798.44,6332.16,7.7,N,Paid,Delivered,0,0,53992.2,4157.3994,49834.8006,49834.8006,31660.8,18174.0006,36.46849266,Low Discount,2026-05-01 00:00:00
OL001355,O100797,C1254,2026-03-22 00:00:00,East,Store,Fashion,Jeans,3,4749.98,2827.87,3.3,N,Paid,Delivered,1,4122.15,14249.94,470.24802,13779.69198,9657.54198,5655.74,4001.80198,41.43706533,Low Discount,2026-03-01 00:00:00
OL001356,O100798,C1323,2026-04-16 00:00:00,West,Online,Electronics,Power Bank,3,2119.68,1573.85,17.2,N,Paid,Delivered,1,1989.73,6359.04,1093.75488,5265.28512,3275.55512,3147.7,127.85512,3.90331151,Medium Discount,2026-04-01 00:00:00
OL001357,O100798,C1323,2026-04-16 00:00:00,West,Online,Home,Bedsheet,1,11429.84,7210.19,23.9,Y,Paid,Cancelled,1,10958.4,11429.84,2731.73176,8698.10824,-2260.29176,0,-2260.29176,100,Medium Discount,2026-04-01 00:00:00
OL001358,O100798,C1323,2026-04-16 00:00:00,West,Online,Electronics,Keyboard,1,4458.65,3356.01,12.4,N,Failed,Delivered,0,0,4458.65,552.8726,3905.7774,3905.7774,3356.01,549.7674,14.0757484,Medium Discount,2026-04-01 00:00:00
OL001359,O100799,C1241,2026-06-20 00:00:00,North,Online,Electronics,Power Bank,4,3294.01,2334.65,21.8,Y,Paid,Cancelled,2,5751.37,13176.04,2872.37672,10303.66328,4552.29328,4669.3,-117.00672,-2.570280797,Medium Discount,2026-06-01 00:00:00
OL001360,O100800,C1436,2026-01-28 00:00:00,North,Marketplace,Personal Care,Perfume,2,3819.81,2116.03,9.1,N,Paid,Cancelled,0,0,7639.62,695.20542,6944.41458,6944.41458,4232.06,2712.35458,39.05807392,Low Discount,2026-01-01 00:00:00
OL001361,O100801,C1237,2026-06-27 00:00:00,South,Marketplace,Fashion,T-Shirt,5,4854.9,2457.71,16.6,N,Paid,Delivered,5,-20989.65,24274.5,4029.567,20244.933,41234.583,0,41234.583,100,Medium Discount,2026-06-01 00:00:00
OL001362,O100802,C1183,2026-05-24 00:00:00,West,Marketplace,Electronics,Keyboard,5,8006.25,6424.5,27.2,Y,Paid,Delivered,0,0,40031.25,10888.5,29142.75,29142.75,32122.5,-2979.75,-10.22466994,High Discount,2026-05-01 00:00:00
OL001363,O100803,C1118,2026-04-28 00:00:00,North,Online,Personal Care,Face Wash,4,10745.15,5657.09,24.5,Y,Paid,Cancelled,0,0,42980.6,10530.247,32450.353,32450.353,22628.36,9821.993,30.26775394,Medium Discount,2026-04-01 00:00:00
OL001364,O100804,C1071,2026-03-20 00:00:00,East,Marketplace,Fashion,Shoes,1,12735.57,6139.33,18.5,N,Paid,Cancelled,0,0,12735.57,2356.08045,10379.48955,10379.48955,6139.33,4240.15955,40.85133021,Medium Discount,2026-03-01 00:00:00
OL001365,O100805,C1307,2026-03-08 00:00:00,West,Store,Home,Mixer,1,11546.63,6874.62,10.6,N,Paid,Delivered,0,0,11546.63,1223.94278,10322.68722,10322.68722,6874.62,3448.06722,33.40280633,Medium Discount,2026-03-01 00:00:00
OL001366,O100806,C1007,2026-04-28 00:00:00,West,Online,Electronics,Smartwatch,4,3901.32,2827.59,38.8,Y,Paid,Cancelled,0,0,15605.28,6054.84864,9550.43136,9550.43136,11310.36,-1759.92864,-18.42773979,High Discount,2026-04-01 00:00:00
OL001367,O100807,C1126,2026-04-29 00:00:00,North,Online,Personal Care,Shampoo,4,11333.02,5811.93,9.1,N,Pending,Delivered,2,21987.53,45332.08,4125.21928,41206.86072,19219.33072,11623.86,7595.47072,39.51995431,Low Discount,2026-04-01 00:00:00
OL001368,O100808,C1306,2026-03-29 00:00:00,North,Marketplace,Personal Care,Shampoo,2,1424.86,857.14,22.9,Y,Pending,Delivered,0,0,2849.72,652.58588,2197.13412,2197.13412,1714.28,482.85412,21.97654279,Medium Discount,2026-03-01 00:00:00
OL001369,O100808,C1306,2026-03-29 00:00:00,North,Marketplace,Electronics,Earbuds,2,4764.08,3714.03,21.4,Y,Paid,Delivered,0,0,9528.16,2039.02624,7489.13376,7489.13376,7428.06,61.07376,0.81549832,Medium Discount,2026-03-01 00:00:00
OL001370,O100808,C1306,2026-03-29 00:00:00,North,Marketplace,Fashion,T-Shirt,2,3998.45,2022.82,2.1,N,Pending,Delivered,0,0,7996.9,167.9349,7828.9651,7828.9651,4045.64,3783.3251,48.32471536,Low Discount,2026-03-01 00:00:00
OL001371,O100809,C1166,2026-01-15 00:00:00,East,Store,Electronics,Smartwatch,2,5181.34,3592.05,8.8,N,Paid,Delivered,0,0,10362.68,911.91584,9450.76416,9450.76416,7184.1,2266.66416,23.9839247,Low Discount,2026-01-01 00:00:00
OL001372,O100809,C1166,2026-01-15 00:00:00,East,Store,Electronics,Keyboard,2,1460.5,1136,3.3,N,Paid,Delivered,1,1336.89,2921,96.393,2824.607,1487.717,1136,351.717,23.64139147,Low Discount,2026-01-01 00:00:00
OL001373,O100810,C1356,2026-06-20 00:00:00,West,Marketplace,Electronics,Keyboard,2,10688.77,7500.14,28.5,Y,Pending,Cancelled,0,0,21377.54,6092.5989,15284.9411,15284.9411,15000.28,284.6611,1.862363081,High Discount,2026-06-01 00:00:00
OL001374,O100810,C1356,2026-06-20 00:00:00,West,Marketplace,Electronics,Smartwatch,2,5761.68,4242.28,38.9,Y,Paid,Delivered,0,0,11523.36,4482.58704,7040.77296,7040.77296,8484.56,-1443.78704,-20.50608716,High Discount,2026-06-01 00:00:00
OL001375,O100810,C1356,2026-06-20 00:00:00,West,Marketplace,Home,Storage Box,2,8477.56,5700.58,16.8,N,Failed,Delivered,0,0,16955.12,2848.46016,14106.65984,14106.65984,11401.16,2705.49984,19.17888338,Medium Discount,2026-06-01 00:00:00
OL001376,O100811,C1479,2026-03-31 00:00:00,East,Online,Home,Storage Box,2,7482.82,4556.93,35.7,Y,Paid,Delivered,0,0,14965.64,5342.73348,9622.90652,9622.90652,9113.86,509.04652,5.2899456,High Discount,2026-03-01 00:00:00
OL001377,O100812,C1045,2026-01-24 00:00:00,East,Marketplace,Fashion,T-Shirt,1,2602.63,1486.84,21.9,Y,Failed,Delivered,0,0,2602.63,569.97597,2032.65403,2032.65403,1486.84,545.81403,26.85228386,Medium Discount,2026-01-01 00:00:00
OL001378,O100813,C1425,2026-02-15 00:00:00,North,Store,Home,Bedsheet,1,2775.31,1624.44,7.9,N,Failed,Cancelled,0,0,2775.31,219.24949,2556.06051,2556.06051,1624.44,931.62051,36.44751391,Low Discount,2026-02-01 00:00:00
OL001379,O100813,C1425,2026-02-15 00:00:00,North,Store,Personal Care,Shampoo,2,9055.83,4862.54,13.1,N,Failed,Delivered,0,0,18111.66,2372.62746,15739.03254,15739.03254,9725.08,6013.95254,38.21043336,Medium Discount,2026-02-01 00:00:00
OL001380,O100813,C1425,2026-02-15 00:00:00,North,Store,Personal Care,Face Wash,2,3905.01,2450.38,19,N,Paid,Delivered,0,0,7810.02,1483.9038,6326.1162,6326.1162,4900.76,1425.3562,22.53129969,Medium Discount,2026-02-01 00:00:00
OL001381,O100814,C1388,2026-05-09 00:00:00,North,Store,Home,Bedsheet,1,10036.78,5952.54,6.8,N,Paid,Delivered,0,0,10036.78,682.50104,9354.27896,9354.27896,5952.54,3401.73896,36.36559242,Low Discount,2026-05-01 00:00:00
OL001382,O100815,C1042,2026-05-23 00:00:00,North,Online,Personal Care,Face Wash,4,14796.71,9175.85,19.5,N,Paid,Delivered,3,39183.07,59186.84,11541.4338,47645.4062,8462.3362,9175.85,-713.5138,-8.431640898,Medium Discount,2026-05-01 00:00:00
OL001383,O100815,C1042,2026-05-23 00:00:00,North,Online,Fashion,Jacket,5,5705,2613.48,10.3,N,Failed,Cancelled,0,0,28525,2938.075,25586.925,25586.925,13067.4,12519.525,48.92938483,Medium Discount,2026-05-01 00:00:00
OL001384,O100815,C1042,2026-05-23 00:00:00,North,Online,Home,Storage Box,2,7619.88,4929.17,7.2,N,Paid,Delivered,0,0,15239.76,1097.26272,14142.49728,14142.49728,9858.34,4284.15728,30.29279197,Low Discount,2026-05-01 00:00:00
OL001386,O100816,C1448,2026-01-08 00:00:00,South,Marketplace,Electronics,Keyboard,3,9080.57,6534.03,17.5,N,Paid,Delivered,1,8932.35,27241.71,4767.29925,22474.41075,13542.06075,13068.06,474.00075,3.500211369,Medium Discount,2026-01-01 00:00:00
OL001387,O100817,C1162,2026-06-29 00:00:00,West,Store,Home,Lamp,1,12764.09,7220.25,23.6,Y,Paid,Delivered,1,11154.58,12764.09,3012.32524,9751.76476,-1402.81524,0,-1402.81524,100,Medium Discount,2026-06-01 00:00:00
OL001388,O100818,C1316,2026-05-19 00:00:00,West,Marketplace,Fashion,Shoes,1,4585.5,2672.43,18.9,N,Paid,Delivered,0,0,4585.5,866.6595,3718.8405,3718.8405,2672.43,1046.4105,28.13808498,Medium Discount,2026-05-01 00:00:00
OL001389,O100818,C1316,2026-05-19 00:00:00,West,Marketplace,Electronics,Earbuds,3,14124.83,11377.09,9.9,N,Paid,Delivered,0,0,42374.49,4195.07451,38179.41549,38179.41549,34131.27,4048.14549,10.60295303,Low Discount,2026-05-01 00:00:00
OL001390,O100819,C1215,2026-06-20 00:00:00,East,Online,Electronics,Keyboard,4,3351.27,2631.89,17.5,N,Paid,Delivered,0,0,13405.08,2345.889,11059.191,11059.191,10527.56,531.631,4.807141861,Medium Discount,2026-06-01 00:00:00
OL001391,O100820,C1304,2026-01-18 00:00:00,East,Online,Fashion,T-Shirt,2,13467.76,7117.94,26.4,Y,Paid,Delivered,0,0,26935.52,7110.97728,19824.54272,19824.54272,14235.88,5588.66272,28.19062613,High Discount,2026-01-01 00:00:00
OL001392,O100820,C1304,2026-01-18 00:00:00,East,Online,Personal Care,Face Wash,5,11678.42,7417.67,27.8,Y,Pending,Cancelled,0,0,58392.1,16233.0038,42159.0962,42159.0962,37088.35,5070.7462,12.02764446,High Discount,2026-01-01 00:00:00
OL001393,O100821,C1252,2026-03-12 00:00:00,North,Marketplace,Electronics,Smartwatch,3,1457.14,1072.92,20.5,Y,Pending,Delivered,0,0,4371.42,896.1411,3475.2789,3475.2789,3218.76,256.5189,7.381246438,Medium Discount,2026-03-01 00:00:00
OL001394,O100822,C1065,2026-06-18 00:00:00,North,Store,Electronics,Earbuds,5,6739.87,4974.64,4.4,N,Paid,Delivered,0,0,33699.35,1482.7714,32216.5786,32216.5786,24873.2,7343.3786,22.79378792,Low Discount,2026-06-01 00:00:00
OL001395,O100823,C1187,2026-03-13 00:00:00,East,Marketplace,Electronics,Earbuds,4,12228.25,10008.5,32,Y,Failed,Delivered,0,0,48913,15652.16,33260.84,33260.84,40034,-6773.16,-20.36376712,High Discount,2026-03-01 00:00:00
OL001396,O100823,C1187,2026-03-13 00:00:00,East,Marketplace,Home,Mixer,5,12696.5,9113.4,15.1,N,Pending,Delivered,0,0,63482.5,9585.8575,53896.6425,53896.6425,45567,8329.6425,15.45484489,Medium Discount,2026-03-01 00:00:00
OL001397,O100823,C1187,2026-03-13 00:00:00,East,Marketplace,Fashion,T-Shirt,4,13881.03,8763.36,36.2,Y,Paid,Delivered,0,0,55524.12,20099.73144,35424.38856,35424.38856,35053.44,370.94856,1.047155858,High Discount,2026-03-01 00:00:00
OL001398,O100824,C1120,2026-05-12 00:00:00,South,Online,Personal Care,Shampoo,5,9986.32,5203.75,28.6,Y,Paid,Delivered,0,0,49931.6,14280.4376,35651.1624,35651.1624,26018.75,9632.4124,27.01850866,High Discount,2026-05-01 00:00:00
OL001399,O100824,C1120,2026-05-12 00:00:00,South,Online,Electronics,Keyboard,2,1601.46,1217.61,25.7,Y,Paid,Delivered,0,0,3202.92,823.15044,2379.76956,2379.76956,2435.22,-55.45044,-2.330076026,High Discount,2026-05-01 00:00:00
OL001400,O100824,C1120,2026-05-12 00:00:00,South,Online,Home,Lamp,1,8388.32,5082.24,35.7,Y,Paid,Cancelled,1,7297.96,8388.32,2994.63024,5393.68976,-1904.27024,0,-1904.27024,100,High Discount,2026-05-01 00:00:00
OL001401,O100825,,2026-04-20 00:00:00,East,Store,Fashion,T-Shirt,3,1151.68,520.93,0.7,N,Failed,Cancelled,0,0,3455.04,24.18528,3430.85472,3430.85472,1562.79,1868.06472,54.44896017,Low Discount,2026-04-01 00:00:00
OL001402,O100826,C1455,2026-03-12 00:00:00,North,Online,Electronics,Earbuds,1,1281.99,1042.21,10.3,N,Failed,Delivered,1,1201.18,1281.99,132.04497,1149.94503,-51.23497,0,-51.23497,100,Medium Discount,2026-03-01 00:00:00
OL001403,O100827,C1343,2026-04-13 00:00:00,West,Marketplace,Home,Lamp,1,8274.22,4635.18,32,Y,Paid,Delivered,0,0,8274.22,2647.7504,5626.4696,5626.4696,4635.18,991.2896,17.61832322,High Discount,2026-04-01 00:00:00
OL001404,O100828,C1400,2026-05-10 00:00:00,West,Online,Home,Storage Box,5,5981.93,3833.16,29.3,Y,Paid,Delivered,0,0,29909.65,8763.52745,21146.12255,21146.12255,19165.8,1980.32255,9.364944071,High Discount,2026-05-01 00:00:00
OL001406,O100829,,2026-02-16 00:00:00,West,Online,Fashion,Jacket,2,12217.74,5769.54,17.9,N,Paid,Delivered,1,11782.6,24435.48,4373.95092,20061.52908,8278.92908,5769.54,2509.38908,30.31055171,Medium Discount,2026-02-01 00:00:00
OL001408,O100829,C1196,2026-02-16 00:00:00,West,Online,Home,Bedsheet,5,12026.25,8257.35,25,Y,Failed,Delivered,5,56119.42,60131.25,15032.8125,45098.4375,-11020.9825,0,-11020.9825,100,Medium Discount,2026-02-01 00:00:00
OL001409,O100830,C1498,2026-06-19 00:00:00,South,Store,Electronics,Smartwatch,2,14116.59,10322.61,4.7,N,Failed,Delivered,0,0,28233.18,1326.95946,26906.22054,26906.22054,20645.22,6261.00054,23.2697139,Low Discount,2026-06-01 00:00:00
OL001411,O100831,C1228,2026-05-27 00:00:00,West,Marketplace,Home,Bedsheet,1,8222.7,4773.87,16.6,N,Failed,Delivered,0,0,8222.7,1364.9682,6857.7318,6857.7318,4773.87,2083.8618,30.38704138,Medium Discount,2026-05-01 00:00:00
OL001412,O100831,C1228,2026-05-27 00:00:00,West,Marketplace,Fashion,Jeans,4,12304.83,7237.25,19,N,Paid,Delivered,0,0,49219.32,9351.6708,39867.6492,39867.6492,28949,10918.6492,27.38724108,Medium Discount,2026-05-01 00:00:00
OL001413,O100832,C1492,2026-05-31 00:00:00,North,Online,Personal Care,Face Wash,4,13314.29,7114.6,12,N,Paid,Delivered,0,0,53257.16,6390.8592,46866.3008,46866.3008,28458.4,18407.9008,39.2774776,Medium Discount,2026-05-01 00:00:00
OL001414,O100832,C1492,2026-05-31 00:00:00,North,Online,Home,Bedsheet,5,14166.05,8907.14,10.5,N,Pending,Delivered,0,0,70830.25,7437.17625,63393.07375,63393.07375,44535.7,18857.37375,29.74674146,Medium Discount,2026-05-01 00:00:00
OL001415,O100833,C1382,2026-02-08 00:00:00,East,Store,Electronics,Keyboard,5,3732.52,2676.63,3.4,N,Pending,Delivered,0,0,18662.6,634.5284,18028.0716,18028.0716,13383.15,4644.9216,25.76493872,Low Discount,2026-02-01 00:00:00
OL001416,O100834,C1369,2026-06-01 00:00:00,North,Store,Personal Care,Face Wash,3,10465.55,6202.01,2.1,N,Paid,Delivered,0,0,31396.65,659.32965,30737.32035,30737.32035,18606.03,12131.29035,39.46762506,Low Discount,2026-06-01 00:00:00
OL001417,O100835,C1384,2026-01-13 00:00:00,South,Store,Home,Mixer,5,8435.31,5694.75,0,N,Paid,Delivered,5,36052.03,42176.55,0,42176.55,6124.52,0,6124.52,100,Low Discount,2026-01-01 00:00:00
OL001418,O100836,C1267,2026-02-21 00:00:00,West,Online,Personal Care,Shampoo,2,9804.35,6454.42,27.9,Y,Paid,Delivered,0,0,19608.7,5470.8273,14137.8727,14137.8727,12908.84,1229.0327,8.693193991,High Discount,2026-02-01 00:00:00
OL001419,O100836,C1267,2026-02-21 00:00:00,West,Online,Personal Care,Trimmer,1,752.41,445.47,19.9,N,Pending,Delivered,1,699.6,752.41,149.72959,602.68041,-96.91959,0,-96.91959,100,Medium Discount,2026-02-01 00:00:00
OL001420,O100836,C1267,2026-02-21 00:00:00,West,Online,Personal Care,Shampoo,5,5889.51,3967.07,25.5,Y,Failed,Cancelled,0,0,29447.55,7509.12525,21938.42475,21938.42475,19835.35,2103.07475,9.586261429,High Discount,2026-02-01 00:00:00
OL001422,O100838,C1040,2026-02-02 00:00:00,East,Online,Personal Care,Shampoo,3,2582.27,1615.09,21.4,Y,Failed,Delivered,2,4666.65,7746.81,1657.81734,6088.99266,1422.34266,1615.09,-192.74734,-13.55139977,Medium Discount,2026-02-01 00:00:00
OL001423,O100838,C1040,2026-02-02 00:00:00,East,Online,Home,Lamp,5,13242.59,8016.83,17,N,Paid,Delivered,0,0,66212.95,11256.2015,54956.7485,54956.7485,40084.15,14872.5985,27.06236978,Medium Discount,2026-02-01 00:00:00
OL001424,O100839,C1179,2026-03-29 00:00:00,West,Online,Electronics,Smartwatch,4,1675.85,1334.43,2,N,Paid,Cancelled,4,6298.78,6703.4,134.068,6569.332,270.552,0,270.552,100,Low Discount,2026-03-01 00:00:00
OL001426,O100840,C1052,2026-03-24 00:00:00,South,Store,Electronics,Smartwatch,5,7324.96,5921.19,15.2,N,Paid,Delivered,0,0,36624.8,5566.9696,31057.8304,31057.8304,29605.95,1451.8804,4.674764403,Medium Discount,2026-03-01 00:00:00
OL001427,O100841,C1146,2026-06-13 00:00:00,South,Store,Personal Care,Face Wash,3,2873.16,1653.8,5.1,N,Paid,Cancelled,3,8279.09,8619.48,439.59348,8179.88652,-99.20348,0,-99.20348,100,Low Discount,2026-06-01 00:00:00
OL001428,O100841,,2026-06-13 00:00:00,South,Store,Electronics,Smartwatch,4,10936.57,8155.79,22,Y,Paid,Cancelled,0,0,43746.28,9624.1816,34122.0984,34122.0984,32623.16,1498.9384,4.392866999,Medium Discount,2026-06-01 00:00:00
OL001429,O100842,C1320,2026-01-26 00:00:00,South,Store,Personal Care,Shampoo,5,6534.35,3354.54,22,Y,Paid,Delivered,0,0,32671.75,7187.785,25483.965,25483.965,16772.7,8711.265,34.1833188,Medium Discount,2026-01-01 00:00:00
OL001430,O100843,C1489,2026-03-16 00:00:00,West,Online,Fashion,T-Shirt,5,11454.04,7250.79,24.3,Y,Failed,Delivered,0,0,57270.2,13916.6586,43353.5414,43353.5414,36253.95,7099.5914,16.37603566,Medium Discount,2026-03-01 00:00:00
OL001431,O100844,C1164,2026-02-14 00:00:00,East,Store,Home,Mixer,2,6604.13,4043.54,10.1,N,Paid,Delivered,0,0,13208.26,1334.03426,11874.22574,11874.22574,8087.08,3787.14574,31.8938331,Medium Discount,2026-02-01 00:00:00
OL001432,O100844,C1164,2026-02-14 00:00:00,East,Store,Home,Mixer,5,10390.01,6111.1,13.6,N,Paid,Delivered,4,40678.84,51950.05,7065.2068,44884.8432,4206.0032,6111.1,-1905.0968,-45.29470639,Medium Discount,2026-02-01 00:00:00
OL001433,O100845,C1300,2026-06-06 00:00:00,East,Marketplace,Electronics,Keyboard,4,13889.04,10621.06,13.4,N,Paid,Delivered,0,0,55556.16,7444.52544,48111.63456,48111.63456,42484.24,5627.39456,11.6965358,Medium Discount,2026-06-01 00:00:00
OL001434,O100845,C1300,2026-06-06 00:00:00,East,Marketplace,Personal Care,Perfume,2,5253.5,3409.37,26.6,Y,Pending,Delivered,0,0,10507,2794.862,7712.138,7712.138,6818.74,893.398,11.58431034,High Discount,2026-06-01 00:00:00
OL001435,O100846,C1116,2026-03-11 00:00:00,North,Marketplace,Electronics,Earbuds,2,1328.89,977.62,17.1,N,Failed,Cancelled,0,0,2657.78,454.48038,2203.29962,2203.29962,1955.24,248.05962,11.25855139,Medium Discount,2026-03-01 00:00:00
OL001436,O100846,C1116,2026-03-11 00:00:00,North,Marketplace,Home,Lamp,5,1943.6,1276.71,21.7,Y,Pending,Delivered,0,0,9718,2108.806,7609.194,7609.194,6383.55,1225.644,16.10740901,Medium Discount,2026-03-01 00:00:00
OL001437,O100846,C1116,2026-03-11 00:00:00,North,Marketplace,Personal Care,Trimmer,3,1403.47,740.07,28.2,Y,Paid,Delivered,2,-2516.84,4210.41,1187.33562,3023.07438,5539.91438,740.07,4799.84438,86.64112928,High Discount,2026-03-01 00:00:00
OL001438,O100847,C1435,2026-05-28 00:00:00,South,Online,Home,Lamp,5,9099.45,6086.38,7.8,N,Paid,Delivered,0,0,45497.25,3548.7855,41948.4645,41948.4645,30431.9,11516.5645,27.4540788,Low Discount,2026-05-01 00:00:00
OL001439,O100847,C1435,2026-05-28 00:00:00,South,Online,Fashion,Jacket,4,11487.71,5504.68,24.8,Y,Paid,Delivered,0,0,45950.84,11395.80832,34555.03168,34555.03168,22018.72,12536.31168,36.27926548,Medium Discount,2026-05-01 00:00:00
OL001440,O100848,C1444,2026-04-30 00:00:00,East,Store,Fashion,T-Shirt,5,12180,6495.08,17.8,N,Paid,Cancelled,0,0,60900,10840.2,50059.8,50059.8,32475.4,17584.4,35.12678836,Medium Discount,2026-04-01 00:00:00
OL001441,O100849,C1318,2026-03-06 00:00:00,West,Marketplace,Fashion,Jeans,5,12807.2,6633.64,22.7,Y,Paid,Delivered,0,0,64036,14536.172,49499.828,49499.828,33168.2,16331.628,32.99330252,Medium Discount,2026-03-01 00:00:00
OL001442,O100849,C1318,2026-03-06 00:00:00,West,Marketplace,Fashion,Shoes,2,9031.32,4213.72,18.8,N,Failed,Delivered,1,8352.01,18062.64,3395.77632,14666.86368,6314.85368,4213.72,2101.13368,33.27287989,Medium Discount,2026-03-01 00:00:00
OL001443,O100850,C1004,2026-02-18 00:00:00,West,Online,Home,Lamp,3,13035.29,8197.75,4.7,N,Paid,Delivered,0,0,39105.87,1837.97589,37267.89411,37267.89411,24593.25,12674.64411,34.00955276,Low Discount,2026-02-01 00:00:00
OL001444,O100850,C1004,2026-02-18 00:00:00,West,Online,Home,Mixer,2,8802.49,6055.38,7.6,N,Pending,Delivered,1,7627.29,17604.98,1337.97848,16267.00152,8639.71152,6055.38,2584.33152,29.91224318,Low Discount,2026-02-01 00:00:00
OL001445,O100850,C1004,2026-02-18 00:00:00,West,Online,Home,Storage Box,5,10748.56,6682.05,17.7,N,Paid,Delivered,0,0,53742.8,9512.4756,44230.3244,44230.3244,33410.25,10820.0744,24.46302293,Medium Discount,2026-02-01 00:00:00
OL001446,O100851,C1013,2026-01-15 00:00:00,West,Store,Fashion,Jeans,3,9075.69,5051.2,4.9,N,Paid,Delivered,0,0,27227.07,1334.12643,25892.94357,25892.94357,15153.6,10739.34357,41.47594707,Low Discount,2026-01-01 00:00:00
OL001447,O100851,C1013,2026-01-15 00:00:00,West,Store,Electronics,Smartwatch,5,5139.47,3561.75,9,N,Pending,Delivered,0,0,25697.35,2312.7615,23384.5885,23384.5885,17808.75,5575.8385,23.84407363,Low Discount,2026-01-01 00:00:00
OL001448,O100851,C1013,2026-01-15 00:00:00,West,Store,Electronics,Power Bank,1,9318.9,6710.41,0,N,Pending,Cancelled,0,0,9318.9,0,9318.9,9318.9,6710.41,2608.49,27.99139383,Low Discount,2026-01-01 00:00:00
OL001449,O100852,C1032,2026-02-09 00:00:00,North,Marketplace,Personal Care,Perfume,1,1599.51,956.38,25.8,Y,Paid,Delivered,1,1503.68,1599.51,412.67358,1186.83642,-316.84358,0,-316.84358,100,High Discount,2026-02-01 00:00:00
OL001450,O100852,C1032,2026-02-09 00:00:00,North,Marketplace,Home,Lamp,5,10272.71,6255.96,17.2,N,Pending,Delivered,0,0,51363.55,8834.5306,42529.0194,42529.0194,31279.8,11249.2194,26.45069075,Medium Discount,2026-02-01 00:00:00
OL001452,O100854,C1175,2026-03-07 00:00:00,South,Online,Electronics,Power Bank,3,11380.2,8822.37,18.5,N,Paid,Delivered,0,0,34140.6,6316.011,27824.589,27824.589,26467.11,1357.479,4.878702791,Medium Discount,2026-03-01 00:00:00
OL001454,O100855,C1176,2026-04-20 00:00:00,West,Online,Fashion,Jeans,3,4143.83,2440.45,21.5,Y,Paid,Delivered,1,3769.03,12431.49,2672.77035,9758.71965,5989.68965,4880.9,1108.78965,18.51163774,Medium Discount,2026-04-01 00:00:00
OL001455,O100856,C1337,2026-04-22 00:00:00,North,Online,Fashion,T-Shirt,1,3396.87,2053.41,20.2,Y,Paid,Delivered,0,0,3396.87,686.16774,2710.70226,2710.70226,2053.41,657.29226,24.24804338,Medium Discount,2026-04-01 00:00:00
OL001456,O100857,C1168,2026-04-26 00:00:00,North,Online,Personal Care,Shampoo,5,10247.79,5516.98,13.3,N,Paid,Delivered,0,0,51238.95,6814.78035,44424.16965,44424.16965,27584.9,16839.26965,37.90564862,Medium Discount,2026-04-01 00:00:00
OL001457,O100857,C1168,2026-04-26 00:00:00,North,Online,Personal Care,Shampoo,5,12241.59,7112.95,23.6,Y,Pending,Delivered,0,0,61207.95,14445.0762,46762.8738,46762.8738,35564.75,11198.1238,23.94661168,Medium Discount,2026-04-01 00:00:00
OL001459,O100859,C1416,2026-05-06 00:00:00,North,Marketplace,Fashion,T-Shirt,1,8780.54,4228.26,49.1,Y,Failed,Delivered,0,0,8780.54,4311.24514,4469.29486,4469.29486,4228.26,241.03486,5.39312951,High Discount,2026-05-01 00:00:00
OL001460,O100859,C1416,2026-05-06 00:00:00,North,Marketplace,Personal Care,Perfume,1,13824.11,7535.93,15.3,N,Paid,Cancelled,0,0,13824.11,2115.08883,11709.02117,11709.02117,7535.93,4173.09117,35.63996605,Medium Discount,2026-05-01 00:00:00
OL001461,O100860,C1045,2026-05-26 00:00:00,South,Online,Fashion,Shoes,2,14031.15,7932.88,5.3,N,Paid,Delivered,0,0,28062.3,1487.3019,26574.9981,26574.9981,15865.76,10709.2381,40.29817071,Low Discount,2026-05-01 00:00:00
OL001462,O100860,C1045,2026-05-26 00:00:00,South,Online,Fashion,T-Shirt,4,8136.92,3883.43,16.1,N,Paid,Delivered,0,0,32547.68,5240.17648,27307.50352,27307.50352,15533.72,11773.78352,43.11556167,Medium Discount,2026-05-01 00:00:00
OL001463,O100860,C1045,2026-05-26 00:00:00,South,Online,Electronics,Power Bank,3,12950.91,10612.54,8,N,Pending,Delivered,0,0,38852.73,3108.2184,35744.5116,35744.5116,31837.62,3906.8916,10.93004611,Low Discount,2026-05-01 00:00:00
OL001464,O100861,C1490,2026-06-29 00:00:00,East,Marketplace,Electronics,Keyboard,3,12211.76,9256.58,24.1,Y,Pending,Delivered,0,0,36635.28,8829.10248,27806.17752,27806.17752,27769.74,36.43752,0.131041097,Medium Discount,2026-06-01 00:00:00
OL001465,O100861,C1490,2026-06-29 00:00:00,East,Marketplace,Personal Care,Perfume,2,3300.67,1858.39,24.3,Y,Failed,Delivered,1,3191.91,6601.34,1604.12562,4997.21438,1805.30438,1858.39,-53.08562,-2.940535712,Medium Discount,2026-06-01 00:00:00
OL001466,O100862,C1485,2026-04-15 00:00:00,West,Online,Personal Care,Perfume,3,6407.09,3570.08,7.4,N,Paid,Delivered,1,6335.47,19221.27,1422.37398,17798.89602,11463.42602,7140.16,4323.26602,37.71355974,Low Discount,2026-04-01 00:00:00
OL001467,O100862,C1485,2026-04-15 00:00:00,West,Online,Personal Care,Perfume,1,10951.78,6004.85,11.3,N,Paid,Delivered,0,0,10951.78,1237.55114,9714.22886,9714.22886,6004.85,3709.37886,38.18500587,Medium Discount,2026-04-01 00:00:00
OL001468,O100863,C1037,2026-02-09 00:00:00,West,Online,Electronics,Earbuds,1,399.38,320.63,13.5,N,Pending,Cancelled,0,0,399.38,53.9163,345.4637,345.4637,320.63,24.8337,7.188512136,Medium Discount,2026-02-01 00:00:00
OL001469,O100863,C1037,2026-02-09 00:00:00,West,Online,Fashion,Shoes,1,3081.75,1834.35,26.2,Y,Paid,Delivered,0,0,3081.75,807.4185,2274.3315,2274.3315,1834.35,439.9815,19.34553076,High Discount,2026-02-01 00:00:00
OL001470,O100864,C1019,2026-04-20 00:00:00,West,Store,Home,Bedsheet,1,10751.99,7617.47,20.9,Y,Failed,Delivered,1,9603.08,10751.99,2247.16591,8504.82409,-1098.25591,0,-1098.25591,100,Medium Discount,2026-04-01 00:00:00
OL001471,O100865,C1464,2026-03-10 00:00:00,East,Marketplace,Personal Care,Trimmer,4,3047.16,1736.25,12,N,Paid,Cancelled,3,7820.08,12188.64,1462.6368,10726.0032,2905.9232,1736.25,1169.6732,40.25134594,Medium Discount,2026-03-01 00:00:00
OL001473,O100867,C1073,2026-02-05 00:00:00,West,Online,Home,Bedsheet,3,6653.48,3863.34,7.1,N,Paid,Delivered,1,5793.2,19960.44,1417.19124,18543.24876,12750.04876,7726.68,5023.36876,39.39881999,Low Discount,2026-02-01 00:00:00
OL001474,O100867,C1073,2026-02-05 00:00:00,West,Online,Electronics,Power Bank,1,2894.71,2056.58,35.6,Y,Failed,Cancelled,0,0,2894.71,1030.51676,1864.19324,1864.19324,2056.58,-192.38676,-10.32010823,High Discount,2026-02-01 00:00:00
OL001475,O100868,C1317,2026-05-16 00:00:00,West,Online,Personal Care,Shampoo,1,5875.22,2943.36,9.2,N,Paid,Delivered,0,0,5875.22,540.52024,5334.69976,5334.69976,2943.36,2391.33976,44.82613582,Low Discount,2026-05-01 00:00:00
OL001476,O100869,C1199,2026-01-04 00:00:00,North,Marketplace,Electronics,Power Bank,1,4145.15,3376.94,25.8,Y,Pending,Delivered,0,0,4145.15,1069.4487,3075.7013,3075.7013,3376.94,-301.2387,-9.794146785,High Discount,2026-01-01 00:00:00
OL001478,O100870,C1073,2026-02-02 00:00:00,East,Store,Fashion,Jeans,3,11706.25,7258.65,12.8,N,Pending,Delivered,0,0,35118.75,4495.2,30623.55,30623.55,21775.95,8847.6,28.89149037,Medium Discount,2026-02-01 00:00:00
OL001479,O100870,C1073,2026-02-02 00:00:00,East,Store,Home,Bedsheet,5,6944.73,4328.27,11.2,N,Pending,Delivered,0,0,34723.65,3889.0488,30834.6012,30834.6012,21641.35,9193.2512,29.81472386,Medium Discount,2026-02-01 00:00:00
OL001480,O100871,C1200,2026-03-15 00:00:00,North,Marketplace,Fashion,T-Shirt,2,8364.24,5222.53,26.8,Y,Failed,Delivered,0,0,16728.48,4483.23264,12245.24736,12245.24736,10445.06,1800.18736,14.70111062,High Discount,2026-03-01 00:00:00
OL001481,O100872,C1294,2026-04-11 00:00:00,East,Marketplace,Electronics,Power Bank,2,6783.46,5054.77,28.2,Y,Pending,Delivered,0,0,13566.92,3825.87144,9741.04856,9741.04856,10109.54,-368.49144,-3.782872426,High Discount,2026-04-01 00:00:00
OL001482,O100873,C1112,2026-05-31 00:00:00,East,Store,Personal Care,Perfume,1,8767.7,5225.54,11.3,N,Paid,Delivered,0,0,8767.7,990.7501,7776.9499,7776.9499,5225.54,2551.4099,32.80733363,Medium Discount,2026-05-01 00:00:00
OL001483,O100874,C1155,2026-05-22 00:00:00,West,Marketplace,Fashion,Jeans,1,679.97,411.21,20.2,Y,Paid,Delivered,0,0,679.97,137.35394,542.61606,542.61606,411.21,131.40606,24.2171343,Medium Discount,2026-05-01 00:00:00
OL001484,O100875,C1046,2026-03-17 00:00:00,South,Online,Personal Care,Perfume,5,11443,6533.03,23.3,Y,Pending,Cancelled,0,0,57215,13331.095,43883.905,43883.905,32665.15,11218.755,25.56462329,Medium Discount,2026-03-01 00:00:00
OL001485,O100875,C1046,2026-03-17 00:00:00,South,Online,Electronics,Earbuds,4,1910.89,1542.62,26.9,Y,Pending,Cancelled,2,3455.85,7643.56,2056.11764,5587.44236,2131.59236,3085.24,-953.64764,-44.73874357,High Discount,2026-03-01 00:00:00
OL001486,O100876,C1340,2026-05-24 00:00:00,East,Online,Personal Care,Trimmer,1,2610.64,1766.22,15.9,N,Pending,Delivered,0,0,2610.64,415.09176,2195.54824,2195.54824,1766.22,429.32824,19.55448904,Medium Discount,2026-05-01 00:00:00
OL001487,O100877,C1436,2026-02-25 00:00:00,East,Marketplace,Fashion,Jacket,1,9443.11,5199.59,20.2,Y,Paid,Delivered,0,0,9443.11,1907.50822,7535.60178,7535.60178,5199.59,2336.01178,30.99967127,Medium Discount,2026-02-01 00:00:00
OL001488,O100877,C1436,2026-02-25 00:00:00,East,Marketplace,Electronics,Earbuds,2,6622.93,5029.89,23.1,Y,Paid,Delivered,0,0,13245.86,3059.79366,10186.06634,10186.06634,10059.78,126.28634,1.239794988,Medium Discount,2026-02-01 00:00:00
OL001489,O100877,C1436,2026-02-25 00:00:00,East,Marketplace,Home,Mixer,2,6710.65,3784.49,28,Y,Pending,Delivered,0,0,13421.3,3757.964,9663.336,9663.336,7568.98,2094.356,21.67321927,High Discount,2026-02-01 00:00:00
OL001490,O100878,C1207,2026-05-06 00:00:00,East,Store,Electronics,Power Bank,3,4606.89,3745.78,3.5,N,Paid,Delivered,0,0,13820.67,483.72345,13336.94655,13336.94655,11237.34,2099.60655,15.74278297,Low Discount,2026-05-01 00:00:00
OL001491,O100878,C1207,2026-05-06 00:00:00,East,Store,Fashion,Shoes,3,3548.06,1975.25,5,N,Paid,Delivered,3,9306.23,10644.18,532.209,10111.971,805.741,0,805.741,100,Low Discount,2026-05-01 00:00:00
OL001492,O100879,C1461,2026-05-20 00:00:00,South,Store,Fashion,Jeans,5,6605.24,4164.22,0,N,Failed,Delivered,0,0,33026.2,0,33026.2,33026.2,20821.1,12205.1,36.95581084,Low Discount,2026-05-01 00:00:00
OL001493,O100879,C1461,2026-05-20 00:00:00,South,Store,Electronics,Keyboard,5,683.41,556.08,15.8,N,Failed,Delivered,4,2450.14,3417.05,539.8939,2877.1561,427.0161,556.08,-129.0639,-30.22459809,Medium Discount,2026-05-01 00:00:00
OL001494,O100880,C1415,2026-06-26 00:00:00,North,Online,Fashion,T-Shirt,1,1642.21,907.5,27.1,Y,Failed,Delivered,1,1425.57,1642.21,445.03891,1197.17109,-228.39891,0,-228.39891,100,High Discount,2026-06-01 00:00:00
OL001495,O100881,C1201,2026-04-21 00:00:00,West,Marketplace,Electronics,Power Bank,5,10529.35,8094.49,28.6,Y,Paid,Delivered,0,0,52646.75,15056.9705,37589.7795,37589.7795,40472.45,-2882.6705,-7.668761398,High Discount,2026-04-01 00:00:00
OL001496,O100882,C1123,2026-02-04 00:00:00,South,Store,Home,Storage Box,2,8695.42,5403.87,0,N,Pending,Delivered,2,17045.67,17390.84,0,17390.84,345.17,0,345.17,100,Low Discount,2026-02-01 00:00:00
OL001497,O100883,C1445,2026-04-24 00:00:00,South,Online,Home,Bedsheet,1,663.2,430.29,27.6,Y,Paid,Delivered,0,0,663.2,183.0432,480.1568,480.1568,430.29,49.8668,10.38552406,High Discount,2026-04-01 00:00:00
OL001498,O100884,C1213,2026-01-09 00:00:00,West,Marketplace,Home,Bedsheet,2,4756.59,3118.12,23.4,Y,Pending,Cancelled,2,8949.31,9513.18,2226.08412,7287.09588,-1662.21412,0,-1662.21412,100,Medium Discount,2026-01-01 00:00:00
OL001500,O100885,C1510,2026-04-01 00:00:00,West,Store,Electronics,Keyboard,2,14949.93,11875.93,0,N,Failed,Cancelled,0,0,29899.86,0,29899.86,29899.86,23751.86,6148,20.56196919,Low Discount,2026-04-01 00:00:00
OL001501,O100886,C1205,2026-01-27 00:00:00,South,Online,Personal Care,Shampoo,4,267.13,138.07,23.2,Y,Paid,Delivered,1,261.83,1068.52,247.89664,820.62336,558.79336,414.21,144.58336,25.87420867,Medium Discount,2026-01-01 00:00:00
OL001502,O100887,C1388,2026-03-30 00:00:00,West,Online,Home,Bedsheet,3,9449.65,6537.36,34.7,Y,Paid,Delivered,0,0,28348.95,9837.08565,18511.86435,18511.86435,19612.08,-1100.21565,-5.943300087,High Discount,2026-03-01 00:00:00
OL001503,O100887,C1388,2026-03-30 00:00:00,West,Online,Home,Storage Box,1,6789.54,4386.87,3.9,N,Pending,Delivered,1,6247.13,6789.54,264.79206,6524.74794,277.61794,0,277.61794,100,Low Discount,2026-03-01 00:00:00
OL001504,O100888,C1186,2026-02-15 00:00:00,South,Online,Fashion,Jeans,4,13241.92,8294.23,16.3,N,Paid,Delivered,0,0,52967.68,8633.73184,44333.94816,44333.94816,33176.92,11157.02816,25.16587993,Medium Discount,2026-02-01 00:00:00
OL001505,O100888,C1186,2026-02-15 00:00:00,South,Online,Electronics,Power Bank,1,14625.18,10708.64,37.2,Y,Paid,Delivered,0,0,14625.18,5440.56696,9184.61304,9184.61304,10708.64,-1524.02696,-16.59326259,High Discount,2026-02-01 00:00:00
OL001506,O100888,C1186,2026-02-15 00:00:00,South,Online,Personal Care,Shampoo,5,10501.06,6816.98,19.5,N,Paid,Cancelled,0,0,52505.3,10238.5335,42266.7665,42266.7665,34084.9,8181.8665,19.35768259,Medium Discount,2026-02-01 00:00:00
OL001507,O100889,C1490,2026-05-14 00:00:00,East,Marketplace,Electronics,Power Bank,1,10268.39,7609.48,21.6,Y,Paid,Delivered,0,0,10268.39,2217.97224,8050.41776,8050.41776,7609.48,440.93776,5.477203459,Medium Discount,2026-05-01 00:00:00
OL001508,O100890,C1505,2026-05-10 00:00:00,West,Online,Home,Storage Box,3,9556.7,5451.06,22.1,Y,Paid,Delivered,0,0,28670.1,6336.0921,22334.0079,22334.0079,16353.18,5980.8279,26.77901757,Medium Discount,2026-05-01 00:00:00
OL001509,O100890,C1505,2026-05-10 00:00:00,West,Online,Electronics,Smartwatch,2,10250.63,7369.07,20.7,Y,Paid,Delivered,0,0,20501.26,4243.76082,16257.49918,16257.49918,14738.14,1519.35918,9.345589769,Medium Discount,2026-05-01 00:00:00
OL001510,O100890,C1505,2026-05-10 00:00:00,West,Online,Fashion,T-Shirt,4,11931.99,5494.65,15.8,N,Paid,Delivered,0,0,47727.96,7541.01768,40186.94232,40186.94232,21978.6,18208.34232,45.30910109,Medium Discount,2026-05-01 00:00:00
OL001513,O100893,C1020,2026-06-15 00:00:00,North,Store,Fashion,Shoes,1,13538.01,6196.88,4.5,N,Paid,Delivered,0,0,13538.01,609.21045,12928.79955,12928.79955,6196.88,6731.91955,52.06917722,Low Discount,2026-06-01 00:00:00
OL001515,O100894,C1322,2026-05-26 00:00:00,North,Online,Fashion,T-Shirt,1,4527.65,2154.57,24.2,Y,Failed,Delivered,0,0,4527.65,1095.6913,3431.9587,3431.9587,2154.57,1277.3887,37.22039837,Medium Discount,2026-05-01 00:00:00
OL001516,O100894,C1322,2026-05-26 00:00:00,North,Online,Fashion,T-Shirt,3,11079.47,5385.59,18.7,N,Paid,Delivered,1,10573.59,33238.41,6215.58267,27022.82733,16449.23733,10771.18,5678.05733,34.51866622,Medium Discount,2026-05-01 00:00:00
OL001517,O100894,C1322,2026-05-26 00:00:00,North,Online,Home,Storage Box,1,9268.17,6446.77,10.2,N,Paid,Cancelled,1,9104.94,9268.17,945.35334,8322.81666,-782.12334,0,-782.12334,100,Medium Discount,2026-05-01 00:00:00
OL001518,O100895,,2026-04-29 00:00:00,South,Online,Personal Care,Face Wash,2,12006.05,7667.31,20.1,Y,Failed,Delivered,0,0,24012.1,4826.4321,19185.6679,19185.6679,15334.62,3851.0479,20.07252455,Medium Discount,2026-04-01 00:00:00
OL001519,O100895,C1486,2026-04-29 00:00:00,South,Online,Personal Care,Shampoo,1,8252.44,5568.96,24.7,Y,Pending,Delivered,0,0,8252.44,2038.35268,6214.08732,6214.08732,5568.96,645.12732,10.38169061,Medium Discount,2026-04-01 00:00:00
OL001520,O100896,C1064,2026-05-14 00:00:00,West,Store,Electronics,Smartwatch,3,12188.39,9292.24,0,N,Paid,Delivered,0,0,36565.17,0,36565.17,36565.17,27876.72,8688.45,23.76154685,Low Discount,2026-05-01 00:00:00
OL001521,O100896,C1064,2026-05-14 00:00:00,West,Store,Personal Care,Face Wash,5,3863.16,2294.86,6.8,N,Paid,Delivered,0,0,19315.8,1313.4744,18002.3256,18002.3256,11474.3,6528.0256,36.26212382,Low Discount,2026-05-01 00:00:00
OL001522,O100897,C1490,2026-04-03 00:00:00,North,Store,Fashion,Jeans,3,4413.18,2746.46,13.3,N,Paid,Delivered,3,11496.31,13239.54,1760.85882,11478.68118,-17.62882,0,-17.62882,100,Medium Discount,2026-04-01 00:00:00
OL001523,O100898,C1330,2026-06-08 00:00:00,East,Store,Fashion,Shoes,5,2037.02,1278.31,9.8,N,Paid,Delivered,0,0,10185.1,998.1398,9186.9602,9186.9602,6391.55,2795.4102,30.42802123,Low Discount,2026-06-01 00:00:00
OL001524,O100898,C1330,2026-06-08 00:00:00,East,Store,Home,Storage Box,2,1681.09,1203.2,16.6,N,Failed,Delivered,0,0,3362.18,558.12188,2804.05812,2804.05812,2406.4,397.65812,14.18152203,Medium Discount,2026-06-01 00:00:00
OL001525,O100898,C1330,2026-06-08 00:00:00,East,Store,Home,Lamp,3,6236.93,3781.21,13.3,N,Paid,Delivered,0,0,18710.79,2488.53507,16222.25493,16222.25493,11343.63,4878.62493,30.07365469,Medium Discount,2026-06-01 00:00:00
OL001526,O100899,C1238,2026-06-09 00:00:00,North,Marketplace,Fashion,Jeans,3,11460.45,7340.03,17.2,N,Paid,Delivered,0,0,34381.35,5913.5922,28467.7578,28467.7578,22020.09,6447.6678,22.64901874,Medium Discount,2026-06-01 00:00:00
OL001527,O100900,C1360,2026-05-14 00:00:00,North,Marketplace,Home,Bedsheet,4,8585.7,5478.89,27.5,Y,Pending,Delivered,0,0,34342.8,9444.27,24898.53,24898.53,21915.56,2982.97,11.98050648,High Discount,2026-05-01 00:00:00
OL001528,O100900,C1360,2026-05-14 00:00:00,North,Marketplace,Electronics,Earbuds,5,9261.43,7472.08,31.2,Y,Pending,Delivered,0,0,46307.15,14447.8308,31859.3192,31859.3192,37360.4,-5501.0808,-17.26678704,High Discount,2026-05-01 00:00:00
OL001529,O100901,C1424,2026-06-04 00:00:00,West,Marketplace,Fashion,Jacket,5,5877.27,3402.75,23.6,Y,Paid,Delivered,2,11309.69,29386.35,6935.1786,22451.1714,11141.4814,10208.25,933.2314,8.376187748,Medium Discount,2026-06-01 00:00:00
OL001530,O100901,C1424,2026-06-04 00:00:00,West,Marketplace,Home,Lamp,2,3925.49,2242.78,16.2,N,Paid,Delivered,0,0,7850.98,1271.85876,6579.12124,6579.12124,4485.56,2093.56124,31.82128986,Medium Discount,2026-06-01 00:00:00
OL001531,O100902,C1014,2026-02-03 00:00:00,East,Store,Fashion,Jacket,5,4316.93,2436.22,22.9,Y,Paid,Delivered,0,0,21584.65,4942.88485,16641.76515,16641.76515,12181.1,4460.66515,26.80403857,Medium Discount,2026-02-01 00:00:00
OL001532,O100903,C1251,2026-06-19 00:00:00,South,Online,Electronics,Keyboard,4,5375.95,3826.25,11.1,N,Failed,Cancelled,0,0,21503.8,2386.9218,19116.8782,19116.8782,15305,3811.8782,19.93985713,Medium Discount,2026-06-01 00:00:00
OL001533,O100903,C1251,2026-06-19 00:00:00,South,Online,Personal Care,Face Wash,3,14205.46,9419.09,5.1,N,Paid,Delivered,0,0,42616.38,2173.43538,40442.94462,40442.94462,28257.27,12185.67462,30.13053262,Low Discount,2026-06-01 00:00:00
OL001534,O100903,C1251,2026-06-19 00:00:00,South,Online,Fashion,Shoes,5,8030.67,4874.26,18.1,N,Paid,Delivered,0,0,40153.35,7267.75635,32885.59365,32885.59365,24371.3,8514.29365,25.89064908,Medium Discount,2026-06-01 00:00:00
OL001535,O100904,C1356,2026-05-07 00:00:00,East,Marketplace,Electronics,Earbuds,3,6260.59,4658.94,19.7,N,Paid,Delivered,0,0,18781.77,3700.00869,15081.76131,15081.76131,13976.82,1104.94131,7.326341316,Medium Discount,2026-05-01 00:00:00
OL001536,O100904,C1356,2026-05-07 00:00:00,East,Marketplace,Fashion,T-Shirt,2,3148.16,1656.49,29.2,Y,Paid,Delivered,1,2782.44,6296.32,1838.52544,4457.79456,1675.35456,1656.49,18.86456,1.126004038,High Discount,2026-05-01 00:00:00
OL001537,O100904,C1356,2026-05-07 00:00:00,East,Marketplace,Personal Care,Perfume,1,3478.51,2071.51,19.1,N,Paid,Cancelled,0,0,3478.51,664.39541,2814.11459,2814.11459,2071.51,742.60459,26.3885697,Medium Discount,2026-05-01 00:00:00
OL001538,O100905,C1393,2026-05-04 00:00:00,South,Online,Fashion,Shoes,1,10623.63,6319.01,13.3,N,Pending,Delivered,0,0,10623.63,1412.94279,9210.68721,9210.68721,6319.01,2891.67721,31.39480415,Medium Discount,2026-05-01 00:00:00
OL001539,O100906,C1037,2026-04-25 00:00:00,West,Store,Fashion,Jacket,2,9415.51,5844.08,6,N,Paid,Delivered,0,0,18831.02,1129.8612,17701.1588,17701.1588,11688.16,6012.9988,33.96952068,Low Discount,2026-04-01 00:00:00
OL001540,O100907,C1254,2026-03-08 00:00:00,North,Marketplace,Personal Care,Shampoo,4,5478.41,3601.99,22.4,Y,Failed,Delivered,0,0,21913.64,4908.65536,17004.98464,17004.98464,14407.96,2597.02464,15.27213752,Medium Discount,2026-03-01 00:00:00
OL001541,O100907,C1254,2026-03-08 00:00:00,North,Marketplace,Home,Storage Box,3,2140.85,1466.28,12.9,N,Paid,Delivered,0,0,6422.55,828.50895,5594.04105,5594.04105,4398.84,1195.20105,21.365611,Medium Discount,2026-03-01 00:00:00
OL001542,O100908,C1355,2026-05-29 00:00:00,South,Online,Electronics,Earbuds,2,7860.69,5596.14,15.4,N,Pending,Delivered,0,0,15721.38,2421.09252,13300.28748,13300.28748,11192.28,2108.00748,15.84933772,Medium Discount,2026-05-01 00:00:00
OL001543,O100909,C1406,2026-01-21 00:00:00,East,Online,Home,Mixer,3,12588.14,7134.37,30.5,Y,Paid,Delivered,1,11574.93,37764.42,11518.1481,26246.2719,14671.3419,14268.74,402.6019,2.744138217,High Discount,2026-01-01 00:00:00
OL001544,O100910,C1247,2026-06-04 00:00:00,North,Store,Personal Care,Trimmer,4,2553.28,1463.83,20,Y,Pending,Delivered,0,0,10213.12,2042.624,8170.496,8170.496,5855.32,2315.176,28.33580728,Medium Discount,2026-06-01 00:00:00
OL001545,O100910,C1247,2026-06-04 00:00:00,North,Store,Fashion,Shoes,5,6368.78,3248.63,0,N,Pending,Delivered,0,0,31843.9,0,31843.9,31843.9,16243.15,15600.75,48.99132958,Low Discount,2026-06-01 00:00:00
OL001546,O100910,C1247,2026-06-04 00:00:00,North,Store,Home,Lamp,5,13205.12,7731.01,1.5,N,Paid,Delivered,0,0,66025.6,990.384,65035.216,65035.216,38655.05,26380.166,40.56289442,Low Discount,2026-06-01 00:00:00
OL001547,O100911,C1322,2026-05-09 00:00:00,South,Store,Home,Lamp,3,14694.25,8096.68,0,N,Pending,Delivered,0,0,44082.75,0,44082.75,44082.75,24290.04,19792.71,44.8989911,Low Discount,2026-05-01 00:00:00
OL001548,O100912,C1302,2026-03-08 00:00:00,West,Store,Personal Care,Shampoo,3,14330.24,9183.35,0,N,Paid,Delivered,0,0,42990.72,0,42990.72,42990.72,27550.05,15440.67,35.91628612,Low Discount,2026-03-01 00:00:00
OL001549,O100913,C1005,2026-01-17 00:00:00,East,Online,Fashion,T-Shirt,5,1438.47,872.28,17.5,N,Paid,Delivered,1,1300.3,7192.35,1258.66125,5933.68875,4633.38875,3489.12,1144.26875,24.69615247,Medium Discount,2026-01-01 00:00:00
OL001550,O100913,C1005,2026-01-17 00:00:00,East,Online,Fashion,Shoes,3,4806.15,3002.54,18.5,N,Paid,Delivered,0,0,14418.45,2667.41325,11751.03675,11751.03675,9007.62,2743.41675,23.34616773,Medium Discount,2026-01-01 00:00:00
OL001551,O100913,C1005,2026-01-17 00:00:00,East,Online,Home,Mixer,3,7590.54,4868.02,17.3,N,Paid,Delivered,0,0,22771.62,3939.49026,18832.12974,18832.12974,14604.06,4228.06974,22.45136264,Medium Discount,2026-01-01 00:00:00
OL001552,O100914,C1018,2026-05-27 00:00:00,North,Online,Electronics,Power Bank,4,754.27,521.34,19,N,Paid,Delivered,3,1990.83,3017.08,573.2452,2443.8348,453.0048,521.34,-68.3352,-15.08487327,Medium Discount,2026-05-01 00:00:00
OL001553,O100914,C1018,2026-05-27 00:00:00,North,Online,Home,Bedsheet,3,8908.55,5748.28,27.8,Y,Paid,Delivered,0,0,26725.65,7429.7307,19295.9193,19295.9193,17244.84,2051.0793,10.62960136,High Discount,2026-05-01 00:00:00
OL001555,O100916,C1353,2026-04-03 00:00:00,West,Online,Personal Care,Perfume,4,14306.81,7420.54,28.3,Y,Pending,Delivered,0,0,57227.24,16195.30892,41031.93108,41031.93108,29682.16,11349.77108,27.66082605,High Discount,2026-04-01 00:00:00
OL001556,O100916,C1353,2026-04-03 00:00:00,West,Online,Home,Mixer,2,1893.61,1267.85,24.2,Y,Pending,Delivered,0,0,3787.22,916.50724,2870.71276,2870.71276,2535.7,335.01276,11.67002024,Medium Discount,2026-04-01 00:00:00
OL001557,O100916,C1353,2026-04-03 00:00:00,West,Online,Personal Care,Perfume,5,9813.2,5626.8,30.4,Y,Pending,Delivered,0,0,49066,14916.064,34149.936,34149.936,28134,6015.936,17.61624385,High Discount,2026-04-01 00:00:00
OL001558,O100917,C1116,2026-03-19 00:00:00,East,Store,Fashion,Jacket,4,2751.55,1462.63,11.2,N,Failed,Delivered,0,0,11006.2,1232.6944,9773.5056,9773.5056,5850.52,3922.9856,40.13898145,Medium Discount,2026-03-01 00:00:00
OL001559,O100918,C1463,2026-06-30 00:00:00,South,Marketplace,Personal Care,Face Wash,1,10473.14,5444.83,10.5,N,Pending,Cancelled,0,0,10473.14,1099.6797,9373.4603,9373.4603,5444.83,3928.6303,41.91227331,Medium Discount,2026-06-01 00:00:00
OL001560,O100918,C1463,2026-06-30 00:00:00,South,Marketplace,Personal Care,Perfume,4,11923.27,7710.79,28,Y,Pending,Delivered,0,0,47693.08,13354.0624,34339.0176,34339.0176,30843.16,3495.8576,10.18042403,High Discount,2026-06-01 00:00:00
OL001561,O100919,C1163,2026-03-13 00:00:00,South,Store,Personal Care,Shampoo,2,444.59,295.34,7.5,N,Paid,Delivered,1,425.26,889.18,66.6885,822.4915,397.2315,295.34,101.8915,25.65040789,Low Discount,2026-03-01 00:00:00
OL001562,O100919,C1163,2026-03-13 00:00:00,South,Store,Personal Care,Face Wash,2,6300.09,3713.45,0,N,Paid,Delivered,2,22359.62,12600.18,0,12600.18,-9759.44,0,-9759.44,100,Low Discount,2026-03-01 00:00:00
OL001563,O100919,,2026-03-13 00:00:00,South,Store,Electronics,Keyboard,3,10258.25,8147.02,13.4,N,Failed,Delivered,0,0,30774.75,4123.8165,26650.9335,26650.9335,24441.06,2209.8735,8.291917805,Medium Discount,2026-03-01 00:00:00
OL001564,O100920,C1229,2026-01-24 00:00:00,North,Marketplace,Personal Care,Shampoo,1,4852.77,3169.87,36.2,Y,Paid,Cancelled,0,0,4852.77,1756.70274,3096.06726,3096.06726,3169.87,-73.80274,-2.383757645,High Discount,2026-01-01 00:00:00
OL001565,O100921,C1214,2026-01-01 00:00:00,North,Store,Personal Care,Face Wash,4,4828.57,2874.24,4.5,N,Failed,Delivered,4,16989.02,19314.28,869.1426,18445.1374,1456.1174,0,1456.1174,100,Low Discount,2026-01-01 00:00:00
OL001566,O100921,C1214,2026-01-01 00:00:00,North,Store,Personal Care,Perfume,1,5488.73,2946.86,22.5,Y,Failed,Delivered,0,0,5488.73,1234.96425,4253.76575,4253.76575,2946.86,1306.90575,30.7235007,Medium Discount,2026-01-01 00:00:00
OL001567,O100922,C1434,2026-06-15 00:00:00,South,Marketplace,Home,Storage Box,4,11301.68,6567.9,22.5,Y,Paid,Delivered,2,20225.6,45206.72,10171.512,35035.208,14809.608,13135.8,1673.808,11.30217626,Medium Discount,2026-06-01 00:00:00
OL001568,O100922,C1434,2026-06-15 00:00:00,South,Marketplace,Fashion,Shoes,1,501.67,308.7,31.2,Y,Paid,Delivered,0,0,501.67,156.52104,345.14896,345.14896,308.7,36.44896,10.56035632,High Discount,2026-06-01 00:00:00
OL001569,O100923,C1283,2026-05-02 00:00:00,East,Online,Fashion,Jeans,5,14891.24,7868.8,14.5,N,Paid,Delivered,0,0,74456.2,10796.149,63660.051,63660.051,39344,24316.051,38.19671932,Medium Discount,2026-05-01 00:00:00
OL001570,O100923,C1283,2026-05-02 00:00:00,East,Online,Home,Mixer,5,4711.96,2707.29,2.6,N,Paid,Delivered,0,0,23559.8,612.5548,22947.2452,22947.2452,13536.45,9410.7952,41.01056627,Low Discount,2026-05-01 00:00:00
OL001571,O100924,C1495,2026-02-07 00:00:00,West,Store,Electronics,Power Bank,1,13995.59,10030.09,8.4,N,Pending,Cancelled,0,0,13995.59,1175.62956,12819.96044,12819.96044,10030.09,2789.87044,21.76192706,Low Discount,2026-02-01 00:00:00
OL001572,O100924,C1495,2026-02-07 00:00:00,West,Store,Personal Care,Shampoo,5,10481.25,6653.23,7.9,N,Paid,Cancelled,0,0,52406.25,4140.09375,48266.15625,48266.15625,33266.15,15000.00625,31.07768966,Low Discount,2026-02-01 00:00:00
OL001573,O100925,C1339,2026-05-13 00:00:00,East,Store,Fashion,Jeans,2,682.99,362.76,7.2,N,Failed,Delivered,0,0,1365.98,98.35056,1267.62944,1267.62944,725.52,542.10944,42.76560822,Low Discount,2026-05-01 00:00:00
OL001574,O100925,C1339,2026-05-13 00:00:00,East,Store,Electronics,Smartwatch,3,6674.37,5047.15,11.9,N,Paid,Cancelled,0,0,20023.11,2382.75009,17640.35991,17640.35991,15141.45,2498.90991,14.16586693,Medium Discount,2026-05-01 00:00:00
OL001576,O100927,C1227,2026-05-27 00:00:00,East,Marketplace,Home,Bedsheet,4,1152.24,682.78,13.9,N,Paid,Delivered,0,0,4608.96,640.64544,3968.31456,3968.31456,2731.12,1237.19456,31.17682687,Medium Discount,2026-05-01 00:00:00
OL001577,O100927,C1227,2026-05-27 00:00:00,East,Marketplace,Home,Lamp,3,12361.28,7173.26,23.5,Y,Paid,Delivered,2,-22885.26,37083.84,8714.7024,28369.1376,51254.3976,7173.26,44081.1376,86.00459602,Medium Discount,2026-05-01 00:00:00
OL001578,O100928,C1223,2026-06-09 00:00:00,East,Store,Personal Care,Perfume,2,11953.25,6723.42,18.6,N,Paid,Delivered,0,0,23906.5,4446.609,19459.891,19459.891,13446.84,6013.051,30.89971573,Medium Discount,2026-06-01 00:00:00
OL001579,O100928,C1223,2026-06-09 00:00:00,East,Store,Personal Care,Perfume,3,5178.19,2668.25,11.1,N,Failed,Cancelled,3,14079.97,15534.57,1724.33727,13810.23273,-269.73727,0,-269.73727,100,Medium Discount,2026-06-01 00:00:00
OL001580,O100929,C1030,2026-06-22 00:00:00,North,Marketplace,Personal Care,Perfume,5,818.02,464.08,43.1,Y,Failed,Delivered,2,1410.74,4090.1,1762.8331,2327.2669,916.5269,1392.24,-475.7131,-51.90388847,High Discount,2026-06-01 00:00:00
OL001581,O100929,C1030,2026-06-22 00:00:00,North,Marketplace,Home,Storage Box,4,14960.41,9049.76,20.5,Y,Failed,Cancelled,0,0,59841.64,12267.5362,47574.1038,47574.1038,36199.04,11375.0638,23.91020091,Medium Discount,2026-06-01 00:00:00
OL001582,O100930,C1043,2026-03-02 00:00:00,North,Online,Personal Care,Trimmer,5,5625.43,3494.13,7.2,N,Paid,Delivered,3,15579.62,28127.15,2025.1548,26101.9952,10522.3752,6988.26,3534.1152,33.58666777,Low Discount,2026-03-01 00:00:00
OL001583,O100930,C1043,2026-03-02 00:00:00,North,Online,Home,Storage Box,5,11622.27,7369.51,15.3,N,Paid,Delivered,0,0,58111.35,8891.03655,49220.31345,49220.31345,36847.55,12372.76345,25.13751454,Medium Discount,2026-03-01 00:00:00
OL001584,O100931,C1421,2026-02-05 00:00:00,West,Marketplace,Electronics,Smartwatch,3,6047.4,4456.93,17.9,N,Pending,Cancelled,0,0,18142.2,3247.4538,14894.7462,14894.7462,13370.79,1523.9562,10.23150163,Medium Discount,2026-02-01 00:00:00
OL001585,O100931,C1421,2026-02-05 00:00:00,West,Marketplace,Fashion,Jacket,5,11144,5670.89,6.8,N,Paid,Cancelled,0,0,55720,3788.96,51931.04,51931.04,28354.45,23576.59,45.39980328,Low Discount,2026-02-01 00:00:00
OL001586,O100931,C1421,2026-02-05 00:00:00,West,Marketplace,Fashion,Shoes,2,13104.03,6329.59,16.4,N,Paid,Delivered,0,0,26208.06,4298.12184,21909.93816,21909.93816,12659.18,9250.75816,42.22174473,Medium Discount,2026-02-01 00:00:00
OL001587,O100932,C1168,2026-04-03 00:00:00,East,Marketplace,Electronics,Power Bank,3,1720.47,1296.07,26,Y,Pending,Cancelled,0,0,5161.41,1341.9666,3819.4434,3819.4434,3888.21,-68.7666,-1.800435111,High Discount,2026-04-01 00:00:00
OL001588,O100932,C1168,2026-04-03 00:00:00,East,Marketplace,Fashion,Jacket,3,10274.03,5239.66,25.5,Y,Paid,Delivered,0,0,30822.09,7859.63295,22962.45705,22962.45705,15718.98,7243.47705,31.54486924,High Discount,2026-04-01 00:00:00
OL001589,O100933,C1512,2026-04-09 00:00:00,North,Marketplace,Fashion,T-Shirt,5,10466,6486.35,16.8,N,Failed,Delivered,0,0,52330,8791.44,43538.56,43538.56,32431.75,11106.81,25.5102833,Medium Discount,2026-04-01 00:00:00
OL001590,O100934,C1000,2026-05-22 00:00:00,South,Store,Home,Lamp,2,14522.47,8733.01,0,N,Paid,Delivered,0,0,29044.94,0,29044.94,29044.94,17466.02,11578.92,39.86553252,Low Discount,2026-05-01 00:00:00
OL001591,O100935,C1306,2026-05-31 00:00:00,West,Store,Electronics,Keyboard,4,10723.56,7783.48,0,N,Paid,Delivered,2,21073.8,42894.24,0,42894.24,21820.44,15566.96,6253.48,28.65881715,Low Discount,2026-05-01 00:00:00
OL001592,O100935,C1306,2026-05-31 00:00:00,West,Store,Personal Care,Trimmer,4,1431.52,883.92,11.5,N,Paid,Delivered,0,0,5726.08,658.4992,5067.5808,5067.5808,3535.68,1531.9008,30.22943018,Medium Discount,2026-05-01 00:00:00
OL001593,O100936,C1240,2026-02-20 00:00:00,South,Online,Personal Care,Shampoo,4,941.75,485.94,14.1,N,Paid,Delivered,0,0,3767,531.147,3235.853,3235.853,1943.76,1292.093,39.93052218,Medium Discount,2026-02-01 00:00:00
OL001594,O100937,C1225,2026-05-20 00:00:00,South,Store,Personal Care,Perfume,3,8502.57,5264.77,15.4,N,Pending,Delivered,0,0,25507.71,3928.18734,21579.52266,21579.52266,15794.31,5785.21266,26.80880736,Medium Discount,2026-05-01 00:00:00
OL001595,O100937,C1225,2026-05-20 00:00:00,South,Store,Electronics,Smartwatch,2,12731.84,9673.41,10,N,Paid,Cancelled,0,0,25463.68,2546.368,22917.312,22917.312,19346.82,3570.492,15.57989,Low Discount,2026-05-01 00:00:00
OL001596,O100937,C1225,2026-05-20 00:00:00,South,Store,Electronics,Earbuds,5,12635.09,9261.3,3.3,N,Paid,Delivered,0,0,63175.45,2084.78985,61090.66015,61090.66015,46306.5,14784.16015,24.20036076,Low Discount,2026-05-01 00:00:00
OL001597,O100938,C1274,2026-03-18 00:00:00,East,Online,Personal Care,Perfume,4,11054.31,5814.83,32.4,Y,Paid,Delivered,0,0,44217.24,14326.38576,29890.85424,29890.85424,23259.32,6631.53424,22.18583044,High Discount,2026-03-01 00:00:00
OL001598,O100939,C1202,2026-05-09 00:00:00,East,Marketplace,Fashion,Jeans,2,2173.36,1321.27,18,N,Failed,Cancelled,0,0,4346.72,782.4096,3564.3104,3564.3104,2642.54,921.7704,25.86111468,Medium Discount,2026-05-01 00:00:00
OL001599,O100939,C1202,2026-05-09 00:00:00,East,Marketplace,Electronics,Earbuds,3,540.45,373.83,14.4,N,Paid,Delivered,3,1578.93,1621.35,233.4744,1387.8756,-191.0544,0,-191.0544,100,Medium Discount,2026-05-01 00:00:00
OL001600,O100939,C1202,2026-05-09 00:00:00,East,Marketplace,Electronics,Keyboard,3,10405.87,7733.25,23,Y,Paid,Delivered,0,0,31217.61,7180.0503,24037.5597,24037.5597,23199.75,837.8097,3.485419113,Medium Discount,2026-05-01 00:00:00
OL001604,O100941,,2026-03-26 00:00:00,North,Store,Fashion,T-Shirt,3,7681.52,3776.24,7.4,N,Paid,Cancelled,0,0,23044.56,1705.29744,21339.26256,21339.26256,11328.72,10010.54256,46.91138005,Low Discount,2026-03-01 00:00:00
OL001605,O100941,C1303,2026-03-26 00:00:00,North,Store,Electronics,Keyboard,2,306.13,239.32,0,N,Pending,Delivered,0,0,612.26,0,612.26,612.26,478.64,133.62,21.82406167,Low Discount,2026-03-01 00:00:00
OL001606,O100942,C1507,2026-04-28 00:00:00,North,Store,Electronics,Power Bank,4,11268.96,8022.47,6.5,N,Paid,Delivered,0,0,45075.84,2929.9296,42145.9104,42145.9104,32089.88,10056.0304,23.86003839,Low Discount,2026-04-01 00:00:00
OL001607,O100942,C1507,2026-04-28 00:00:00,North,Store,Personal Care,Trimmer,3,12636.33,6323.78,0,N,Failed,Delivered,0,0,37908.99,0,37908.99,37908.99,18971.34,18937.65,49.95556463,Low Discount,2026-04-01 00:00:00
OL001608,O100943,C1205,2026-01-18 00:00:00,West,Online,Personal Care,Face Wash,4,12415.74,8086.22,20.3,Y,Paid,Delivered,0,0,49662.96,10081.58088,39581.37912,39581.37912,32344.88,7236.49912,18.28258459,Medium Discount,2026-01-01 00:00:00
OL001609,O100944,C1195,2026-05-17 00:00:00,South,Online,Home,Bedsheet,5,12234.83,7586.6,17.3,N,Paid,Delivered,0,0,61174.15,10583.12795,50591.02205,50591.02205,37933,12658.02205,25.0202932,Medium Discount,2026-05-01 00:00:00
OL001610,O100945,C1349,2026-01-06 00:00:00,North,Store,Home,Mixer,3,10976.99,6870.61,2.6,N,Pending,Delivered,2,19921.19,32930.97,856.20522,32074.76478,12153.57478,6870.61,5282.96478,43.46840231,Low Discount,2026-01-01 00:00:00
OL001611,O100945,C1349,2026-01-06 00:00:00,North,Store,Electronics,Smartwatch,5,6775.35,4634.76,2.2,N,Failed,Delivered,0,0,33876.75,745.2885,33131.4615,33131.4615,23173.8,9957.6615,30.05500225,Low Discount,2026-01-01 00:00:00
OL001612,O100945,C1349,2026-01-06 00:00:00,North,Store,Electronics,Keyboard,5,13620,11107.32,0,N,Paid,Delivered,0,0,68100,0,68100,68100,55536.6,12563.4,18.44845815,Low Discount,2026-01-01 00:00:00
OL001613,O100946,C1300,2026-05-19 00:00:00,North,Store,Personal Care,Shampoo,3,7883.43,4596,19.8,N,Paid,Delivered,1,7009.35,23650.29,4682.75742,18967.53258,11958.18258,9192,2766.18258,23.13213201,Medium Discount,2026-05-01 00:00:00
OL001614,O100947,,2026-03-10 00:00:00,North,Online,Home,Bedsheet,4,767.73,526.23,25.3,Y,Failed,Delivered,1,738.1,3070.92,776.94276,2293.97724,1555.87724,1578.69,-22.81276,-1.466231359,High Discount,2026-03-01 00:00:00
OL001615,O100948,C1314,2026-01-12 00:00:00,South,Marketplace,Home,Storage Box,5,12568.3,8167.82,3.3,N,Paid,Delivered,4,45774.5,62841.5,2073.7695,60767.7305,14993.2305,8167.82,6825.4105,45.52328132,Low Discount,2026-01-01 00:00:00
OL001616,O100948,C1314,2026-01-12 00:00:00,South,Marketplace,Personal Care,Shampoo,2,9395.62,5538.93,23,Y,Pending,Cancelled,0,0,18791.24,4321.9852,14469.2548,14469.2548,11077.86,3391.3948,23.43862795,Medium Discount,2026-01-01 00:00:00
OL001617,O100949,C1420,2026-02-13 00:00:00,West,Online,Fashion,Jacket,4,10738.44,6413.47,25.9,Y,Paid,Delivered,0,0,42953.76,11125.02384,31828.73616,31828.73616,25653.88,6174.85616,19.40025557,High Discount,2026-02-01 00:00:00
OL001618,O100949,C1420,2026-02-13 00:00:00,West,Online,Personal Care,Face Wash,4,5113.12,2767.15,22.2,Y,Failed,Delivered,0,0,20452.48,4540.45056,15912.02944,15912.02944,11068.6,4843.42944,30.43879135,Medium Discount,2026-02-01 00:00:00
OL001619,O100950,C1448,2026-02-18 00:00:00,South,Marketplace,Personal Care,Perfume,1,14284.54,7482.99,24,Y,Paid,Cancelled,0,0,14284.54,3428.2896,10856.2504,10856.2504,7482.99,3373.2604,31.07205781,Medium Discount,2026-02-01 00:00:00
OL001620,O100951,C1128,2026-01-04 00:00:00,West,Store,Personal Care,Face Wash,1,9946.27,5893.33,0.3,N,Failed,Delivered,0,0,9946.27,29.83881,9916.43119,9916.43119,5893.33,4023.10119,40.57005099,Low Discount,2026-01-01 00:00:00
OL001622,O100953,C1337,2026-02-18 00:00:00,North,Marketplace,Home,Storage Box,5,721.86,463.02,25.5,Y,Paid,Delivered,0,0,3609.3,920.3715,2688.9285,2688.9285,2315.1,373.8285,13.90250801,High Discount,2026-02-01 00:00:00
OL001623,O100953,C1337,2026-02-18 00:00:00,North,Marketplace,Electronics,Earbuds,5,14612.25,11497.99,32.9,Y,Paid,Delivered,0,0,73061.25,24037.15125,49024.09875,49024.09875,57489.95,-8465.85125,-17.26875448,High Discount,2026-02-01 00:00:00
OL001624,O100954,C1462,2026-01-19 00:00:00,West,Online,Fashion,Jeans,2,4625.98,2885.3,15.5,N,Pending,Delivered,2,8992.26,9251.96,1434.0538,7817.9062,-1174.3538,0,-1174.3538,100,Medium Discount,2026-01-01 00:00:00
OL001625,O100955,C1261,2026-01-17 00:00:00,South,Online,Electronics,Keyboard,3,14536.62,10376.82,0,N,Pending,Delivered,0,0,43609.86,0,43609.86,43609.86,31130.46,12479.4,28.61600565,Low Discount,2026-01-01 00:00:00
OL001626,O100956,C1418,2026-05-23 00:00:00,North,Store,Personal Care,Trimmer,2,13867.95,7782.89,2,N,Failed,Delivered,0,0,27735.9,554.718,27181.182,27181.182,15565.78,11615.402,42.73324832,Low Discount,2026-05-01 00:00:00
OL001627,O100957,C1261,2026-05-12 00:00:00,East,Marketplace,Personal Care,Face Wash,2,14570.04,9215.8,16.1,N,Pending,Delivered,0,0,29140.08,4691.55288,24448.52712,24448.52712,18431.6,6016.92712,24.61059143,Medium Discount,2026-05-01 00:00:00
OL001628,O100957,C1261,2026-05-12 00:00:00,East,Marketplace,Fashion,Jacket,2,4730.24,3007.44,6,N,Paid,Delivered,2,8954.85,9460.48,567.6288,8892.8512,-61.9988,0,-61.9988,100,Low Discount,2026-05-01 00:00:00
OL001629,O100957,C1261,2026-05-12 00:00:00,East,Marketplace,Personal Care,Perfume,4,7260.51,4699.89,31.9,Y,Paid,Delivered,0,0,29042.04,9264.41076,19777.62924,19777.62924,18799.56,978.06924,4.945331051,High Discount,2026-05-01 00:00:00
OL001630,O100958,C1211,2026-06-01 00:00:00,East,Marketplace,Personal Care,Face Wash,2,13940.86,8839.17,38.7,Y,Paid,Delivered,0,0,27881.72,10790.22564,17091.49436,17091.49436,17678.34,-586.84564,-3.433553718,High Discount,2026-06-01 00:00:00
OL001631,O100959,C1090,2026-01-07 00:00:00,West,Marketplace,Home,Storage Box,5,9532.37,6719.12,5.3,N,Paid,Delivered,0,0,47661.85,2526.07805,45135.77195,45135.77195,33595.6,11540.17195,25.5676849,Low Discount,2026-01-01 00:00:00
OL001633,O100961,C1201,2026-06-11 00:00:00,West,Store,Home,Lamp,1,7089.03,5016.11,6.6,N,Paid,Delivered,0,0,7089.03,467.87598,6621.15402,6621.15402,5016.11,1605.04402,24.24115215,Low Discount,2026-06-01 00:00:00
OL001634,O100962,C1144,2026-04-13 00:00:00,South,Marketplace,Fashion,T-Shirt,3,3255.79,2056.91,9,N,Paid,Delivered,0,0,9767.37,879.0633,8888.3067,8888.3067,6170.73,2717.5767,30.57474041,Low Discount,2026-04-01 00:00:00
OL001635,O100962,C1144,2026-04-13 00:00:00,South,Marketplace,Fashion,Shoes,3,5985.72,3419.52,14.1,N,Paid,Delivered,0,0,17957.16,2531.95956,15425.20044,15425.20044,10258.56,5166.64044,33.49480261,Medium Discount,2026-04-01 00:00:00
OL001636,O100963,C1364,2026-04-13 00:00:00,South,Online,Home,Storage Box,4,7156.31,5028.96,5.8,N,Pending,Delivered,0,0,28625.24,1660.26392,26964.97608,26964.97608,20115.84,6849.13608,25.40011925,Low Discount,2026-04-01 00:00:00
OL001637,O100964,C1187,2026-01-13 00:00:00,South,Marketplace,Electronics,Earbuds,5,836.43,627.91,19.5,N,Paid,Delivered,0,0,4182.15,815.51925,3366.63075,3366.63075,3139.55,227.08075,6.745044731,Medium Discount,2026-01-01 00:00:00
OL001638,O100965,C1463,2026-03-10 00:00:00,West,Marketplace,Electronics,Earbuds,4,5371.59,4189.82,31.2,Y,Paid,Cancelled,0,0,21486.36,6703.74432,14782.61568,14782.61568,16759.28,-1976.66432,-13.37154644,High Discount,2026-03-01 00:00:00
OL001639,O100965,C1463,2026-03-10 00:00:00,West,Marketplace,Fashion,Jacket,5,7862.37,4609.29,19.6,N,Failed,Delivered,1,7672.12,39311.85,7705.1226,31606.7274,23934.6074,18437.16,5497.4474,22.96861322,Medium Discount,2026-03-01 00:00:00
OL001640,O100966,C1007,2026-05-29 00:00:00,South,Marketplace,Home,Bedsheet,4,6482.13,4392.07,15.3,N,Pending,Delivered,0,0,25928.52,3967.06356,21961.45644,21961.45644,17568.28,4393.17644,20.00403048,Medium Discount,2026-05-01 00:00:00
OL001642,O100968,C1193,2026-03-02 00:00:00,East,Marketplace,Home,Mixer,5,13839.99,9295.16,27.2,Y,Pending,Delivered,0,0,69199.95,18822.3864,50377.5636,50377.5636,46475.8,3901.7636,7.745042279,High Discount,2026-03-01 00:00:00
OL001643,O100968,C1193,2026-03-02 00:00:00,East,Marketplace,Electronics,Smartwatch,1,7340.56,5150.47,29,Y,Failed,Delivered,1,6983.52,7340.56,2128.7624,5211.7976,-1771.7224,0,-1771.7224,100,High Discount,2026-03-01 00:00:00
OL001644,O100968,C1193,2026-03-02 00:00:00,East,Marketplace,Home,Bedsheet,1,323.33,192.22,12.7,N,Paid,Delivered,1,321.17,323.33,41.06291,282.26709,-38.90291,0,-38.90291,100,Medium Discount,2026-03-01 00:00:00
OL001645,O100969,C1286,2026-06-14 00:00:00,East,Marketplace,Fashion,T-Shirt,2,7263.64,4102.48,22.5,Y,Pending,Delivered,0,0,14527.28,3268.638,11258.642,11258.642,8204.96,3053.682,27.12300471,Medium Discount,2026-06-01 00:00:00
OL001646,O100970,C1243,2026-04-25 00:00:00,South,Store,Personal Care,Shampoo,1,5142.14,2621.99,13,N,Paid,Delivered,0,0,5142.14,668.4782,4473.6618,4473.6618,2621.99,1851.6718,41.39051817,Medium Discount,2026-04-01 00:00:00
OL001647,O100971,C1427,2026-01-01 00:00:00,East,Store,Home,Bedsheet,3,2759.8,1582.25,17.4,N,Paid,Delivered,0,0,8279.4,1440.6156,6838.7844,6838.7844,4746.75,2092.0344,30.59073481,Medium Discount,2026-01-01 00:00:00
OL001648,O100971,,2026-01-01 00:00:00,East,Store,Personal Care,Trimmer,5,12970.92,8408.8,0,N,Failed,Delivered,0,0,64854.6,0,64854.6,64854.6,42044,22810.6,35.17190762,Low Discount,2026-01-01 00:00:00
OL001649,O100972,C1068,2026-02-06 00:00:00,South,Online,Home,Mixer,2,3466.52,1941.69,28,Y,Pending,Delivered,0,0,6933.04,1941.2512,4991.7888,4991.7888,3883.38,1108.4088,22.20464135,High Discount,2026-02-01 00:00:00
OL001650,O100972,C1068,2026-02-06 00:00:00,South,Online,Fashion,Shoes,1,5038.23,2441.91,15.5,N,Pending,Delivered,0,0,5038.23,780.92565,4257.30435,4257.30435,2441.91,1815.39435,42.64187384,Medium Discount,2026-02-01 00:00:00
OL001653,O100974,C1287,2026-05-17 00:00:00,North,Marketplace,Electronics,Power Bank,3,4631.84,3305.97,18.1,N,Paid,Delivered,0,0,13895.52,2515.08912,11380.43088,11380.43088,9917.91,1462.52088,12.85119075,Medium Discount,2026-05-01 00:00:00
OL001654,O100974,C1287,2026-05-17 00:00:00,North,Marketplace,Personal Care,Trimmer,5,14174.45,8959.86,26.9,Y,Paid,Cancelled,0,0,70872.25,19064.63525,51807.61475,51807.61475,44799.3,7008.31475,13.52757656,High Discount,2026-05-01 00:00:00
OL001655,O100974,C1287,2026-05-17 00:00:00,North,Marketplace,Personal Care,Shampoo,4,2830.27,1503.69,9.7,N,Failed,Delivered,0,0,11321.08,1098.14476,10222.93524,10222.93524,6014.76,4208.17524,41.16406043,Low Discount,2026-05-01 00:00:00
OL001656,O100975,C1282,2026-01-23 00:00:00,South,Marketplace,Personal Care,Face Wash,3,6873.65,4591.86,24.2,Y,Failed,Delivered,0,0,20620.95,4990.2699,15630.6801,15630.6801,13775.58,1855.1001,11.86832619,Medium Discount,2026-01-01 00:00:00
OL001657,O100975,C1282,2026-01-23 00:00:00,South,Marketplace,Personal Care,Face Wash,3,6921.82,4467.19,29.2,Y,Paid,Delivered,0,0,20765.46,6063.51432,14701.94568,14701.94568,13401.57,1300.37568,8.844922355,High Discount,2026-01-01 00:00:00
OL001658,O100976,C1499,2026-04-19 00:00:00,West,Marketplace,Home,Storage Box,2,12668.42,8414.21,22.5,Y,Paid,Delivered,0,0,25336.84,5700.789,19636.051,19636.051,16828.42,2807.631,14.29834848,Medium Discount,2026-04-01 00:00:00
OL001659,O100977,C1104,2026-02-15 00:00:00,North,Store,Personal Care,Trimmer,5,14191.2,7768.32,15.3,N,Paid,Cancelled,2,27019.14,70956,10856.268,60099.732,33080.592,23304.96,9775.632,29.55095846,Medium Discount,2026-02-01 00:00:00
OL001660,O100978,C1210,2026-04-16 00:00:00,East,Online,Fashion,Jeans,1,10349.7,5049.01,18.1,N,Paid,Delivered,0,0,10349.7,1873.2957,8476.4043,8476.4043,5049.01,3427.3943,40.43453071,Medium Discount,2026-04-01 00:00:00
OL001661,O100978,C1210,2026-04-16 00:00:00,East,Online,Fashion,T-Shirt,4,13841.71,8375.38,14.9,N,Paid,Delivered,4,48002.01,55366.84,8249.65916,47117.18084,-884.82916,0,-884.82916,100,Medium Discount,2026-04-01 00:00:00
OL001662,O100979,C1423,2026-02-05 00:00:00,East,Store,Fashion,Jeans,2,1476.49,712.63,0,N,Pending,Delivered,2,2668.42,2952.98,0,2952.98,284.56,0,284.56,100,Low Discount,2026-02-01 00:00:00
OL001663,O100979,C1423,2026-02-05 00:00:00,East,Store,Home,Lamp,5,3119.61,1985.88,8.1,N,Paid,Delivered,0,0,15598.05,1263.44205,14334.60795,14334.60795,9929.4,4405.20795,30.73127612,Low Discount,2026-02-01 00:00:00
OL001664,O100980,C1402,2026-03-02 00:00:00,West,Marketplace,Personal Care,Shampoo,5,12726.95,7072.75,9.8,N,Paid,Cancelled,0,0,63634.75,6236.2055,57398.5445,57398.5445,35363.75,22034.7945,38.38911717,Low Discount,2026-03-01 00:00:00
OL001665,O100981,C1483,2026-03-23 00:00:00,North,Marketplace,Personal Care,Face Wash,2,352.61,190.15,32.4,Y,Failed,Delivered,0,0,705.22,228.49128,476.72872,476.72872,380.3,96.42872,20.22716819,High Discount,2026-03-01 00:00:00
OL001666,O100981,,2026-03-23 00:00:00,North,Marketplace,Home,Lamp,1,661.35,407.09,24.6,Y,Failed,Delivered,0,0,661.35,162.6921,498.6579,498.6579,407.09,91.5679,18.36286961,Medium Discount,2026-03-01 00:00:00
OL001667,O100982,C1209,2026-01-06 00:00:00,North,Store,Home,Mixer,3,12753.31,7576.59,17.9,N,Failed,Cancelled,0,0,38259.93,6848.52747,31411.40253,31411.40253,22729.77,8681.63253,27.63847466,Medium Discount,2026-01-01 00:00:00
OL001668,O100982,C1209,2026-01-06 00:00:00,North,Store,Fashion,Jeans,2,7148.39,4003.72,10.9,N,Failed,Delivered,0,0,14296.78,1558.34902,12738.43098,12738.43098,8007.44,4730.99098,37.13951104,Medium Discount,2026-01-01 00:00:00
OL001669,O100983,C1281,2026-01-17 00:00:00,North,Online,Home,Storage Box,1,10872.76,7100.53,9.1,N,Failed,Cancelled,0,0,10872.76,989.42116,9883.33884,9883.33884,7100.53,2782.80884,28.15656617,Low Discount,2026-01-01 00:00:00
OL001670,O100984,C1412,2026-01-03 00:00:00,South,Store,Fashion,T-Shirt,4,12046,5888.12,14.1,N,Pending,Delivered,0,0,48184,6793.944,41390.056,41390.056,23552.48,17837.576,43.0962838,Medium Discount,2026-01-01 00:00:00
OL001671,O100985,C1235,2026-03-03 00:00:00,North,Store,Personal Care,Shampoo,3,14414.7,8062.6,0,N,Paid,Delivered,0,0,43244.1,0,43244.1,43244.1,24187.8,19056.3,44.06682068,Low Discount,2026-03-01 00:00:00
OL001672,O100985,C1235,2026-03-03 00:00:00,North,Store,Electronics,Keyboard,3,13374.28,10880.06,15.2,N,Paid,Delivered,3,34176.94,40122.84,6098.67168,34024.16832,-152.77168,0,-152.77168,100,Medium Discount,2026-03-01 00:00:00
OL001673,O100986,C1293,2026-02-23 00:00:00,East,Online,Personal Care,Perfume,4,8034.3,4733.12,21.4,Y,Paid,Delivered,0,0,32137.2,6877.3608,25259.8392,25259.8392,18932.48,6327.3592,25.04908741,Medium Discount,2026-02-01 00:00:00
OL001674,O100986,C1293,2026-02-23 00:00:00,East,Online,Personal Care,Shampoo,5,2722.44,1828.02,14.6,N,Pending,Delivered,0,0,13612.2,1987.3812,11624.8188,11624.8188,9140.1,2484.7188,21.37425832,Medium Discount,2026-02-01 00:00:00
OL001675,O100987,,2026-03-07 00:00:00,West,Online,Electronics,Keyboard,5,7652.92,5259.51,1.8,N,Failed,Delivered,5,33788.17,38264.6,688.7628,37575.8372,3787.6672,0,3787.6672,100,Low Discount,2026-03-01 00:00:00
OL001676,O100987,C1507,2026-03-07 00:00:00,West,Online,Personal Care,Trimmer,2,8113.23,5244.26,17.4,N,Pending,Delivered,0,0,16226.46,2823.40404,13403.05596,13403.05596,10488.52,2914.53596,21.74530919,Medium Discount,2026-03-01 00:00:00
OL001677,O100988,C1221,2026-06-11 00:00:00,North,Marketplace,Fashion,Shoes,4,568.71,323.16,21.9,Y,Pending,Delivered,0,0,2274.84,498.18996,1776.65004,1776.65004,1292.64,484.01004,27.24284632,Medium Discount,2026-06-01 00:00:00
OL001678,O100988,C1221,2026-06-11 00:00:00,North,Marketplace,Electronics,Earbuds,5,4560.81,3210.53,20,Y,Failed,Delivered,0,0,22804.05,4560.81,18243.24,18243.24,16052.65,2190.59,12.00768065,Medium Discount,2026-06-01 00:00:00
OL001679,O100989,C1075,2026-01-31 00:00:00,East,Online,Electronics,Smartwatch,3,1427.82,975.96,2.1,N,Paid,Delivered,0,0,4283.46,89.95266,4193.50734,4193.50734,2927.88,1265.62734,30.18063967,Low Discount,2026-01-01 00:00:00
OL001680,O100990,C1058,2026-01-19 00:00:00,South,Online,Personal Care,Perfume,5,14946.46,9403.56,22.2,Y,Paid,Cancelled,0,0,74732.3,16590.5706,58141.7294,58141.7294,47017.8,11123.9294,19.1324364,Medium Discount,2026-01-01 00:00:00
OL001682,O100990,,2026-01-19 00:00:00,South,Online,Fashion,Jeans,3,10285.08,6646.34,22.6,Y,Paid,Delivered,0,0,30855.24,6973.28424,23881.95576,23881.95576,19939.02,3942.93576,16.51010411,Medium Discount,2026-01-01 00:00:00
OL001683,O100991,C1108,2026-05-23 00:00:00,North,Marketplace,Electronics,Keyboard,1,4944.67,3960.77,12,N,Paid,Delivered,0,0,4944.67,593.3604,4351.3096,4351.3096,3960.77,390.5396,8.975219782,Medium Discount,2026-05-01 00:00:00
OL001684,O100991,C1108,2026-05-23 00:00:00,North,Marketplace,Personal Care,Trimmer,4,516,280.81,21.6,Y,Paid,Delivered,3,1450,2064,445.824,1618.176,168.176,280.81,-112.634,-66.9738845,Medium Discount,2026-05-01 00:00:00
OL001685,O100992,C1438,2026-04-30 00:00:00,South,Online,Fashion,T-Shirt,5,1532.99,719.57,17.1,N,Failed,Delivered,0,0,7664.95,1310.70645,6354.24355,6354.24355,3597.85,2756.39355,43.37878346,Medium Discount,2026-04-01 00:00:00
OL001686,O100993,C1220,2026-05-08 00:00:00,East,Online,Fashion,Shoes,5,4909.42,2377.52,14.6,N,Paid,Delivered,0,0,24547.1,3583.8766,20963.2234,20963.2234,11887.6,9075.6234,43.293072,Medium Discount,2026-05-01 00:00:00
OL001687,O100994,C1321,2026-01-25 00:00:00,East,Marketplace,Personal Care,Face Wash,4,11793.04,7086.31,15.8,N,Pending,Cancelled,1,10062.33,47172.16,7453.20128,39718.95872,29656.62872,21258.93,8397.69872,28.3164307,Medium Discount,2026-01-01 00:00:00
OL001688,O100994,,2026-01-25 00:00:00,East,Marketplace,Home,Mixer,4,9578.33,5585.67,34.2,Y,Paid,Cancelled,0,0,38313.32,13103.15544,25210.16456,25210.16456,22342.68,2867.48456,11.37431909,High Discount,2026-01-01 00:00:00
OL001689,O100994,C1321,2026-01-25 00:00:00,East,Marketplace,Electronics,Keyboard,5,14652.56,10425.88,40.9,Y,Failed,Delivered,0,0,73262.8,29964.4852,43298.3148,43298.3148,52129.4,-8831.0852,-20.39590973,High Discount,2026-01-01 00:00:00
OL001690,O100995,C1437,2026-02-24 00:00:00,East,Online,Personal Care,Trimmer,3,4572.72,2942.81,9.9,N,Paid,Delivered,0,0,13718.16,1358.09784,12360.06216,12360.06216,8828.43,3531.63216,28.57293203,Low Discount,2026-02-01 00:00:00
OL001691,O100995,C1437,2026-02-24 00:00:00,East,Online,Electronics,Power Bank,1,4591.83,3762.37,2.2,N,Paid,Delivered,0,0,4591.83,101.02026,4490.80974,4490.80974,3762.37,728.43974,16.22067694,Low Discount,2026-02-01 00:00:00
OL001692,O100995,C1437,2026-02-24 00:00:00,East,Online,Home,Bedsheet,2,5407.94,3392.12,6.1,N,Paid,Delivered,0,0,10815.88,659.76868,10156.11132,10156.11132,6784.24,3371.87132,33.20041711,Low Discount,2026-02-01 00:00:00
OL001693,O100996,C1504,2026-02-05 00:00:00,North,Store,Fashion,Jeans,3,6694.45,3908.81,12,N,Paid,Delivered,0,0,20083.35,2410.002,17673.348,17673.348,11726.43,5946.918,33.6490743,Medium Discount,2026-02-01 00:00:00
OL001694,O100997,C1288,2026-06-29 00:00:00,East,Store,Home,Storage Box,5,9472.37,5582.27,5.4,N,Paid,Cancelled,0,0,47361.85,2557.5399,44804.3101,44804.3101,27911.35,16892.9601,37.70387282,Low Discount,2026-06-01 00:00:00
OL001695,O100998,C1037,2026-04-07 00:00:00,East,Online,Personal Care,Shampoo,2,5612.47,3341.44,24.8,Y,Paid,Delivered,0,0,11224.94,2783.78512,8441.15488,8441.15488,6682.88,1758.27488,20.82979053,Medium Discount,2026-04-01 00:00:00
OL001696,O100998,C1037,2026-04-07 00:00:00,East,Online,Personal Care,Trimmer,4,6662.55,4156.91,17.2,N,Failed,Cancelled,0,0,26650.2,4583.8344,22066.3656,22066.3656,16627.64,5438.7256,24.64712902,Medium Discount,2026-04-01 00:00:00
OL001697,O100999,C1114,2026-03-21 00:00:00,North,Marketplace,Fashion,Jacket,1,1949.36,976.81,34,Y,Paid,Delivered,0,0,1949.36,662.7824,1286.5776,1286.5776,976.81,309.7676,24.07686874,High Discount,2026-03-01 00:00:00
OL001698,O100999,C1114,2026-03-21 00:00:00,North,Marketplace,Personal Care,Shampoo,1,8929.24,5239.86,12.5,N,Paid,Delivered,1,8825.23,8929.24,1116.155,7813.085,-1012.145,0,-1012.145,100,Medium Discount,2026-03-01 00:00:00
OL001699,O100999,C1114,2026-03-21 00:00:00,North,Marketplace,Home,Mixer,3,1726.27,1091.37,19.2,N,Failed,Delivered,0,0,5178.81,994.33152,4184.47848,4184.47848,3274.11,910.36848,21.75584089,Medium Discount,2026-03-01 00:00:00
OL001700,O101000,C1199,2026-05-26 00:00:00,West,Store,Personal Care,Face Wash,1,3360.62,1924.7,2.3,N,Failed,Delivered,0,0,3360.62,77.29426,3283.32574,3283.32574,1924.7,1358.62574,41.37955986,Low Discount,2026-05-01 00:00:00
OL001701,O101000,C1199,2026-05-26 00:00:00,West,Store,Electronics,Power Bank,2,5098.3,3748.27,15.2,N,Pending,Delivered,0,0,10196.6,1549.8832,8646.7168,8646.7168,7496.54,1150.1768,13.30189049,Medium Discount,2026-05-01 00:00:00
OL001702,O101000,C1199,2026-05-26 00:00:00,West,Store,Electronics,Keyboard,3,7573.02,5585.94,27.4,Y,Paid,Delivered,0,0,22719.06,6225.02244,16494.03756,16494.03756,16757.82,-263.78244,-1.599259363,High Discount,2026-05-01 00:00:00
OL001703,O101001,C1136,2026-06-06 00:00:00,East,Online,Fashion,Shoes,5,7546.36,3863.51,21.8,Y,Paid,Delivered,0,0,37731.8,8225.5324,29506.2676,29506.2676,19317.55,10188.7176,34.53068934,Medium Discount,2026-06-01 00:00:00
OL001704,O101002,C1472,2026-02-24 00:00:00,South,Store,Personal Care,Shampoo,4,4279.2,2791.86,6.1,N,Pending,Delivered,0,0,17116.8,1044.1248,16072.6752,16072.6752,11167.44,4905.2352,30.51909616,Low Discount,2026-02-01 00:00:00
OL001705,O101002,C1472,2026-02-24 00:00:00,South,Store,Home,Storage Box,5,457.5,254.92,14.5,N,Paid,Delivered,5,2166.18,2287.5,331.6875,1955.8125,-210.3675,0,-210.3675,100,Medium Discount,2026-02-01 00:00:00
OL001707,O101003,C1107,2026-03-13 00:00:00,South,Marketplace,Personal Care,Trimmer,1,14263.83,7302.63,33,Y,Paid,Delivered,0,0,14263.83,4707.0639,9556.7661,9556.7661,7302.63,2254.1361,23.5868083,High Discount,2026-03-01 00:00:00
OL001708,O101004,C1027,2026-05-28 00:00:00,West,Store,Electronics,Keyboard,2,11900.07,9029.65,16.7,N,Paid,Delivered,0,0,23800.14,3974.62338,19825.51662,19825.51662,18059.3,1766.21662,8.908805021,Medium Discount,2026-05-01 00:00:00
OL001709,O101004,C1027,2026-05-28 00:00:00,West,Store,Home,Bedsheet,3,11883.91,7967.63,4.7,N,Paid,Delivered,0,0,35651.73,1675.63131,33976.09869,33976.09869,23902.89,10073.20869,29.64792627,Low Discount,2026-05-01 00:00:00
OL001710,O101005,C1491,2026-06-18 00:00:00,East,Marketplace,Electronics,Power Bank,5,14338.83,10152.35,19.6,N,Paid,Delivered,5,100805.36,71694.15,14052.0534,57642.0966,-43163.2634,0,-43163.2634,100,Medium Discount,2026-06-01 00:00:00
OL001711,O101005,C1491,2026-06-18 00:00:00,East,Marketplace,Electronics,Smartwatch,2,5401.15,4231.89,19.3,N,Paid,Delivered,0,0,10802.3,2084.8439,8717.4561,8717.4561,8463.78,253.6761,2.90997852,Medium Discount,2026-06-01 00:00:00
OL001712,O101006,C1020,2026-01-24 00:00:00,South,Store,Fashion,Shoes,1,4074.53,2271.23,3.1,N,Pending,Delivered,0,0,4074.53,126.31043,3948.21957,3948.21957,2271.23,1676.98957,42.47457722,Low Discount,2026-01-01 00:00:00
OL001713,O101006,C1020,2026-01-24 00:00:00,South,Store,Fashion,Jacket,5,12230.39,6130.96,16.2,N,Pending,Cancelled,0,0,61151.95,9906.6159,51245.3341,51245.3341,30654.8,20590.5341,40.18031,Medium Discount,2026-01-01 00:00:00
OL001714,O101007,C1174,2026-01-03 00:00:00,East,Store,Electronics,Keyboard,5,1015.46,827.04,20.9,Y,Paid,Delivered,0,0,5077.3,1061.1557,4016.1443,4016.1443,4135.2,-119.0557,-2.964427847,Medium Discount,2026-01-01 00:00:00
OL001715,O101007,C1174,2026-01-03 00:00:00,East,Store,Fashion,Shoes,1,5815.35,2865.68,9.8,N,Paid,Cancelled,0,0,5815.35,569.9043,5245.4457,5245.4457,2865.68,2379.7657,45.36822676,Low Discount,2026-01-01 00:00:00
OL001716,O101008,C1282,2026-05-11 00:00:00,East,Store,Fashion,Jacket,1,7477.81,4579.73,16.6,N,Paid,Delivered,1,6700.6,7477.81,1241.31646,6236.49354,-464.10646,0,-464.10646,100,Medium Discount,2026-05-01 00:00:00
OL001717,O101009,C1329,2026-06-29 00:00:00,East,Store,Electronics,Power Bank,1,3834.74,2927.54,20.3,Y,Paid,Cancelled,0,0,3834.74,778.45222,3056.28778,3056.28778,2927.54,128.74778,4.212554225,Medium Discount,2026-06-01 00:00:00
OL001718,O101009,C1329,2026-06-29 00:00:00,East,Store,Electronics,Earbuds,5,5184.66,4146.47,14.8,N,Paid,Delivered,0,0,25923.3,3836.6484,22086.6516,22086.6516,20732.35,1354.3016,6.131765125,Medium Discount,2026-06-01 00:00:00
OL001719,O101009,C1329,2026-06-29 00:00:00,East,Store,Home,Mixer,1,5236.63,3728.03,3.5,N,Paid,Delivered,0,0,5236.63,183.28205,5053.34795,5053.34795,3728.03,1325.31795,26.22653265,Low Discount,2026-06-01 00:00:00
OL001720,O101010,C1354,2026-03-15 00:00:00,South,Marketplace,Fashion,Jeans,1,5723.82,2947.77,39,Y,Failed,Delivered,0,0,5723.82,2232.2898,3491.5302,3491.5302,2947.77,543.7602,15.57369316,High Discount,2026-03-01 00:00:00
OL001721,O101010,C1354,2026-03-15 00:00:00,South,Marketplace,Electronics,Keyboard,5,13940.27,9687.65,8.7,N,Paid,Cancelled,4,54584.61,69701.35,6064.01745,63637.33255,9052.72255,9687.65,-634.92745,-7.013662978,Low Discount,2026-03-01 00:00:00
OL001722,O101011,C1367,2026-05-16 00:00:00,North,Store,Electronics,Keyboard,4,8742.28,6310.02,14.1,N,Paid,Cancelled,0,0,34969.12,4930.64592,30038.47408,30038.47408,25240.08,4798.39408,15.97416056,Medium Discount,2026-05-01 00:00:00
OL001723,O101011,C1367,2026-05-16 00:00:00,North,Store,Home,Bedsheet,1,2679.36,1913.68,8.5,N,Paid,Cancelled,1,2667.13,2679.36,227.7456,2451.6144,-215.5156,0,-215.5156,100,Low Discount,2026-05-01 00:00:00
OL001724,O101011,C1367,2026-05-16 00:00:00,North,Store,Personal Care,Trimmer,1,7959.42,4549.57,0,N,Paid,Delivered,0,0,7959.42,0,7959.42,7959.42,4549.57,3409.85,42.8404331,Low Discount,2026-05-01 00:00:00
OL001725,O101012,C1035,2026-01-03 00:00:00,South,Store,Personal Care,Shampoo,3,5036.17,2839.49,0,N,Paid,Delivered,0,0,15108.51,0,15108.51,15108.51,8518.47,6590.04,43.6180669,Low Discount,2026-01-01 00:00:00
OL001726,O101012,C1035,2026-01-03 00:00:00,South,Store,Electronics,Power Bank,3,13963.78,10790.29,11.7,N,Failed,Cancelled,0,0,41891.34,4901.28678,36990.05322,36990.05322,32370.87,4619.18322,12.48763605,Medium Discount,2026-01-01 00:00:00
OL001727,O101013,C1077,2026-06-08 00:00:00,East,Marketplace,Fashion,T-Shirt,1,5451.06,3202.78,5,N,Pending,Delivered,0,0,5451.06,272.553,5178.507,5178.507,3202.78,1975.727,38.15244432,Low Discount,2026-06-01 00:00:00
OL001728,O101013,C1077,2026-06-08 00:00:00,East,Marketplace,Home,Bedsheet,5,3850,2546.36,12,N,Paid,Delivered,2,7317.65,19250,2310,16940,9622.35,7639.08,1983.27,20.61107734,Medium Discount,2026-06-01 00:00:00
OL001729,O101014,C1409,2026-04-08 00:00:00,South,Marketplace,Home,Lamp,1,3994.58,2661.54,9.9,N,Paid,Cancelled,0,0,3994.58,395.46342,3599.11658,3599.11658,2661.54,937.57658,26.05018646,Low Discount,2026-04-01 00:00:00
OL001730,O101015,C1392,2026-05-18 00:00:00,South,Online,Fashion,Jacket,4,3028.98,1910.93,21.3,Y,Pending,Delivered,0,0,12115.92,2580.69096,9535.22904,9535.22904,7643.72,1891.50904,19.83705931,Medium Discount,2026-05-01 00:00:00
OL001731,O101016,C1002,2026-01-04 00:00:00,North,Online,Electronics,Keyboard,5,10334.58,8302.99,17.7,N,Paid,Delivered,4,35660.18,51672.9,9146.1033,42526.7967,6866.6167,8302.99,-1436.3733,-20.91820998,Medium Discount,2026-01-01 00:00:00
OL001732,O101017,C1392,2026-02-22 00:00:00,South,Online,Fashion,T-Shirt,3,388.97,178.54,15.7,N,Pending,Cancelled,1,341.82,1166.91,183.20487,983.70513,641.88513,357.08,284.80513,44.37010871,Medium Discount,2026-02-01 00:00:00
OL001733,O101017,C1392,2026-02-22 00:00:00,South,Online,Electronics,Smartwatch,4,413.59,304.01,13.6,N,Paid,Cancelled,0,0,1654.36,224.99296,1429.36704,1429.36704,1216.04,213.32704,14.92458088,Medium Discount,2026-02-01 00:00:00
OL001734,O101018,C1191,2026-04-09 00:00:00,South,Store,Fashion,Jacket,1,5529.28,3508.69,0,N,Pending,Delivered,0,0,5529.28,0,5529.28,5529.28,3508.69,2020.59,36.54345593,Low Discount,2026-04-01 00:00:00
OL001735,O101019,C1072,2026-06-05 00:00:00,East,Store,Personal Care,Face Wash,4,14231.34,7603.36,4.3,N,Paid,Delivered,0,0,56925.36,2447.79048,54477.56952,54477.56952,30413.44,24064.12952,44.17254612,Low Discount,2026-06-01 00:00:00
OL001736,O101020,C1420,2026-01-09 00:00:00,South,Marketplace,Personal Care,Face Wash,5,3382.19,2118.43,19.1,N,Failed,Delivered,4,12529.79,16910.95,3229.99145,13680.95855,1151.16855,2118.43,-967.26145,-84.02431164,Medium Discount,2026-01-01 00:00:00
OL001737,O101020,C1420,2026-01-09 00:00:00,South,Marketplace,Electronics,Earbuds,3,13693.98,10727.13,34.6,Y,Paid,Delivered,0,0,41081.94,14214.35124,26867.58876,26867.58876,32181.39,-5313.80124,-19.77773773,High Discount,2026-01-01 00:00:00
OL001738,O101020,C1420,2026-01-09 00:00:00,South,Marketplace,Personal Care,Face Wash,5,14245.42,7485.48,14.7,N,Paid,Delivered,0,0,71227.1,10470.3837,60756.7163,60756.7163,37427.4,23329.3163,38.39792161,Medium Discount,2026-01-01 00:00:00
OL001739,O101021,C1451,2026-02-23 00:00:00,West,Marketplace,Personal Care,Trimmer,5,1600.38,1015.07,23.3,Y,Paid,Delivered,0,0,8001.9,1864.4427,6137.4573,6137.4573,5075.35,1062.1073,17.30533099,Medium Discount,2026-02-01 00:00:00
OL001740,O101022,C1347,2026-06-25 00:00:00,East,Online,Fashion,Jacket,1,3615.63,1749.12,10.4,N,Failed,Cancelled,0,0,3615.63,376.02552,3239.60448,3239.60448,1749.12,1490.48448,46.00822382,Medium Discount,2026-06-01 00:00:00
OL001741,O101023,C1209,2026-05-29 00:00:00,West,Online,Electronics,Smartwatch,5,11805.11,8919.57,19,N,Failed,Delivered,4,41261.78,59025.55,11214.8545,47810.6955,6548.9155,8919.57,-2370.6545,-36.19919206,Medium Discount,2026-05-01 00:00:00
OL001742,O101024,C1488,2026-04-23 00:00:00,South,Store,Fashion,Shoes,1,3882.89,2178.4,15.1,N,Failed,Delivered,0,0,3882.89,586.31639,3296.57361,3296.57361,2178.4,1118.17361,33.91926716,Medium Discount,2026-04-01 00:00:00
OL001743,O101024,C1488,2026-04-23 00:00:00,South,Store,Electronics,Earbuds,5,7125.51,5456.34,0.2,N,Failed,Delivered,0,0,35627.55,71.2551,35556.2949,35556.2949,27281.7,8274.5949,23.27181424,Low Discount,2026-04-01 00:00:00
OL001744,O101025,C1128,2026-02-23 00:00:00,West,Marketplace,Home,Bedsheet,5,7281.84,4797.85,29.3,Y,Pending,Delivered,4,24983.62,36409.2,10667.8956,25741.3044,757.6844,4797.85,-4040.1656,-533.2253904,High Discount,2026-02-01 00:00:00
OL001745,O101025,C1128,2026-02-23 00:00:00,West,Marketplace,Fashion,Shoes,1,11407.37,7145.87,13.2,N,Failed,Delivered,0,0,11407.37,1505.77284,9901.59716,9901.59716,7145.87,2755.72716,27.8311379,Medium Discount,2026-02-01 00:00:00
OL001746,O101025,C1128,2026-02-23 00:00:00,West,Marketplace,Fashion,T-Shirt,4,4562.11,2132.37,27.8,Y,Paid,Delivered,0,0,18248.44,5073.06632,13175.37368,13175.37368,8529.48,4645.89368,35.26195,High Discount,2026-02-01 00:00:00
OL001747,O101026,C1441,2026-04-26 00:00:00,West,Marketplace,Electronics,Power Bank,2,10101.69,7074.91,23.9,Y,Failed,Delivered,0,0,20203.38,4828.60782,15374.77218,15374.77218,14149.82,1224.95218,7.967286706,Medium Discount,2026-04-01 00:00:00
OL001748,O101027,C1511,2026-06-09 00:00:00,South,Marketplace,Personal Care,Face Wash,4,4652.8,2680.72,14.9,N,Paid,Delivered,0,0,18611.2,2773.0688,15838.1312,15838.1312,10722.88,5115.2512,32.29706293,Medium Discount,2026-06-01 00:00:00
OL001749,O101028,C1004,2026-05-01 00:00:00,West,Store,Personal Care,Face Wash,3,11644.14,6184.08,3.1,N,Failed,Delivered,0,0,34932.42,1082.90502,33849.51498,33849.51498,18552.24,15297.27498,45.19200641,Low Discount,2026-05-01 00:00:00
OL001750,O101028,C1004,2026-05-01 00:00:00,West,Store,Home,Mixer,3,14414.08,7987.69,9.7,N,Failed,Delivered,0,0,43242.24,4194.49728,39047.74272,39047.74272,23963.07,15084.67272,38.63135656,Low Discount,2026-05-01 00:00:00
OL001751,O101029,C1400,2026-05-01 00:00:00,West,Store,Home,Lamp,2,10017.4,6689.17,8.7,N,Paid,Delivered,0,0,20034.8,1743.0276,18291.7724,18291.7724,13378.34,4913.4324,26.86143416,Low Discount,2026-05-01 00:00:00
OL001752,O101030,C1299,2026-02-05 00:00:00,North,Marketplace,Electronics,Earbuds,1,4721.76,3691.13,13.3,N,Paid,Delivered,0,0,4721.76,627.99408,4093.76592,4093.76592,3691.13,402.63592,9.835343004,Medium Discount,2026-02-01 00:00:00
OL001753,O101031,C1223,2026-06-11 00:00:00,North,Store,Fashion,Shoes,4,2677.66,1679.33,10.2,N,Pending,Cancelled,0,0,10710.64,1092.48528,9618.15472,9618.15472,6717.32,2900.83472,30.15999227,Medium Discount,2026-06-01 00:00:00
OL001755,O101032,C1416,2026-02-21 00:00:00,East,Store,Personal Care,Trimmer,1,5853.6,3294.34,17.9,N,Pending,Delivered,1,5812.47,5853.6,1047.7944,4805.8056,-1006.6644,0,-1006.6644,100,Medium Discount,2026-02-01 00:00:00
OL001756,O101033,C1237,2026-03-16 00:00:00,South,Marketplace,Home,Lamp,3,12128.08,8024.02,14.7,N,Paid,Delivered,2,23700.17,36384.24,5348.48328,31035.75672,7335.58672,8024.02,-688.43328,-9.384842771,Medium Discount,2026-03-01 00:00:00
OL001757,O101033,C1237,2026-03-16 00:00:00,South,Marketplace,Electronics,Power Bank,2,1804.87,1472.18,36.8,Y,Pending,Delivered,1,1789.77,3609.74,1328.38432,2281.35568,491.58568,1472.18,-980.59432,-199.4757699,High Discount,2026-03-01 00:00:00
OL001758,O101033,C1237,2026-03-16 00:00:00,South,Marketplace,Personal Care,Shampoo,1,13992.38,8180.55,14.8,N,Pending,Delivered,1,13016.08,13992.38,2070.87224,11921.50776,-1094.57224,0,-1094.57224,100,Medium Discount,2026-03-01 00:00:00
OL001759,O101034,C1348,2026-05-25 00:00:00,West,Store,Electronics,Smartwatch,1,12101.64,8752.37,11.2,N,Paid,Delivered,0,0,12101.64,1355.38368,10746.25632,10746.25632,8752.37,1993.88632,18.55424122,Medium Discount,2026-05-01 00:00:00
OL001760,O101035,C1434,2026-03-08 00:00:00,East,Marketplace,Fashion,T-Shirt,2,5565.08,2699.86,28.2,Y,Pending,Cancelled,0,0,11130.16,3138.70512,7991.45488,7991.45488,5399.72,2591.73488,32.4313272,High Discount,2026-03-01 00:00:00
OL001761,O101035,C1434,2026-03-08 00:00:00,East,Marketplace,Fashion,Jacket,1,6452.32,3382.07,29,Y,Paid,Delivered,1,6142.92,6452.32,1871.1728,4581.1472,-1561.7728,0,-1561.7728,100,High Discount,2026-03-01 00:00:00
OL001762,O101036,C1294,2026-01-26 00:00:00,North,Online,Home,Lamp,5,11256.07,7188.97,11.2,N,Failed,Cancelled,2,19850.24,56280.35,6303.3992,49976.9508,30126.7108,21566.91,8559.8008,28.41266296,Medium Discount,2026-01-01 00:00:00
OL001763,O101037,C1298,2026-02-26 00:00:00,East,Marketplace,Electronics,Keyboard,4,4042.47,2934.34,1.4,N,Paid,Delivered,0,0,16169.88,226.37832,15943.50168,15943.50168,11737.36,4206.14168,26.38154255,Low Discount,2026-02-01 00:00:00
OL001764,O101038,C1214,2026-05-10 00:00:00,North,Online,Fashion,Jacket,5,8004.61,4924.87,21.4,Y,Failed,Delivered,5,36337.19,40023.05,8564.9327,31458.1173,-4879.0727,0,-4879.0727,100,Medium Discount,2026-05-01 00:00:00
OL001765,O101039,C1034,2026-05-02 00:00:00,East,Marketplace,Personal Care,Face Wash,4,1376.37,781.95,21.1,Y,Paid,Delivered,0,0,5505.48,1161.65628,4343.82372,4343.82372,3127.8,1216.02372,27.99431557,Medium Discount,2026-05-01 00:00:00
OL001766,O101040,C1349,2026-01-15 00:00:00,North,Online,Fashion,Jacket,4,8923.38,5207.82,8.8,N,Paid,Cancelled,0,0,35693.52,3141.02976,32552.49024,32552.49024,20831.28,11721.21024,36.00710776,Low Discount,2026-01-01 00:00:00
OL001767,O101041,C1438,2026-04-03 00:00:00,South,Online,Electronics,Earbuds,3,2985.53,2195.45,31.1,Y,Paid,Cancelled,0,0,8956.59,2785.49949,6171.09051,6171.09051,6586.35,-415.25949,-6.729110346,High Discount,2026-04-01 00:00:00
OL001768,O101041,C1438,2026-04-03 00:00:00,South,Online,Home,Bedsheet,1,12919.44,9218.5,23.5,Y,Paid,Delivered,1,11987.39,12919.44,3036.0684,9883.3716,-2104.0184,0,-2104.0184,100,Medium Discount,2026-04-01 00:00:00
OL001770,O101043,C1091,2026-04-08 00:00:00,West,Store,Fashion,T-Shirt,5,3309.11,2000.48,14.5,N,Pending,Delivered,0,0,16545.55,2399.10475,14146.44525,14146.44525,10002.4,4144.04525,29.29389806,Medium Discount,2026-04-01 00:00:00
OL001771,O101043,C1091,2026-04-08 00:00:00,West,Store,Personal Care,Trimmer,2,12095.17,6614.86,12.7,N,Failed,Delivered,2,20626.75,24190.34,3072.17318,21118.16682,491.41682,0,491.41682,100,Medium Discount,2026-04-01 00:00:00
OL001772,O101044,C1448,2026-03-20 00:00:00,East,Marketplace,Personal Care,Trimmer,1,1887.48,1065.59,24.9,Y,Pending,Delivered,1,3363.78,1887.48,469.98252,1417.49748,-1946.28252,0,-1946.28252,100,Medium Discount,2026-03-01 00:00:00
OL001773,O101045,C1142,2026-01-02 00:00:00,West,Online,Electronics,Keyboard,2,13757.68,10270.36,23.2,Y,Pending,Delivered,2,27410.35,27515.36,6383.56352,21131.79648,-6278.55352,0,-6278.55352,100,Medium Discount,2026-01-01 00:00:00
OL001774,O101045,C1142,2026-01-02 00:00:00,West,Online,Fashion,Shoes,2,10162.55,5731.89,7.9,N,Pending,Delivered,0,0,20325.1,1605.6829,18719.4171,18719.4171,11463.78,7255.6371,38.75995209,Low Discount,2026-01-01 00:00:00
OL001775,O101046,C1271,2026-03-17 00:00:00,South,Marketplace,Fashion,Jacket,3,6258.53,4027.28,21.7,Y,Paid,Delivered,0,0,18775.59,4074.30303,14701.28697,14701.28697,12081.84,2619.44697,17.81780721,Medium Discount,2026-03-01 00:00:00
OL001776,O101046,C1271,2026-03-17 00:00:00,South,Marketplace,Personal Care,Trimmer,5,2341.78,1306.61,21.1,Y,Failed,Delivered,0,0,11708.9,2470.5779,9238.3221,9238.3221,6533.05,2705.2721,29.28315413,Medium Discount,2026-03-01 00:00:00
OL001778,O101047,C1405,2026-05-26 00:00:00,South,Marketplace,Electronics,Keyboard,4,2073.78,1508.01,10.7,N,Paid,Delivered,0,0,8295.12,887.57784,7407.54216,7407.54216,6032.04,1375.50216,18.56894136,Medium Discount,2026-05-01 00:00:00
OL001779,O101048,C1314,2026-03-09 00:00:00,North,Store,Home,Storage Box,5,8663.91,6019.74,1.3,N,Failed,Delivered,0,0,43319.55,563.15415,42756.39585,42756.39585,30098.7,12657.69585,29.60421616,Low Discount,2026-03-01 00:00:00
OL001780,O101048,C1314,2026-03-09 00:00:00,North,Store,Home,Bedsheet,2,455.53,277.88,6.4,N,Paid,Delivered,0,0,911.06,58.30784,852.75216,852.75216,555.76,296.99216,34.82748845,Low Discount,2026-03-01 00:00:00
OL001781,O101049,C1049,2026-03-18 00:00:00,West,Marketplace,Home,Storage Box,4,4587.69,3153.72,7,N,Paid,Delivered,0,0,18350.76,1284.5532,17066.2068,17066.2068,12614.88,4451.3268,26.08269578,Low Discount,2026-03-01 00:00:00
OL001782,O101050,C1496,2026-01-18 00:00:00,West,Marketplace,Fashion,Jacket,4,5987.41,3677.39,36.9,Y,Paid,Delivered,0,0,23949.64,8837.41716,15112.22284,15112.22284,14709.56,402.66284,2.664484532,High Discount,2026-01-01 00:00:00
OL001783,O101051,C1007,2026-04-30 00:00:00,West,Store,Fashion,Shoes,3,4068.3,2030.01,7.9,N,Paid,Cancelled,2,7591.22,12204.9,964.1871,11240.7129,3649.4929,2030.01,1619.4829,44.37555968,Low Discount,2026-04-01 00:00:00
OL001784,O101052,C1265,2026-01-01 00:00:00,West,Online,Fashion,Shoes,5,13124.57,5951.23,31.4,Y,Pending,Delivered,2,23491.25,65622.85,20605.5749,45017.2751,21526.0251,17853.69,3672.3351,17.05997778,High Discount,2026-01-01 00:00:00
OL001785,O101053,C1508,2026-05-18 00:00:00,West,Marketplace,Fashion,Shoes,2,11852.04,6106.92,17.8,N,Paid,Delivered,0,0,23704.08,4219.32624,19484.75376,19484.75376,12213.84,7270.91376,37.31591299,Medium Discount,2026-05-01 00:00:00
OL001786,O101054,C1201,2026-05-12 00:00:00,South,Marketplace,Fashion,Jeans,5,14695.42,6734.44,26.9,Y,Pending,Delivered,0,0,73477.1,19765.3399,53711.7601,53711.7601,33672.2,20039.5601,37.30944594,High Discount,2026-05-01 00:00:00
OL001787,O101055,C1213,2026-03-10 00:00:00,East,Store,Personal Care,Perfume,5,3110.76,1750.45,14.3,N,Failed,Delivered,0,0,15553.8,2224.1934,13329.6066,13329.6066,8752.25,4577.3566,34.33977264,Medium Discount,2026-03-01 00:00:00
OL001788,O101056,C1147,2026-04-10 00:00:00,East,Online,Home,Storage Box,1,2635.98,1489.23,28.3,Y,Paid,Cancelled,0,0,2635.98,745.98234,1889.99766,1889.99766,1489.23,400.76766,21.20466435,High Discount,2026-04-01 00:00:00
OL001789,O101057,C1279,2026-02-13 00:00:00,East,Online,Home,Mixer,3,1605.1,1020.33,24.4,Y,Paid,Cancelled,0,0,4815.3,1174.9332,3640.3668,3640.3668,3060.99,579.3768,15.91534128,Medium Discount,2026-02-01 00:00:00
OL001791,O101058,C1162,2026-01-10 00:00:00,South,Online,Personal Care,Trimmer,2,12825.22,7206.78,28.8,Y,Paid,Delivered,1,11459.54,25650.44,7387.32672,18263.11328,6803.57328,7206.78,-403.20672,-5.926396372,High Discount,2026-01-01 00:00:00
OL001792,O101058,C1162,2026-01-10 00:00:00,South,Online,Fashion,Jeans,1,5133.28,2630.02,25,Y,Failed,Delivered,0,0,5133.28,1283.32,3849.96,3849.96,2630.02,1219.94,31.68708246,Medium Discount,2026-01-01 00:00:00
OL001793,O101059,C1356,2026-03-25 00:00:00,West,Marketplace,Home,Mixer,2,13068.42,7876.54,17.2,N,Paid,Cancelled,0,0,26136.84,4495.53648,21641.30352,21641.30352,15753.08,5888.22352,27.20826643,Medium Discount,2026-03-01 00:00:00
OL001794,O101060,C1352,2026-04-26 00:00:00,East,Online,Fashion,Jacket,1,8800.1,5584.25,0.4,N,Paid,Delivered,1,8652.03,8800.1,35.2004,8764.8996,112.8696,0,112.8696,100,Low Discount,2026-04-01 00:00:00
OL001795,O101061,C1119,2026-02-16 00:00:00,North,Marketplace,Personal Care,Perfume,3,2828.15,1588.31,28.1,Y,Paid,Cancelled,0,0,8484.45,2384.13045,6100.31955,6100.31955,4764.93,1335.38955,21.89048523,High Discount,2026-02-01 00:00:00
OL001796,O101062,C1350,2026-06-19 00:00:00,South,Online,Fashion,Jacket,2,13092.2,6016.02,11.5,N,Pending,Cancelled,2,23597.26,26184.4,3011.206,23173.194,-424.066,0,-424.066,100,Medium Discount,2026-06-01 00:00:00
OL001797,O101063,C1285,2026-03-20 00:00:00,South,Online,Electronics,Power Bank,5,10407.85,8394.69,17.7,N,Paid,Delivered,0,0,52039.25,9210.94725,42828.30275,42828.30275,41973.45,854.85275,1.995999596,Medium Discount,2026-03-01 00:00:00
OL001798,O101063,C1285,2026-03-20 00:00:00,South,Online,Fashion,Jeans,2,11464.97,6647.21,9.2,N,Paid,Delivered,2,21766.19,22929.94,2109.55448,20820.38552,-945.80448,0,-945.80448,100,Low Discount,2026-03-01 00:00:00
OL001799,O101063,C1285,2026-03-20 00:00:00,South,Online,Fashion,Shoes,5,4239.31,2324.9,16.1,N,Paid,Delivered,0,0,21196.55,3412.64455,17783.90545,17783.90545,11624.5,6159.40545,34.63471771,Medium Discount,2026-03-01 00:00:00
OL001800,O101064,C1020,2026-05-28 00:00:00,North,Store,Home,Storage Box,2,428.99,268.87,0.3,N,Paid,Delivered,0,0,857.98,2.57394,855.40606,855.40606,537.74,317.66606,37.13628823,Low Discount,2026-05-01 00:00:00
OL001801,O101064,C1020,2026-05-28 00:00:00,North,Store,Personal Care,Trimmer,2,9674.09,5199.15,5.9,N,Paid,Delivered,0,0,19348.18,1141.54262,18206.63738,18206.63738,10398.3,7808.33738,42.88731201,Low Discount,2026-05-01 00:00:00
OL001802,O101065,C1093,2026-01-13 00:00:00,East,Marketplace,Electronics,Earbuds,3,13566.73,11024.49,21.2,Y,Paid,Delivered,0,0,40700.19,8628.44028,32071.74972,32071.74972,33073.47,-1001.72028,-3.123372715,Medium Discount,2026-01-01 00:00:00
OL001803,O101065,C1093,2026-01-13 00:00:00,East,Marketplace,Electronics,Smartwatch,5,10640.5,7273.71,24.6,Y,Failed,Delivered,0,0,53202.5,13087.815,40114.685,40114.685,36368.55,3746.135,9.338562673,Medium Discount,2026-01-01 00:00:00
OL001805,O101066,C1221,2026-06-27 00:00:00,South,Marketplace,Home,Bedsheet,1,4834.29,2861.79,24.2,Y,Paid,Cancelled,1,4540.8,4834.29,1169.89818,3664.39182,-876.40818,0,-876.40818,100,Medium Discount,2026-06-01 00:00:00
OL001806,O101066,C1221,2026-06-27 00:00:00,South,Marketplace,Personal Care,Trimmer,4,10093.9,5181.7,25.8,Y,Paid,Delivered,0,0,40375.6,10416.9048,29958.6952,29958.6952,20726.8,9231.8952,30.81541148,High Discount,2026-06-01 00:00:00
OL001807,O101067,C1351,2026-05-17 00:00:00,East,Store,Home,Storage Box,3,3094.3,1948.7,0,N,Paid,Delivered,0,0,9282.9,0,9282.9,9282.9,5846.1,3436.8,37.0229131,Low Discount,2026-05-01 00:00:00
OL001808,O101067,C1351,2026-05-17 00:00:00,East,Store,Personal Care,Shampoo,3,3950.18,2013.67,3.6,N,Pending,Delivered,0,0,11850.54,426.61944,11423.92056,11423.92056,6041.01,5382.91056,47.11964279,Low Discount,2026-05-01 00:00:00
OL001810,O101068,C1271,2026-01-06 00:00:00,West,Store,Personal Care,Trimmer,1,6184.9,3958.31,8.6,N,Paid,Delivered,0,0,6184.9,531.9014,5652.9986,5652.9986,3958.31,1694.6886,29.97857809,Low Discount,2026-01-01 00:00:00
OL001811,O101069,C1054,2026-06-21 00:00:00,South,Store,Electronics,Earbuds,5,6802.42,5324.25,15.1,N,Paid,Delivered,1,5783.25,34012.1,5135.8271,28876.2729,23093.0229,21297,1796.0229,7.777339969,Medium Discount,2026-06-01 00:00:00
OL001812,O101070,C1461,2026-02-03 00:00:00,East,Store,Home,Lamp,3,12397.08,8306.25,0,N,Paid,Delivered,0,0,37191.24,0,37191.24,37191.24,24918.75,12272.49,32.99833509,Low Discount,2026-02-01 00:00:00
OL001813,O101071,C1296,2026-02-25 00:00:00,West,Store,Home,Mixer,4,9472.37,5761.32,5.8,N,Paid,Cancelled,0,0,37889.48,2197.58984,35691.89016,35691.89016,23045.28,12646.61016,35.43272744,Low Discount,2026-02-01 00:00:00
OL001814,O101072,C1039,2026-05-16 00:00:00,South,Marketplace,Electronics,Smartwatch,3,10849.07,7927.78,32.4,Y,Failed,Delivered,3,43332.7,32547.21,10545.29604,22001.91396,-21330.78604,0,-21330.78604,100,High Discount,2026-05-01 00:00:00
OL001815,O101073,C1512,2026-06-08 00:00:00,South,Store,Electronics,Earbuds,4,10312.02,7421.28,7.3,N,Failed,Delivered,1,-9252.93,41248.08,3011.10984,38236.97016,47489.90016,22263.84,25226.06016,53.11878963,Low Discount,2026-06-01 00:00:00
OL001816,O101074,C1020,2026-01-04 00:00:00,North,Marketplace,Personal Care,Trimmer,4,5751.09,3333.39,23.3,Y,Paid,Delivered,0,0,23004.36,5360.01588,17644.34412,17644.34412,13333.56,4310.78412,24.43153506,Medium Discount,2026-01-01 00:00:00
OL001817,O101074,,2026-01-04 00:00:00,North,Marketplace,Electronics,Smartwatch,5,14342.32,11641.41,7.2,N,Paid,Delivered,0,0,71711.6,5163.2352,66548.3648,66548.3648,58207.05,8341.3148,12.53421451,Low Discount,2026-01-01 00:00:00
OL001818,O101074,C1020,2026-01-04 00:00:00,North,Marketplace,Home,Mixer,3,5420.8,3000.88,5.8,N,Paid,Delivered,0,0,16262.4,943.2192,15319.1808,15319.1808,9002.64,6316.5408,41.2328889,Low Discount,2026-01-01 00:00:00
OL001819,O101075,C1417,2026-01-18 00:00:00,South,Store,Personal Care,Face Wash,1,14023.99,8770.54,19.5,N,Paid,Cancelled,0,0,14023.99,2734.67805,11289.31195,11289.31195,8770.54,2518.77195,22.31112012,Medium Discount,2026-01-01 00:00:00
OL001820,O101075,C1417,2026-01-18 00:00:00,South,Store,Electronics,Power Bank,3,531.13,429.75,10.8,N,Pending,Delivered,0,0,1593.39,172.08612,1421.30388,1421.30388,1289.25,132.05388,9.291037748,Medium Discount,2026-01-01 00:00:00
OL001821,O101076,C1501,2026-03-10 00:00:00,East,Online,Fashion,Shoes,2,322.82,156.49,14.8,N,Paid,Cancelled,0,0,645.64,95.55472,550.08528,550.08528,312.98,237.10528,43.10336754,Medium Discount,2026-03-01 00:00:00
OL001822,O101076,C1501,2026-03-10 00:00:00,East,Online,Home,Mixer,2,12615.92,8318.82,11.8,N,Pending,Delivered,0,0,25231.84,2977.35712,22254.48288,22254.48288,16637.64,5616.84288,25.23915254,Medium Discount,2026-03-01 00:00:00
OL001824,O101077,C1396,2026-04-08 00:00:00,South,Marketplace,Fashion,Jeans,1,12179.71,5511.47,34.9,Y,Paid,Delivered,0,0,12179.71,4250.71879,7928.99121,7928.99121,5511.47,2417.52121,30.48964422,High Discount,2026-04-01 00:00:00
OL001825,O101077,C1396,2026-04-08 00:00:00,South,Marketplace,Home,Bedsheet,5,3238.86,2016.49,27.6,Y,Paid,Delivered,0,0,16194.3,4469.6268,11724.6732,11724.6732,10082.45,1642.2232,14.00655841,High Discount,2026-04-01 00:00:00
OL001826,O101078,C1501,2026-04-25 00:00:00,West,Online,Home,Bedsheet,2,9947.86,5851.57,21.2,Y,Paid,Delivered,0,0,19895.72,4217.89264,15677.82736,15677.82736,11703.14,3974.68736,25.35228427,Medium Discount,2026-04-01 00:00:00
OL001827,O101079,C1177,2026-05-22 00:00:00,North,Marketplace,Electronics,Smartwatch,3,13699.43,10862.61,18.4,N,Paid,Delivered,0,0,41098.29,7562.08536,33536.20464,33536.20464,32587.83,948.37464,2.827912849,Medium Discount,2026-05-01 00:00:00
OL001828,O101079,C1177,2026-05-22 00:00:00,North,Marketplace,Fashion,Shoes,4,3586.86,1741.07,29.4,Y,Failed,Delivered,0,0,14347.44,4218.14736,10129.29264,10129.29264,6964.28,3165.01264,31.24613685,High Discount,2026-05-01 00:00:00
OL001829,O101080,C1002,2026-04-27 00:00:00,East,Marketplace,Home,Bedsheet,2,1423.94,1013.28,32.9,Y,Paid,Delivered,1,1245.37,2847.88,936.95252,1910.92748,665.55748,1013.28,-347.72252,-52.24530269,High Discount,2026-04-01 00:00:00
OL001831,O101081,C1220,2026-04-13 00:00:00,North,Online,Fashion,Jacket,1,7022.43,3985.49,10.6,N,Failed,Cancelled,0,0,7022.43,744.37758,6278.05242,6278.05242,3985.49,2292.56242,36.51709585,Medium Discount,2026-04-01 00:00:00
OL001832,O101081,C1220,2026-04-13 00:00:00,North,Online,Personal Care,Face Wash,4,2707.95,1605.35,25.3,Y,Failed,Delivered,4,9570.62,10831.8,2740.4454,8091.3546,-1479.2654,0,-1479.2654,100,High Discount,2026-04-01 00:00:00
OL001833,O101081,C1220,2026-04-13 00:00:00,North,Online,Electronics,Smartwatch,1,8817.22,7111.21,18.7,N,Paid,Delivered,0,0,8817.22,1648.82014,7168.39986,7168.39986,7111.21,57.18986,0.797805105,Medium Discount,2026-04-01 00:00:00
OL001834,O101082,C1017,2026-01-28 00:00:00,West,Store,Home,Bedsheet,1,9383.79,5863.43,17,N,Paid,Delivered,1,17547.86,9383.79,1595.2443,7788.5457,-9759.3143,0,-9759.3143,100,Medium Discount,2026-01-01 00:00:00
OL001835,O101083,C1044,2026-01-15 00:00:00,South,Online,Home,Storage Box,5,8065.17,4848.3,6.4,N,Paid,Delivered,0,0,40325.85,2580.8544,37744.9956,37744.9956,24241.5,13503.4956,35.77559193,Low Discount,2026-01-01 00:00:00
OL001836,O101084,C1005,2026-05-03 00:00:00,North,Store,Personal Care,Shampoo,1,8841.91,5095.05,0,N,Pending,Delivered,0,0,8841.91,0,8841.91,8841.91,5095.05,3746.86,42.37613819,Low Discount,2026-05-01 00:00:00
OL001837,O101085,C1326,2026-04-08 00:00:00,South,Marketplace,Fashion,Jeans,1,7763.16,3538.85,31.2,Y,Pending,Cancelled,1,13197.94,7763.16,2422.10592,5341.05408,-7856.88592,0,-7856.88592,100,High Discount,2026-04-01 00:00:00
OL001839,O101086,C1296,2026-03-17 00:00:00,North,Store,Electronics,Smartwatch,1,14048.36,10202.5,6.1,N,Paid,Delivered,0,0,14048.36,856.94996,13191.41004,13191.41004,10202.5,2988.91004,22.65800268,Low Discount,2026-03-01 00:00:00
OL001840,O101087,C1280,2026-01-10 00:00:00,East,Store,Home,Mixer,2,8215.93,5295.06,19.7,N,Paid,Delivered,1,7879.68,16431.86,3237.07642,13194.78358,5315.10358,5295.06,20.04358,0.377106103,Medium Discount,2026-01-01 00:00:00
OL001841,O101087,C1280,2026-01-10 00:00:00,East,Store,Fashion,T-Shirt,5,5742.41,3395.95,23.9,Y,Paid,Delivered,0,0,28712.05,6862.17995,21849.87005,21849.87005,16979.75,4870.12005,22.28901151,Medium Discount,2026-01-01 00:00:00
OL001842,O101087,C1280,2026-01-10 00:00:00,East,Store,Electronics,Smartwatch,5,4665.9,3326.01,11.1,N,Failed,Cancelled,0,0,23329.5,2589.5745,20739.9255,20739.9255,16630.05,4109.8755,19.81625006,Medium Discount,2026-01-01 00:00:00
OL001843,O101088,C1254,2026-04-14 00:00:00,South,Marketplace,Home,Mixer,2,4805.76,2824.1,2.4,N,Paid,Delivered,0,0,9611.52,230.67648,9380.84352,9380.84352,5648.2,3732.64352,39.79006272,Low Discount,2026-04-01 00:00:00
OL001845,O101089,C1014,2026-06-01 00:00:00,South,Online,Fashion,Shoes,5,9401.65,5500.43,12.1,N,Pending,Delivered,4,36000.72,47008.25,5687.99825,41320.25175,5319.53175,5500.43,-180.89825,-3.400642359,Medium Discount,2026-06-01 00:00:00
OL001846,O101090,C1416,2026-01-29 00:00:00,East,Store,Home,Lamp,2,2926.35,1887.4,19.6,N,Failed,Cancelled,0,0,5852.7,1147.1292,4705.5708,4705.5708,3774.8,930.7708,19.78018905,Medium Discount,2026-01-01 00:00:00
OL001847,O101090,C1416,2026-01-29 00:00:00,East,Store,Fashion,Jeans,2,9402.31,5896.88,7.7,N,Paid,Delivered,2,16037.6,18804.62,1447.95574,17356.66426,1319.06426,0,1319.06426,100,Low Discount,2026-01-01 00:00:00
OL001848,O101091,C1507,2026-06-08 00:00:00,West,Store,Fashion,Jeans,3,13410.85,6805.04,0,N,Pending,Delivered,0,0,40232.55,0,40232.55,40232.55,20415.12,19817.43,49.25720592,Low Discount,2026-06-01 00:00:00
OL001849,O101092,,2026-05-20 00:00:00,East,Store,Electronics,Power Bank,3,11705.68,8107.5,4.4,N,Paid,Delivered,0,0,35117.04,1545.14976,33571.89024,33571.89024,24322.5,9249.39024,27.55099631,Low Discount,2026-05-01 00:00:00
OL001852,O101093,C1479,2026-06-28 00:00:00,North,Marketplace,Personal Care,Perfume,3,5806.78,3419.93,33.2,Y,Pending,Delivered,3,15585.32,17420.34,5783.55288,11636.78712,-3948.53288,0,-3948.53288,100,High Discount,2026-06-01 00:00:00
OL001853,O101094,C1146,2026-06-07 00:00:00,West,Online,Home,Mixer,2,2460.47,1609.34,21.2,Y,Pending,Delivered,2,4516.74,4920.94,1043.23928,3877.70072,-639.03928,0,-639.03928,100,Medium Discount,2026-06-01 00:00:00
OL001855,O101095,C1483,2026-04-24 00:00:00,North,Store,Home,Mixer,2,10545.38,6772.22,5.5,N,Paid,Delivered,0,0,21090.76,1159.9918,19930.7682,19930.7682,13544.44,6386.3282,32.0425592,Low Discount,2026-04-01 00:00:00
OL001856,O101095,C1483,2026-04-24 00:00:00,North,Store,Electronics,Smartwatch,2,8185.42,5985.95,14.3,N,Paid,Cancelled,2,16329.85,16370.84,2341.03012,14029.80988,-2300.04012,0,-2300.04012,100,Medium Discount,2026-04-01 00:00:00
OL001857,O101096,C1251,2026-02-03 00:00:00,East,Store,Home,Mixer,2,6093.07,4259.21,14.3,N,Paid,Delivered,0,0,12186.14,1742.61802,10443.52198,10443.52198,8518.42,1925.10198,18.43345553,Medium Discount,2026-02-01 00:00:00
OL001859,O101097,C1192,2026-02-08 00:00:00,East,Online,Fashion,T-Shirt,1,4899.41,3137.18,11.7,N,Pending,Delivered,0,0,4899.41,573.23097,4326.17903,4326.17903,3137.18,1188.99903,27.48381474,Medium Discount,2026-02-01 00:00:00
OL001860,O101098,C1276,2026-04-01 00:00:00,West,Store,Home,Storage Box,2,2053.67,1313.88,23.5,Y,Paid,Delivered,0,0,4107.34,965.2249,3142.1151,3142.1151,2627.76,514.3551,16.36970905,Medium Discount,2026-04-01 00:00:00
OL001861,O101099,C1258,2026-03-07 00:00:00,West,Store,Home,Storage Box,5,2161,1483.94,0,N,Failed,Delivered,5,9411.97,10805,0,10805,1393.03,0,1393.03,100,Low Discount,2026-03-01 00:00:00
OL001862,O101100,C1143,2026-01-29 00:00:00,West,Online,Home,Mixer,2,13119.52,8191.91,22.7,Y,Failed,Delivered,0,0,26239.04,5956.26208,20282.77792,20282.77792,16383.82,3898.95792,19.22299764,Medium Discount,2026-01-01 00:00:00
OL001863,O101100,C1143,2026-01-29 00:00:00,West,Online,Home,Bedsheet,5,5270.87,3144.75,17.9,N,Paid,Cancelled,0,0,26354.35,4717.42865,21636.92135,21636.92135,15723.75,5913.17135,27.3290791,Medium Discount,2026-01-01 00:00:00
OL001864,O101101,C1069,2026-04-15 00:00:00,North,Store,Home,Storage Box,3,6784.81,4630.51,5.7,N,Paid,Delivered,0,0,20354.43,1160.20251,19194.22749,19194.22749,13891.53,5302.69749,27.62652205,Low Discount,2026-04-01 00:00:00
OL001865,O101102,C1459,2026-02-20 00:00:00,South,Marketplace,Electronics,Smartwatch,2,6637.45,5071.21,31.9,Y,Pending,Delivered,1,6213.3,13274.9,4234.6931,9040.2069,2826.9069,5071.21,-2244.3031,-79.39076805,High Discount,2026-02-01 00:00:00
OL001866,O101103,C1315,2026-01-17 00:00:00,South,Online,Electronics,Power Bank,3,13785.45,9613.24,26.8,Y,Failed,Cancelled,0,0,41356.35,11083.5018,30272.8482,30272.8482,28839.72,1433.1282,4.734038207,High Discount,2026-01-01 00:00:00
OL001867,O101103,C1315,2026-01-17 00:00:00,South,Online,Personal Care,Trimmer,5,5981.28,3001.56,17,N,Failed,Delivered,0,0,29906.4,5084.088,24822.312,24822.312,15007.8,9814.512,39.53907275,Medium Discount,2026-01-01 00:00:00
OL001868,O101104,C1214,2026-06-20 00:00:00,East,Store,Fashion,Shoes,2,8883.9,5674.08,12.9,N,Pending,Delivered,0,0,17767.8,2292.0462,15475.7538,15475.7538,11348.16,4127.5938,26.67135865,Medium Discount,2026-06-01 00:00:00
OL001869,O101105,C1484,2026-03-19 00:00:00,East,Marketplace,Home,Bedsheet,2,861.08,572.71,31.1,Y,Pending,Delivered,0,0,1722.16,535.59176,1186.56824,1186.56824,1145.42,41.14824,3.46783595,High Discount,2026-03-01 00:00:00
OL001870,O101106,C1414,2026-01-22 00:00:00,North,Online,Personal Care,Shampoo,5,1500.41,992.73,27.9,Y,Failed,Cancelled,4,-5481.01,7502.05,2093.07195,5408.97805,10889.98805,992.73,9897.25805,90.88401204,High Discount,2026-01-01 00:00:00
OL001872,O101108,C1394,2026-03-24 00:00:00,West,Online,Personal Care,Trimmer,2,10163.09,6533.33,18.5,N,Pending,Cancelled,0,0,20326.18,3760.3433,16565.8367,16565.8367,13066.66,3499.1767,21.12284917,Medium Discount,2026-03-01 00:00:00
OL001873,O101109,C1171,2026-06-19 00:00:00,West,Marketplace,Fashion,T-Shirt,2,12917.13,7259.44,10.5,N,Paid,Delivered,0,0,25834.26,2712.5973,23121.6627,23121.6627,14518.88,8602.7827,37.20659198,Medium Discount,2026-06-01 00:00:00
OL001874,O101110,C1387,2026-02-12 00:00:00,East,Marketplace,Home,Mixer,1,7307.35,5151.61,23.9,Y,Paid,Delivered,1,7048.19,7307.35,1746.45665,5560.89335,-1487.29665,0,-1487.29665,100,Medium Discount,2026-02-01 00:00:00
OL001875,O101110,C1387,2026-02-12 00:00:00,East,Marketplace,Fashion,Jacket,1,7653.74,4157.78,35.1,Y,Paid,Delivered,0,0,7653.74,2686.46274,4967.27726,4967.27726,4157.78,809.49726,16.29659907,High Discount,2026-02-01 00:00:00
OL001876,O101111,C1329,2026-05-27 00:00:00,North,Online,Home,Storage Box,4,5641.52,3840.38,20.1,Y,Pending,Cancelled,0,0,22566.08,4535.78208,18030.29792,18030.29792,15361.52,2668.77792,14.80162963,Medium Discount,2026-05-01 00:00:00
OL001877,O101111,C1329,2026-05-27 00:00:00,North,Online,Personal Care,Shampoo,4,11137.65,5975.87,16.8,N,Paid,Delivered,2,20585.14,44550.6,7484.5008,37066.0992,16480.9592,11951.74,4529.2192,27.48152668,Medium Discount,2026-05-01 00:00:00
OL001878,O101111,C1329,2026-05-27 00:00:00,North,Online,Fashion,Shoes,5,10923.52,5898.07,14.8,N,Paid,Delivered,0,0,54617.6,8083.4048,46534.1952,46534.1952,29490.35,17043.8452,36.62649612,Medium Discount,2026-05-01 00:00:00
OL001879,O101112,C1259,2026-05-27 00:00:00,North,Online,Home,Storage Box,4,2574.87,1793.4,7,N,Paid,Delivered,0,0,10299.48,720.9636,9578.5164,9578.5164,7173.6,2404.9164,25.10739972,Low Discount,2026-05-01 00:00:00
OL001880,O101112,C1259,2026-05-27 00:00:00,North,Online,Electronics,Power Bank,3,4340.41,3445.12,21.9,Y,Paid,Delivered,0,0,13021.23,2851.64937,10169.58063,10169.58063,10335.36,-165.77937,-1.630149522,Medium Discount,2026-05-01 00:00:00
OL001881,O101113,C1210,2026-01-26 00:00:00,North,Store,Electronics,Smartwatch,5,404.61,288.72,20.2,Y,Pending,Cancelled,0,0,2023.05,408.6561,1614.3939,1614.3939,1443.6,170.7939,10.57944409,Medium Discount,2026-01-01 00:00:00
OL001882,O101113,C1210,2026-01-26 00:00:00,North,Store,Fashion,Jacket,1,1846.85,871.52,2.3,N,Failed,Delivered,0,0,1846.85,42.47755,1804.37245,1804.37245,871.52,932.85245,51.69955072,Low Discount,2026-01-01 00:00:00
OL001883,O101114,C1492,2026-02-28 00:00:00,East,Store,Home,Lamp,1,13110.36,9329.27,13.8,N,Pending,Delivered,0,0,13110.36,1809.22968,11301.13032,11301.13032,9329.27,1971.86032,17.448346,Medium Discount,2026-02-01 00:00:00
OL001884,O101115,C1384,2026-03-24 00:00:00,South,Store,Fashion,Jeans,4,14517.6,9177.5,6,N,Paid,Cancelled,0,0,58070.4,3484.224,54586.176,54586.176,36710,17876.176,32.74854058,Low Discount,2026-03-01 00:00:00
OL001886,O101116,C1132,2026-01-10 00:00:00,West,Marketplace,Fashion,T-Shirt,4,13596.3,6121.14,15.1,N,Paid,Cancelled,0,0,54385.2,8212.1652,46173.0348,46173.0348,24484.56,21688.4748,46.97216653,Medium Discount,2026-01-01 00:00:00
OL001887,O101117,C1487,2026-05-15 00:00:00,West,Marketplace,Electronics,Power Bank,3,1697.18,1372.31,29.1,Y,Paid,Delivered,0,0,5091.54,1481.63814,3609.90186,3609.90186,4116.93,-507.02814,-14.04548267,High Discount,2026-05-01 00:00:00
OL001888,O101118,C1340,2026-02-02 00:00:00,East,Marketplace,Home,Lamp,4,12564.69,8801.64,39.7,Y,Failed,Delivered,0,0,50258.76,19952.72772,30306.03228,30306.03228,35206.56,-4900.52772,-16.17013958,High Discount,2026-02-01 00:00:00
OL001889,O101118,,2026-02-02 00:00:00,East,Marketplace,Home,Lamp,1,10749.3,6370.31,19.8,N,Paid,Delivered,1,9327.03,10749.3,2128.3614,8620.9386,-706.0914,0,-706.0914,100,Medium Discount,2026-02-01 00:00:00
OL001891,O101119,C1070,2026-06-04 00:00:00,South,Marketplace,Personal Care,Perfume,1,6890.59,3892.67,25.2,Y,Paid,Cancelled,0,0,6890.59,1736.42868,5154.16132,5154.16132,3892.67,1261.49132,24.47520056,High Discount,2026-06-01 00:00:00
OL001892,O101120,C1311,2026-02-26 00:00:00,South,Store,Electronics,Keyboard,1,1420.28,1046.91,15.6,N,Pending,Delivered,1,1261.18,1420.28,221.56368,1198.71632,-62.46368,0,-62.46368,100,Medium Discount,2026-02-01 00:00:00
OL001893,O101120,C1311,2026-02-26 00:00:00,South,Store,Fashion,T-Shirt,5,855.59,491.64,0.3,N,Pending,Delivered,0,0,4277.95,12.83385,4265.11615,4265.11615,2458.2,1806.91615,42.3649928,Low Discount,2026-02-01 00:00:00
OL001894,O101120,C1311,2026-02-26 00:00:00,South,Store,Fashion,Jeans,5,13855.12,8576.82,12,N,Paid,Cancelled,0,0,69275.6,8313.072,60962.528,60962.528,42884.1,18078.428,29.65498412,Medium Discount,2026-02-01 00:00:00
OL001896,O101122,C1263,2026-05-21 00:00:00,South,Online,Home,Lamp,5,7993.21,5088.41,16.4,N,Paid,Delivered,2,15964.21,39966.05,6554.4322,33411.6178,17447.4078,15265.23,2182.1778,12.50717485,Medium Discount,2026-05-01 00:00:00
OL001897,O101123,C1385,2026-02-15 00:00:00,South,Marketplace,Electronics,Keyboard,1,2170.36,1677.72,21.1,Y,Paid,Cancelled,1,1997.53,2170.36,457.94596,1712.41404,-285.11596,0,-285.11596,100,Medium Discount,2026-02-01 00:00:00
OL001898,O101123,C1385,2026-02-15 00:00:00,South,Marketplace,Electronics,Power Bank,3,14470.61,10718.24,25.7,Y,Pending,Delivered,0,0,43411.83,11156.84031,32254.98969,32254.98969,32154.72,100.26969,0.310865671,High Discount,2026-02-01 00:00:00
OL001899,O101123,C1385,2026-02-15 00:00:00,South,Marketplace,Fashion,T-Shirt,5,9185.09,4732.84,17.3,N,Paid,Delivered,0,0,45925.45,7945.10285,37980.34715,37980.34715,23664.2,14316.14715,37.69356582,Medium Discount,2026-02-01 00:00:00
OL001900,O101124,C1518,2026-02-21 00:00:00,South,Marketplace,Fashion,Shoes,2,6494.27,3851.67,32.2,Y,Paid,Delivered,2,11660.13,12988.54,4182.30988,8806.23012,-2853.89988,0,-2853.89988,100,High Discount,2026-02-01 00:00:00
OL001902,O101126,C1314,2026-03-03 00:00:00,South,Marketplace,Personal Care,Trimmer,2,4273.59,2821.94,21.3,Y,Paid,Delivered,0,0,8547.18,1820.54934,6726.63066,6726.63066,5643.88,1082.75066,16.09647853,Medium Discount,2026-03-01 00:00:00
OL001903,O101127,C1383,2026-01-26 00:00:00,South,Online,Fashion,Jacket,1,8467.71,5008.75,0,N,Paid,Delivered,0,0,8467.71,0,8467.71,8467.71,5008.75,3458.96,40.84882453,Low Discount,2026-01-01 00:00:00
OL001904,O101128,C1479,2026-02-20 00:00:00,South,Store,Personal Care,Perfume,1,1662.95,835.52,15.2,N,Paid,Delivered,1,1451.88,1662.95,252.7684,1410.1816,-41.6984,0,-41.6984,100,Medium Discount,2026-02-01 00:00:00
OL001905,O101128,C1479,2026-02-20 00:00:00,South,Store,Electronics,Smartwatch,5,2191.28,1681.76,1.9,N,Failed,Cancelled,2,3750.11,10956.4,208.1716,10748.2284,6998.1184,5045.28,1952.8384,27.90519234,Low Discount,2026-02-01 00:00:00
OL001906,O101129,C1435,2026-03-02 00:00:00,North,Store,Fashion,Jeans,5,11604.72,6264.88,16,N,Pending,Delivered,0,0,58023.6,9283.776,48739.824,48739.824,31324.4,17415.424,35.73140519,Medium Discount,2026-03-01 00:00:00
OL001907,O101129,C1435,2026-03-02 00:00:00,North,Store,Fashion,Jeans,5,7271.94,4554.44,6.4,N,Paid,Delivered,0,0,36359.7,2327.0208,34032.6792,34032.6792,22772.2,11260.4792,33.08725456,Low Discount,2026-03-01 00:00:00
OL001908,O101130,C1027,2026-06-10 00:00:00,East,Marketplace,Personal Care,Face Wash,3,14995.83,8976.78,34.7,Y,Paid,Delivered,0,0,44987.49,15610.65903,29376.83097,29376.83097,26930.34,2446.49097,8.327960809,High Discount,2026-06-01 00:00:00
OL001909,O101131,C1303,2026-03-11 00:00:00,East,Online,Home,Storage Box,4,4390.49,2897.96,18.8,N,Pending,Delivered,3,12503.34,17561.96,3301.64848,14260.31152,1756.97152,2897.96,-1140.98848,-64.94063603,Medium Discount,2026-03-01 00:00:00
OL001910,O101131,C1303,2026-03-11 00:00:00,East,Online,Electronics,Power Bank,1,11773.14,8050.8,36.1,Y,Paid,Delivered,0,0,11773.14,4250.10354,7523.03646,7523.03646,8050.8,-527.76354,-7.015299511,High Discount,2026-03-01 00:00:00
OL001911,O101132,C1406,2026-02-22 00:00:00,South,Online,Electronics,Keyboard,1,2096.97,1502.42,2.3,N,Pending,Delivered,0,0,2096.97,48.23031,2048.73969,2048.73969,1502.42,546.31969,26.66613493,Low Discount,2026-02-01 00:00:00
OL001912,O101132,C1406,2026-02-22 00:00:00,South,Online,Personal Care,Face Wash,5,10457.92,6068.47,14.9,N,Failed,Delivered,0,0,52289.6,7791.1504,44498.4496,44498.4496,30342.35,14156.0996,31.81256814,Medium Discount,2026-02-01 00:00:00
OL001913,O101133,C1206,2026-01-08 00:00:00,West,Online,Home,Storage Box,5,12526.2,8794.29,21.2,Y,Paid,Cancelled,0,0,62631,13277.772,49353.228,49353.228,43971.45,5381.778,10.90461195,Medium Discount,2026-01-01 00:00:00
OL001914,O101134,C1342,2026-06-30 00:00:00,West,Marketplace,Fashion,T-Shirt,1,862.73,540.6,12.9,N,Paid,Delivered,0,0,862.73,111.29217,751.43783,751.43783,540.6,210.83783,28.05792064,Medium Discount,2026-06-01 00:00:00
OL001915,O101135,C1158,2026-05-12 00:00:00,North,Store,Fashion,Jacket,3,13295.57,7653.3,7.6,N,Paid,Delivered,0,0,39886.71,3031.38996,36855.32004,36855.32004,22959.9,13895.42004,37.70261668,Low Discount,2026-05-01 00:00:00
OL001916,O101136,C1145,2026-06-23 00:00:00,North,Marketplace,Home,Bedsheet,4,3328.08,1864.07,27.9,Y,Pending,Delivered,2,6626.92,13312.32,3714.13728,9598.18272,2971.26272,3728.14,-756.87728,-25.47325334,High Discount,2026-06-01 00:00:00
OL001917,O101137,C1253,2026-05-25 00:00:00,South,Store,Electronics,Keyboard,5,6987.35,5300.51,0,N,Pending,Cancelled,0,0,34936.75,0,34936.75,34936.75,26502.55,8434.2,24.14134114,Low Discount,2026-05-01 00:00:00
OL001918,O101137,C1253,2026-05-25 00:00:00,South,Store,Personal Care,Trimmer,5,8972.93,5136.86,2.8,N,Paid,Cancelled,0,0,44864.65,1256.2102,43608.4398,43608.4398,25684.3,17924.1398,41.10245604,Low Discount,2026-05-01 00:00:00
OL001920,O101139,C1469,2026-02-21 00:00:00,West,Marketplace,Electronics,Earbuds,3,8800.53,7092.33,0.9,N,Paid,Delivered,0,0,26401.59,237.61431,26163.97569,26163.97569,21276.99,4886.98569,18.67829931,Low Discount,2026-02-01 00:00:00
OL001921,O101139,C1469,2026-02-21 00:00:00,West,Marketplace,Home,Bedsheet,2,13142.2,7935.6,21.8,Y,Pending,Delivered,0,0,26284.4,5729.9992,20554.4008,20554.4008,15871.2,4683.2008,22.78441899,Medium Discount,2026-02-01 00:00:00
OL001922,O101139,C1469,2026-02-21 00:00:00,West,Marketplace,Electronics,Smartwatch,2,5873.71,4572.29,21.7,Y,Pending,Delivered,0,0,11747.42,2549.19014,9198.22986,9198.22986,9144.58,53.64986,0.583262876,Medium Discount,2026-02-01 00:00:00
OL001923,O101140,C1377,2026-05-27 00:00:00,West,Store,Personal Care,Shampoo,5,4937.36,2741.62,14.8,N,Pending,Delivered,0,0,24686.8,3653.6464,21033.1536,21033.1536,13708.1,7325.0536,34.82622596,Medium Discount,2026-05-01 00:00:00
OL001925,O101141,C1191,2026-06-05 00:00:00,East,Online,Personal Care,Shampoo,4,11493.3,7186.68,16.7,N,Paid,Delivered,0,0,45973.2,7677.5244,38295.6756,38295.6756,28746.72,9548.9556,24.93481431,Medium Discount,2026-06-01 00:00:00
OL001926,O101141,C1191,2026-06-05 00:00:00,East,Online,Fashion,T-Shirt,3,11233.35,5772.58,18.5,N,Paid,Delivered,1,10370.88,33700.05,6234.50925,27465.54075,17094.66075,11545.16,5549.50075,32.46335702,Medium Discount,2026-06-01 00:00:00
OL001927,O101142,C1052,2026-04-25 00:00:00,East,Marketplace,Electronics,Smartwatch,5,11248.73,8254.1,19.2,N,Paid,Delivered,0,0,56243.65,10798.7808,45444.8692,45444.8692,41270.5,4174.3692,9.185567642,Medium Discount,2026-04-01 00:00:00
OL001928,O101143,C1138,2026-03-09 00:00:00,North,Online,Personal Care,Shampoo,1,5719.35,2895.8,20.3,Y,Pending,Delivered,0,0,5719.35,1161.02805,4558.32195,4558.32195,2895.8,1662.52195,36.47223624,Medium Discount,2026-03-01 00:00:00
OL001929,O101143,C1138,2026-03-09 00:00:00,North,Online,Personal Care,Trimmer,2,4513.5,2786,27.9,Y,Paid,Delivered,0,0,9027,2518.533,6508.467,6508.467,5572,936.467,14.38844201,High Discount,2026-03-01 00:00:00
OL001930,O101144,C1399,2026-03-03 00:00:00,North,Online,Personal Care,Trimmer,1,525.43,340.14,6.8,N,Failed,Delivered,0,0,525.43,35.72924,489.70076,489.70076,340.14,149.56076,30.54125544,Low Discount,2026-03-01 00:00:00
OL001931,O101145,C1484,2026-03-20 00:00:00,West,Marketplace,Electronics,Smartwatch,3,12539.28,10003.02,34.2,Y,Paid,Delivered,0,0,37617.84,12865.30128,24752.53872,24752.53872,30009.06,-5256.52128,-21.23629152,High Discount,2026-03-01 00:00:00
OL001932,O101146,C1503,2026-05-09 00:00:00,East,Store,Home,Lamp,4,12088.8,6860.96,0,N,Paid,Delivered,0,0,48355.2,0,48355.2,48355.2,27443.84,20911.36,43.24531798,Low Discount,2026-05-01 00:00:00
OL001933,O101147,C1293,2026-05-15 00:00:00,East,Online,Personal Care,Shampoo,1,12421.59,6254.9,33.2,Y,Pending,Delivered,1,11734.88,12421.59,4123.96788,8297.62212,-3437.25788,0,-3437.25788,100,High Discount,2026-05-01 00:00:00
OL001934,O101148,C1035,2026-05-02 00:00:00,North,Marketplace,Electronics,Smartwatch,1,4862.65,3768.36,20.6,Y,Paid,Delivered,0,0,4862.65,1001.7059,3860.9441,3860.9441,3768.36,92.5841,2.397965306,Medium Discount,2026-05-01 00:00:00
OL001935,O101149,C1381,2026-03-12 00:00:00,West,Marketplace,Electronics,Smartwatch,2,2722.76,1907.35,28.9,Y,Failed,Delivered,0,0,5445.52,1573.75528,3871.76472,3871.76472,3814.7,57.06472,1.473868484,High Discount,2026-03-01 00:00:00
OL001938,O101150,C1497,2026-06-05 00:00:00,South,Marketplace,Electronics,Power Bank,1,11377.6,8511.05,12.6,N,Paid,Delivered,0,0,11377.6,1433.5776,9944.0224,9944.0224,8511.05,1432.9724,14.4103899,Medium Discount,2026-06-01 00:00:00
OL001939,O101151,C1222,2026-05-31 00:00:00,East,Online,Home,Mixer,3,10522.04,7007.92,14.4,N,Paid,Delivered,0,0,31566.12,4545.52128,27020.59872,27020.59872,21023.76,5996.83872,22.19358195,Medium Discount,2026-05-01 00:00:00
OL001940,O101152,C1445,2026-06-21 00:00:00,South,Store,Fashion,T-Shirt,5,14484.89,7165.08,2.9,N,Pending,Delivered,3,40868.24,72424.45,2100.30905,70324.14095,29455.90095,14330.16,15125.74095,51.35046107,Low Discount,2026-06-01 00:00:00
OL001941,O101152,C1445,2026-06-21 00:00:00,South,Store,Electronics,Keyboard,1,7108.72,5660.58,7.9,N,Paid,Delivered,0,0,7108.72,561.58888,6547.13112,6547.13112,5660.58,886.55112,13.54106255,Low Discount,2026-06-01 00:00:00
OL001942,O101153,C1455,2026-05-02 00:00:00,East,Marketplace,Fashion,Jacket,2,4126.04,2129.33,6.8,N,Pending,Delivered,0,0,8252.08,561.14144,7690.93856,7690.93856,4258.66,3432.27856,44.62756442,Low Discount,2026-05-01 00:00:00
OL001943,O101153,C1455,2026-05-02 00:00:00,East,Marketplace,Fashion,Jacket,3,5642.67,3610.38,29.7,Y,Paid,Delivered,0,0,16928.01,5027.61897,11900.39103,11900.39103,10831.14,1069.25103,8.985007529,High Discount,2026-05-01 00:00:00
OL001944,O101153,C1455,2026-05-02 00:00:00,East,Marketplace,Personal Care,Face Wash,2,7252.71,4587.65,31.3,Y,Failed,Delivered,0,0,14505.42,4540.19646,9965.22354,9965.22354,9175.3,789.92354,7.926802011,High Discount,2026-05-01 00:00:00
OL001945,O101154,C1119,2026-02-06 00:00:00,West,Store,Personal Care,Trimmer,3,14303.28,8806.59,5.7,N,Failed,Delivered,3,36841.73,42909.84,2445.86088,40463.97912,3622.24912,0,3622.24912,100,Low Discount,2026-02-01 00:00:00
OL001946,O101154,C1119,2026-02-06 00:00:00,West,Store,Personal Care,Trimmer,4,8555.87,5769.86,11.5,N,Paid,Delivered,0,0,34223.48,3935.7002,30287.7798,30287.7798,23079.44,7208.3398,23.79949883,Medium Discount,2026-02-01 00:00:00
OL001947,O101155,C1469,2026-05-15 00:00:00,West,Marketplace,Personal Care,Face Wash,5,9307.54,5120.97,25.2,Y,Paid,Delivered,0,0,46537.7,11727.5004,34810.1996,34810.1996,25604.85,9205.3496,26.44440338,High Discount,2026-05-01 00:00:00
OL001948,O101155,C1469,2026-05-15 00:00:00,West,Marketplace,Home,Lamp,3,13595.76,9039.54,24.5,Y,Pending,Delivered,0,0,40787.28,9992.8836,30794.3964,30794.3964,27118.62,3675.7764,11.93651063,Medium Discount,2026-05-01 00:00:00
OL001949,O101156,C1163,2026-06-13 00:00:00,East,Store,Home,Bedsheet,2,14444.18,9281.65,6.4,N,Paid,Delivered,0,0,28888.36,1848.85504,27039.50496,27039.50496,18563.3,8476.20496,31.34748573,Low Discount,2026-06-01 00:00:00
OL001950,O101156,C1163,2026-06-13 00:00:00,East,Store,Personal Care,Trimmer,3,476.61,307.44,20.8,Y,Failed,Delivered,0,0,1429.83,297.40464,1132.42536,1132.42536,922.32,210.10536,18.55357248,Medium Discount,2026-06-01 00:00:00
OL001951,O101157,C1222,2026-03-13 00:00:00,East,Marketplace,Home,Lamp,4,10920.5,6840.41,13.4,N,Failed,Delivered,0,0,43682,5853.388,37828.612,37828.612,27361.64,10466.972,27.66945824,Medium Discount,2026-03-01 00:00:00
OL001952,O101157,C1222,2026-03-13 00:00:00,East,Marketplace,Electronics,Smartwatch,2,13884.04,11062.93,31.4,Y,Paid,Delivered,0,0,27768.08,8719.17712,19048.90288,19048.90288,22125.86,-3076.95712,-16.15293615,High Discount,2026-03-01 00:00:00
OL001953,O101158,C1455,2026-05-03 00:00:00,South,Store,Fashion,Jeans,4,12360.38,6181.78,11.2,N,Pending,Delivered,0,0,49441.52,5537.45024,43904.06976,43904.06976,24727.12,19176.94976,43.67920757,Medium Discount,2026-05-01 00:00:00
OL001954,O101159,C1326,2026-01-16 00:00:00,South,Store,Home,Storage Box,3,4371.8,2432.74,0,N,Paid,Delivered,0,0,13115.4,0,13115.4,13115.4,7298.22,5817.18,44.35381307,Low Discount,2026-01-01 00:00:00
OL001955,O101159,C1326,2026-01-16 00:00:00,South,Store,Personal Care,Perfume,4,11635.75,7687.11,5.7,N,Paid,Cancelled,0,0,46543,2652.951,43890.049,43890.049,30748.44,13141.609,29.94211513,Low Discount,2026-01-01 00:00:00
OL001956,O101159,C1326,2026-01-16 00:00:00,South,Store,Electronics,Power Bank,1,750.1,557.52,0,N,Pending,Delivered,1,681.34,750.1,0,750.1,68.76,0,68.76,100,Low Discount,2026-01-01 00:00:00
OL001957,O101160,C1015,2026-06-17 00:00:00,South,Store,Electronics,Smartwatch,2,8026.97,6570.76,0,N,Paid,Delivered,0,0,16053.94,0,16053.94,16053.94,13141.52,2912.42,18.14146558,Low Discount,2026-06-01 00:00:00
OL001958,O101160,C1015,2026-06-17 00:00:00,South,Store,Fashion,Jacket,5,2752.55,1741.46,11.6,N,Failed,Cancelled,0,0,13762.75,1596.479,12166.271,12166.271,8707.3,3458.971,28.43082322,Medium Discount,2026-06-01 00:00:00
OL001959,O101161,C1127,2026-01-22 00:00:00,North,Online,Electronics,Smartwatch,3,8822.91,6045.77,13.3,N,Pending,Delivered,0,0,26468.73,3520.34109,22948.38891,22948.38891,18137.31,4811.07891,20.96477852,Medium Discount,2026-01-01 00:00:00
OL001960,O101162,C1160,2026-02-06 00:00:00,East,Store,Fashion,Jeans,5,11494.16,5282.28,16.7,N,Paid,Delivered,1,9817.1,57470.8,9597.6236,47873.1764,38056.0764,21129.12,16926.9564,44.4789847,Medium Discount,2026-02-01 00:00:00
OL001961,O101162,C1160,2026-02-06 00:00:00,East,Store,Personal Care,Shampoo,1,3671.53,2428.87,5,N,Paid,Delivered,0,0,3671.53,183.5765,3487.9535,3487.9535,2428.87,1059.0835,30.36403725,Low Discount,2026-02-01 00:00:00
OL001962,O101163,C1274,2026-03-08 00:00:00,South,Marketplace,Home,Mixer,4,9474.6,6284.05,47.8,Y,Pending,Delivered,0,0,37898.4,18115.4352,19782.9648,19782.9648,25136.2,-5353.2352,-27.0598227,High Discount,2026-03-01 00:00:00
OL001963,O101163,C1274,2026-03-08 00:00:00,South,Marketplace,Fashion,T-Shirt,2,8233.93,4833.33,29.1,Y,Failed,Delivered,0,0,16467.86,4792.14726,11675.71274,11675.71274,9666.66,2009.05274,17.20711005,High Discount,2026-03-01 00:00:00
OL001964,O101164,C1273,2026-06-28 00:00:00,South,Marketplace,Personal Care,Perfume,3,13348.67,7826.91,18.8,N,Paid,Cancelled,0,0,40046.01,7528.64988,32517.36012,32517.36012,23480.73,9036.63012,27.79017142,Medium Discount,2026-06-01 00:00:00
OL001965,O101165,C1051,2026-06-16 00:00:00,West,Store,Fashion,Jeans,3,770.64,395.9,12.6,N,Paid,Delivered,0,0,2311.92,291.30192,2020.61808,2020.61808,1187.7,832.91808,41.22095552,Medium Discount,2026-06-01 00:00:00
OL001966,O101166,C1134,2026-01-27 00:00:00,South,Online,Fashion,T-Shirt,2,5645.39,2989.67,28.2,Y,Pending,Delivered,2,9916.23,11290.78,3183.99996,8106.78004,-1809.44996,0,-1809.44996,100,High Discount,2026-01-01 00:00:00
OL001967,O101166,C1134,2026-01-27 00:00:00,South,Online,Home,Bedsheet,4,6217.5,4416.03,9.1,N,Paid,Delivered,0,0,24870,2263.17,22606.83,22606.83,17664.12,4942.71,21.86379072,Low Discount,2026-01-01 00:00:00
OL001968,O101166,C1134,2026-01-27 00:00:00,South,Online,Electronics,Earbuds,5,1755.18,1193.74,24.1,Y,Paid,Cancelled,0,0,8775.9,2114.9919,6660.9081,6660.9081,5968.7,692.2081,10.39209804,Medium Discount,2026-01-01 00:00:00
OL001969,O101167,C1429,2026-05-01 00:00:00,South,Online,Personal Care,Face Wash,2,6468.7,4257.36,9.7,N,Paid,Delivered,2,12780.59,12937.4,1254.9278,11682.4722,-1098.1178,0,-1098.1178,100,Low Discount,2026-05-01 00:00:00
OL001970,O101167,C1429,2026-05-01 00:00:00,South,Online,Fashion,Jeans,4,8557.28,5434.94,5.5,N,Failed,Delivered,2,14829.24,34229.12,1882.6016,32346.5184,17517.2784,10869.88,6647.3984,37.94766657,Low Discount,2026-05-01 00:00:00
OL001971,O101168,C1277,2026-04-20 00:00:00,North,Marketplace,Personal Care,Face Wash,5,4498.94,2771.31,13.4,N,Paid,Delivered,3,13061.02,22494.7,3014.2898,19480.4102,6419.3902,5542.62,876.7702,13.65815401,Medium Discount,2026-04-01 00:00:00
OL001972,O101169,C1481,2026-03-26 00:00:00,West,Store,Home,Lamp,1,8873.11,5497,1.3,N,Paid,Delivered,0,0,8873.11,115.35043,8757.75957,8757.75957,5497,3260.75957,37.23280531,Low Discount,2026-03-01 00:00:00
OL001973,O101169,,2026-03-26 00:00:00,West,Store,Home,Mixer,2,12417.11,8274.88,26.4,Y,Paid,Delivered,0,0,24834.22,6556.23408,18277.98592,18277.98592,16549.76,1728.22592,9.455231706,High Discount,2026-03-01 00:00:00
OL001974,O101169,C1481,2026-03-26 00:00:00,West,Store,Fashion,T-Shirt,3,5668.08,2574.47,15.8,N,Paid,Cancelled,0,0,17004.24,2686.66992,14317.57008,14317.57008,7723.41,6594.16008,46.05641909,Medium Discount,2026-03-01 00:00:00
OL001975,O101170,C1192,2026-02-18 00:00:00,South,Marketplace,Home,Lamp,5,8688.15,4936.15,25.3,Y,Failed,Delivered,0,0,43440.75,10990.50975,32450.24025,32450.24025,24680.75,7769.49025,23.9427819,High Discount,2026-02-01 00:00:00
OL001976,O101170,C1192,2026-02-18 00:00:00,South,Marketplace,Personal Care,Face Wash,3,3740.57,2418.85,32.1,Y,Failed,Delivered,0,0,11221.71,3602.16891,7619.54109,7619.54109,7256.55,362.99109,4.763949504,High Discount,2026-02-01 00:00:00
OL001977,O101171,C1062,2026-04-12 00:00:00,East,Marketplace,Electronics,Earbuds,4,2123.55,1686.1,11.8,N,Failed,Delivered,0,0,8494.2,1002.3156,7491.8844,7491.8844,6744.4,747.4844,9.977254855,Medium Discount,2026-04-01 00:00:00
OL001978,O101172,C1252,2026-05-08 00:00:00,North,Online,Electronics,Keyboard,4,10933.14,7815.59,27.5,Y,Failed,Delivered,0,0,43732.56,12026.454,31706.106,31706.106,31262.36,443.746,1.399560072,High Discount,2026-05-01 00:00:00
OL001979,O101172,C1252,2026-05-08 00:00:00,North,Online,Personal Care,Trimmer,2,1477.81,987.54,21.6,Y,Failed,Delivered,2,2759.31,2955.62,638.41392,2317.20608,-442.10392,0,-442.10392,100,Medium Discount,2026-05-01 00:00:00
OL001980,O101173,C1118,2026-04-07 00:00:00,West,Online,Electronics,Smartwatch,4,12989.18,10090.53,17.5,N,Paid,Delivered,0,0,51956.72,9092.426,42864.294,42864.294,40362.12,2502.174,5.837431966,Medium Discount,2026-04-01 00:00:00
OL001981,O101173,C1118,2026-04-07 00:00:00,West,Online,Electronics,Earbuds,4,11992.76,9481.18,10.7,N,Paid,Delivered,0,0,47971.04,5132.90128,42838.13872,42838.13872,37924.72,4913.41872,11.4697297,Medium Discount,2026-04-01 00:00:00
OL001982,O101174,C1307,2026-04-01 00:00:00,West,Online,Electronics,Earbuds,4,7150.21,5601.2,18.3,N,Paid,Delivered,0,0,28600.84,5233.95372,23366.88628,23366.88628,22404.8,962.08628,4.117306296,Medium Discount,2026-04-01 00:00:00
OL001983,O101175,C1372,2026-05-31 00:00:00,East,Online,Electronics,Power Bank,3,2468.91,1768.92,12.7,N,Paid,Delivered,2,4822.19,7406.73,940.65471,6466.07529,1643.88529,1768.92,-125.03471,-7.606048351,Medium Discount,2026-05-01 00:00:00
OL001984,O101175,C1372,2026-05-31 00:00:00,East,Online,Personal Care,Face Wash,1,1004.68,619.74,9.7,N,Failed,Cancelled,0,0,1004.68,97.45396,907.22604,907.22604,619.74,287.48604,31.68846873,Low Discount,2026-05-01 00:00:00
OL001985,O101176,C1074,2026-02-22 00:00:00,South,Marketplace,Fashion,T-Shirt,5,7629.14,4554.04,15.5,N,Pending,Delivered,0,0,38145.7,5912.5835,32233.1165,32233.1165,22770.2,9462.9165,29.35774609,Medium Discount,2026-02-01 00:00:00
OL001986,O101176,C1074,2026-02-22 00:00:00,South,Marketplace,Home,Lamp,4,13037.7,8683.46,24.7,Y,Paid,Delivered,0,0,52150.8,12881.2476,39269.5524,39269.5524,34733.84,4535.7124,11.55020142,Medium Discount,2026-02-01 00:00:00
OL001987,O101177,C1031,2026-06-17 00:00:00,East,Store,Fashion,Jeans,5,8730.29,3940.24,10.6,N,Failed,Cancelled,0,0,43651.45,4627.0537,39024.3963,39024.3963,19701.2,19323.1963,49.51568283,Medium Discount,2026-06-01 00:00:00
OL001988,O101178,C1363,2026-01-29 00:00:00,West,Marketplace,Personal Care,Trimmer,2,8533.61,4824.95,25.4,Y,Paid,Delivered,0,0,17067.22,4335.07388,12732.14612,12732.14612,9649.9,3082.24612,24.20837847,High Discount,2026-01-01 00:00:00
OL001989,O101179,C1444,2026-02-08 00:00:00,North,Store,Fashion,Jacket,4,1619.08,767.08,12.8,N,Failed,Delivered,0,0,6476.32,828.96896,5647.35104,5647.35104,3068.32,2579.03104,45.66797817,Medium Discount,2026-02-01 00:00:00
OL001990,O101179,C1444,2026-02-08 00:00:00,North,Store,Home,Mixer,5,14908.66,8591.92,19.9,N,Paid,Cancelled,0,0,74543.3,14834.1167,59709.1833,59709.1833,42959.6,16749.5833,28.05193837,Medium Discount,2026-02-01 00:00:00
OL001991,O101180,C1519,2026-06-08 00:00:00,North,Store,Fashion,Shoes,4,14089.22,8690,0,N,Paid,Delivered,1,13578,56356.88,0,56356.88,42778.88,26070,16708.88,39.05871308,Low Discount,2026-06-01 00:00:00
OL001992,O101180,C1519,2026-06-08 00:00:00,North,Store,Home,Lamp,5,8793.33,4999.85,19.8,N,Paid,Delivered,0,0,43966.65,8705.3967,35261.2533,35261.2533,24999.25,10262.0033,29.10277526,Medium Discount,2026-06-01 00:00:00
OL001993,O101180,C1519,2026-06-08 00:00:00,North,Store,Fashion,T-Shirt,4,11912.38,6795.07,19.2,N,Paid,Delivered,2,21347.93,47649.52,9148.70784,38500.81216,17152.88216,13590.14,3562.74216,20.77051615,Medium Discount,2026-06-01 00:00:00
OL001994,O101181,C1435,2026-04-10 00:00:00,East,Online,Electronics,Earbuds,4,7306.65,5691.72,17.6,N,Paid,Delivered,0,0,29226.6,5143.8816,24082.7184,24082.7184,22766.88,1315.8384,5.463828369,Medium Discount,2026-04-01 00:00:00
OL001995,O101181,C1435,2026-04-10 00:00:00,East,Online,Fashion,T-Shirt,3,9619.36,4390.75,20.3,Y,Paid,Cancelled,0,0,28858.08,5858.19024,22999.88976,22999.88976,13172.25,9827.63976,42.72907332,Medium Discount,2026-04-01 00:00:00
OL001996,O101182,C1058,2026-02-15 00:00:00,East,Store,Fashion,Jeans,3,1540.35,859.53,3.1,N,Paid,Cancelled,0,0,4621.05,143.25255,4477.79745,4477.79745,2578.59,1899.20745,42.41387582,Low Discount,2026-02-01 00:00:00
OL001997,O101183,C1033,2026-03-15 00:00:00,North,Store,Personal Care,Trimmer,2,3999.32,2700.85,38.3,Y,Paid,Cancelled,0,0,7998.64,3063.47912,4935.16088,4935.16088,5401.7,-466.53912,-9.453372065,High Discount,2026-03-01 00:00:00
OL001998,O101183,C1033,2026-03-15 00:00:00,North,Store,Fashion,T-Shirt,1,7567.01,4443.75,17.5,N,Paid,Delivered,0,0,7567.01,1324.22675,6242.78325,6242.78325,4443.75,1799.03325,28.81780735,Medium Discount,2026-03-01 00:00:00
OL001999,O101184,C1195,2026-05-03 00:00:00,North,Store,Home,Storage Box,4,4982.97,3114.92,18.3,N,Paid,Cancelled,0,0,19931.88,3647.53404,16284.34596,16284.34596,12459.68,3824.66596,23.48676434,Medium Discount,2026-05-01 00:00:00
OL002000,O101185,C1464,2026-06-07 00:00:00,South,Marketplace,Electronics,Smartwatch,1,3693.84,2718.9,28.9,Y,Paid,Delivered,1,3180.72,3693.84,1067.51976,2626.32024,-554.39976,0,-554.39976,100,High Discount,2026-06-01 00:00:00
OL002001,O101185,C1464,2026-06-07 00:00:00,South,Marketplace,Personal Care,Shampoo,2,13120.26,8685.65,11.1,N,Paid,Delivered,2,25.07,26240.52,2912.69772,23327.82228,23302.75228,0,23302.75228,100,Medium Discount,2026-06-01 00:00:00
OL002002,O101185,C1464,2026-06-07 00:00:00,South,Marketplace,Electronics,Power Bank,1,14550.47,11691.84,20.3,Y,Paid,Delivered,0,0,14550.47,2953.74541,11596.72459,11596.72459,11691.84,-95.11541,-0.820192023,Medium Discount,2026-06-01 00:00:00
OL002003,O101186,C1048,2026-05-29 00:00:00,North,Marketplace,Personal Care,Perfume,3,2989.68,1663.09,24.6,Y,Paid,Delivered,0,0,8969.04,2206.38384,6762.65616,6762.65616,4989.27,1773.38616,26.22321937,Medium Discount,2026-05-01 00:00:00
OL002004,O101186,C1048,2026-05-29 00:00:00,North,Marketplace,Home,Storage Box,3,14476.04,10387.19,27,Y,Failed,Delivered,0,0,43428.12,11725.5924,31702.5276,31702.5276,31161.57,540.9576,1.706354796,High Discount,2026-05-01 00:00:00
OL002005,O101186,C1048,2026-05-29 00:00:00,North,Marketplace,Personal Care,Shampoo,2,4481.02,2332.12,26,Y,Paid,Delivered,0,0,8962.04,2330.1304,6631.9096,6631.9096,4664.24,1967.6696,29.66972891,High Discount,2026-05-01 00:00:00
OL002007,O101187,C1111,2026-03-04 00:00:00,West,Marketplace,Home,Mixer,4,1327.65,748.82,10.7,N,Paid,Delivered,0,0,5310.6,568.2342,4742.3658,4742.3658,2995.28,1747.0858,36.83996287,Medium Discount,2026-03-01 00:00:00
OL002008,O101188,C1514,2026-03-23 00:00:00,West,Online,Electronics,Earbuds,1,2014.56,1404.13,18.7,N,Paid,Delivered,0,0,2014.56,376.72272,1637.83728,1637.83728,1404.13,233.70728,14.26926123,Medium Discount,2026-03-01 00:00:00
OL002009,O101189,C1348,2026-05-28 00:00:00,South,Store,Electronics,Power Bank,1,14121.76,10490.95,7.4,N,Pending,Delivered,0,0,14121.76,1045.01024,13076.74976,13076.74976,10490.95,2585.79976,19.77402495,Low Discount,2026-05-01 00:00:00
OL002010,O101189,C1348,2026-05-28 00:00:00,South,Store,Personal Care,Shampoo,2,8066.2,4847.94,21.6,Y,Failed,Delivered,0,0,16132.4,3484.5984,12647.8016,12647.8016,9695.88,2951.9216,23.33940469,Medium Discount,2026-05-01 00:00:00
OL002011,O101189,C1348,2026-05-28 00:00:00,South,Store,Home,Lamp,2,7775.22,4489.9,0,N,Pending,Delivered,0,0,15550.44,0,15550.44,15550.44,8979.8,6570.64,42.25372401,Low Discount,2026-05-01 00:00:00
OL002012,O101190,C1059,2026-02-02 00:00:00,South,Online,Electronics,Keyboard,1,9726.78,6770.84,24.8,Y,Paid,Cancelled,0,0,9726.78,2412.24144,7314.53856,7314.53856,6770.84,543.69856,7.433121796,Medium Discount,2026-02-01 00:00:00
OL002013,O101190,C1059,2026-02-02 00:00:00,South,Online,Personal Care,Trimmer,5,6745.21,4430.71,27.8,Y,Paid,Delivered,0,0,33726.05,9375.8419,24350.2081,24350.2081,22153.55,2196.6581,9.021106066,High Discount,2026-02-01 00:00:00
OL002014,O101190,C1059,2026-02-02 00:00:00,South,Online,Fashion,Jacket,4,8726.23,5306.22,17,N,Pending,Delivered,3,25719.48,34904.92,5933.8364,28971.0836,3251.6036,5306.22,-2054.6164,-63.18778833,Medium Discount,2026-02-01 00:00:00
OL002015,O101191,C1376,2026-03-01 00:00:00,East,Online,Home,Storage Box,3,5903.08,4115.22,21.9,Y,Failed,Delivered,0,0,17709.24,3878.32356,13830.91644,13830.91644,12345.66,1485.25644,10.73866975,Medium Discount,2026-03-01 00:00:00
OL002016,O101192,C1012,2026-03-19 00:00:00,North,Store,Fashion,Jeans,4,451.26,232.4,10.5,N,Failed,Delivered,0,0,1805.04,189.5292,1615.5108,1615.5108,929.6,685.9108,42.4578282,Medium Discount,2026-03-01 00:00:00
OL002017,O101193,C1125,2026-02-06 00:00:00,North,Online,Electronics,Power Bank,5,4442.2,3498.78,11.1,N,Paid,Delivered,0,0,22211,2465.421,19745.579,19745.579,17493.9,2251.679,11.40345897,Medium Discount,2026-02-01 00:00:00
OL002018,O101194,C1143,2026-05-03 00:00:00,West,Marketplace,Fashion,Shoes,5,14707.97,8013.8,34,Y,Failed,Delivered,0,0,73539.85,25003.549,48536.301,48536.301,40069,8467.301,17.44529522,High Discount,2026-05-01 00:00:00
OL002019,O101194,C1143,2026-05-03 00:00:00,West,Marketplace,Electronics,Keyboard,4,6071.53,4523.67,33.9,Y,Paid,Delivered,0,0,24286.12,8232.99468,16053.12532,16053.12532,18094.68,-2041.55468,-12.71749045,High Discount,2026-05-01 00:00:00
OL002020,O101195,C1091,2026-03-30 00:00:00,East,Online,Electronics,Earbuds,1,4325.67,3380.53,6.3,N,Paid,Delivered,0,0,4325.67,272.51721,4053.15279,4053.15279,3380.53,672.62279,16.59505143,Low Discount,2026-03-01 00:00:00
OL002021,O101195,C1091,2026-03-30 00:00:00,East,Online,Fashion,Shoes,4,1692.11,1088.08,10,N,Paid,Delivered,0,0,6768.44,676.844,6091.596,6091.596,4352.32,1739.276,28.55205762,Low Discount,2026-03-01 00:00:00
OL002022,O101196,C1231,2026-02-14 00:00:00,South,Online,Fashion,Jeans,5,2648.17,1221.43,5.3,N,Paid,Delivered,3,6957.01,13240.85,701.76505,12539.08495,5582.07495,2442.86,3139.21495,56.23742028,Low Discount,2026-02-01 00:00:00
OL002023,O101196,C1231,2026-02-14 00:00:00,South,Online,Home,Bedsheet,4,486.2,283.27,19,N,Failed,Delivered,0,0,1944.8,369.512,1575.288,1575.288,1133.08,442.208,28.07156533,Medium Discount,2026-02-01 00:00:00
OL002024,O101197,C1318,2026-06-18 00:00:00,South,Marketplace,Electronics,Earbuds,4,10746.81,7853.59,28.3,Y,Paid,Delivered,0,0,42987.24,12165.38892,30821.85108,30821.85108,31414.36,-592.50892,-1.922366436,High Discount,2026-06-01 00:00:00
OL002025,O101198,C1460,2026-04-05 00:00:00,West,Marketplace,Electronics,Power Bank,3,11490.99,8014.77,15.4,N,Paid,Delivered,2,21183.47,34472.97,5308.83738,29164.13262,7980.66262,8014.77,-34.10738,-0.42737529,Medium Discount,2026-04-01 00:00:00
OL002026,O101198,C1460,2026-04-05 00:00:00,West,Marketplace,Personal Care,Shampoo,1,3908.87,2147.66,30,Y,Paid,Delivered,0,0,3908.87,1172.661,2736.209,2736.209,2147.66,588.549,21.50965076,High Discount,2026-04-01 00:00:00
OL002028,O101199,C1372,2026-05-26 00:00:00,North,Marketplace,Fashion,Jeans,2,397.95,200.6,14.3,N,Failed,Cancelled,0,0,795.9,113.8137,682.0863,682.0863,401.2,280.8863,41.18046353,Medium Discount,2026-05-01 00:00:00
OL002029,O101199,C1372,2026-05-26 00:00:00,North,Marketplace,Personal Care,Perfume,4,10469.53,6487.33,17.2,N,Pending,Delivered,4,38319.19,41878.12,7203.03664,34675.08336,-3644.10664,0,-3644.10664,100,Medium Discount,2026-05-01 00:00:00
OL002030,O101199,C1372,2026-05-26 00:00:00,North,Marketplace,Home,Mixer,4,6306.03,4119.68,10.3,N,Pending,Delivered,0,0,25224.12,2598.08436,22626.03564,22626.03564,16478.72,6147.31564,27.16921222,Medium Discount,2026-05-01 00:00:00
OL002031,O101200,C1180,2026-05-01 00:00:00,West,Marketplace,Electronics,Keyboard,4,491.73,345.5,25.4,Y,Paid,Cancelled,0,0,1966.92,499.59768,1467.32232,1467.32232,1382,85.32232,5.814831468,High Discount,2026-05-01 00:00:00
OL002032,O101201,C1494,2026-06-15 00:00:00,North,Marketplace,Fashion,Shoes,1,12353.03,6285.76,25.4,Y,Paid,Delivered,0,0,12353.03,3137.66962,9215.36038,9215.36038,6285.76,2929.60038,31.79040492,High Discount,2026-06-01 00:00:00
OL002033,O101201,C1494,2026-06-15 00:00:00,North,Marketplace,Fashion,Jacket,1,7694.68,4778.07,22.8,Y,Paid,Delivered,0,0,7694.68,1754.38704,5940.29296,5940.29296,4778.07,1162.22296,19.56507815,Medium Discount,2026-06-01 00:00:00
OL002034,O101202,C1144,2026-01-23 00:00:00,South,Online,Home,Mixer,5,8129.59,5535.05,15.5,N,Paid,Delivered,0,0,40647.95,6300.43225,34347.51775,34347.51775,27675.25,6672.26775,19.42576404,Medium Discount,2026-01-01 00:00:00
OL002035,O101203,C1248,2026-03-05 00:00:00,North,Online,Personal Care,Trimmer,5,2389.28,1296.44,4.7,N,Paid,Cancelled,0,0,11946.4,561.4808,11384.9192,11384.9192,6482.2,4902.7192,43.0632762,Low Discount,2026-03-01 00:00:00
OL002036,O101203,C1248,2026-03-05 00:00:00,North,Online,Personal Care,Trimmer,3,1381.32,803.52,24.1,Y,Paid,Delivered,0,0,4143.96,998.69436,3145.26564,3145.26564,2410.56,734.70564,23.35909663,Medium Discount,2026-03-01 00:00:00
OL002037,O101203,C1248,2026-03-05 00:00:00,North,Online,Personal Care,Perfume,3,14389.48,8060.4,2.2,N,Pending,Delivered,0,0,43168.44,949.70568,42218.73432,42218.73432,24181.2,18037.53432,42.72400537,Low Discount,2026-03-01 00:00:00
OL002038,O101204,C1011,2026-04-01 00:00:00,East,Store,Electronics,Power Bank,2,11829.29,8305.99,14.8,N,Paid,Delivered,0,0,23658.58,3501.46984,20157.11016,20157.11016,16611.98,3545.13016,17.58749211,Medium Discount,2026-04-01 00:00:00
OL002039,O101204,C1011,2026-04-01 00:00:00,East,Store,Fashion,Shoes,3,6837.28,3878.75,10.8,N,Paid,Delivered,2,13642.86,20511.84,2215.27872,18296.56128,4653.70128,3878.75,774.95128,16.65236407,Medium Discount,2026-04-01 00:00:00
OL002040,O101204,C1011,2026-04-01 00:00:00,East,Store,Personal Care,Face Wash,4,9484.04,4746.87,0,N,Pending,Delivered,0,0,37936.16,0,37936.16,37936.16,18987.48,18948.68,49.94886146,Low Discount,2026-04-01 00:00:00
OL002041,O101205,C1242,2026-05-13 00:00:00,North,Store,Electronics,Keyboard,4,3477.12,2519.16,14.4,N,Paid,Cancelled,0,0,13908.48,2002.82112,11905.65888,11905.65888,10076.64,1829.01888,15.36260108,Medium Discount,2026-05-01 00:00:00
OL002042,O101205,C1242,2026-05-13 00:00:00,North,Store,Fashion,T-Shirt,2,3735.42,2418.4,4.3,N,Paid,Cancelled,1,3614.43,7470.84,321.24612,7149.59388,3535.16388,2418.4,1116.76388,31.5901587,Low Discount,2026-05-01 00:00:00
OL002043,O101206,C1148,2026-04-01 00:00:00,West,Marketplace,Fashion,T-Shirt,1,14387.62,8634.67,25,Y,Paid,Delivered,0,0,14387.62,3596.905,10790.715,10790.715,8634.67,2156.045,19.98055736,Medium Discount,2026-04-01 00:00:00
OL002044,O101206,C1148,2026-04-01 00:00:00,West,Marketplace,Personal Care,Face Wash,2,3293.36,1875.51,18.2,N,Failed,Delivered,0,0,6586.72,1198.78304,5387.93696,5387.93696,3751.02,1636.91696,30.38114537,Medium Discount,2026-04-01 00:00:00
OL002045,O101206,C1148,2026-04-01 00:00:00,West,Marketplace,Electronics,Keyboard,2,420.81,327,20,Y,Paid,Delivered,2,732.58,841.62,168.324,673.296,-59.284,0,-59.284,100,Medium Discount,2026-04-01 00:00:00
OL002046,O101207,C1107,2026-05-07 00:00:00,South,Store,Fashion,Jacket,2,4863.83,2409.18,26.4,Y,Failed,Cancelled,0,0,9727.66,2568.10224,7159.55776,7159.55776,4818.36,2341.19776,32.70031248,High Discount,2026-05-01 00:00:00
OL002047,O101207,C1107,2026-05-07 00:00:00,South,Store,Fashion,T-Shirt,2,14726.33,8828.7,1.4,N,Pending,Delivered,0,0,29452.66,412.33724,29040.32276,29040.32276,17657.4,11382.92276,39.19695678,Low Discount,2026-05-01 00:00:00
OL002048,O101208,C1476,2026-06-12 00:00:00,South,Online,Personal Care,Shampoo,1,6575,3673.45,36.5,Y,Paid,Delivered,1,6177.05,6575,2399.875,4175.125,-2001.925,0,-2001.925,100,High Discount,2026-06-01 00:00:00
OL002049,O101209,C1478,2026-04-25 00:00:00,West,Marketplace,Electronics,Earbuds,1,13125.43,9137.06,28.1,Y,Paid,Delivered,0,0,13125.43,3688.24583,9437.18417,9437.18417,9137.06,300.12417,3.180230083,High Discount,2026-04-01 00:00:00
OL002050,O101210,C1149,2026-03-30 00:00:00,North,Store,Home,Storage Box,4,1699.52,1058.7,18.8,N,Paid,Delivered,0,0,6798.08,1278.03904,5520.04096,5520.04096,4234.8,1285.24096,23.28317796,Medium Discount,2026-03-01 00:00:00
OL002051,O101210,C1149,2026-03-30 00:00:00,North,Store,Fashion,T-Shirt,1,820.47,398.72,14.3,N,Failed,Cancelled,0,0,820.47,117.32721,703.14279,703.14279,398.72,304.42279,43.29459028,Medium Discount,2026-03-01 00:00:00
OL002052,O101211,C1507,2026-06-07 00:00:00,South,Store,Electronics,Keyboard,4,584.18,467.89,9.8,N,Paid,Cancelled,0,0,2336.72,228.99856,2107.72144,2107.72144,1871.56,236.16144,11.20458499,Low Discount,2026-06-01 00:00:00
OL002053,O101212,C1192,2026-04-13 00:00:00,South,Marketplace,Electronics,Power Bank,1,1376,1066.53,21.7,Y,Paid,Delivered,0,0,1376,298.592,1077.408,1077.408,1066.53,10.878,1.009645371,Medium Discount,2026-04-01 00:00:00
OL002054,O101212,C1192,2026-04-13 00:00:00,South,Marketplace,Electronics,Smartwatch,4,276.24,214.89,25.9,Y,Paid,Delivered,0,0,1104.96,286.18464,818.77536,818.77536,859.56,-40.78464,-4.981175789,High Discount,2026-04-01 00:00:00
OL002055,O101212,C1192,2026-04-13 00:00:00,South,Marketplace,Electronics,Earbuds,4,3532.71,2675.47,19.3,N,Paid,Delivered,3,9552.48,14130.84,2727.25212,11403.58788,1851.10788,2675.47,-824.36212,-44.53344556,Medium Discount,2026-04-01 00:00:00
OL002056,O101213,C1262,2026-06-22 00:00:00,West,Store,Electronics,Earbuds,2,994.93,762.01,0.6,N,Paid,Cancelled,0,0,1989.86,11.93916,1977.92084,1977.92084,1524.02,453.90084,22.9483825,Low Discount,2026-06-01 00:00:00
OL002057,O101214,C1303,2026-06-10 00:00:00,North,Marketplace,Fashion,Shoes,1,10704.36,5797.68,24,Y,Pending,Cancelled,0,0,10704.36,2569.0464,8135.3136,8135.3136,5797.68,2337.6336,28.7344006,Medium Discount,2026-06-01 00:00:00
OL002058,O101215,C1203,2026-02-03 00:00:00,South,Marketplace,Home,Storage Box,2,10600,6131.49,21.7,Y,Pending,Cancelled,2,20475.97,21200,4600.4,16599.6,-3876.37,0,-3876.37,100,Medium Discount,2026-02-01 00:00:00
OL002059,O101216,C1328,2026-01-31 00:00:00,West,Marketplace,Electronics,Power Bank,2,573.68,416.56,6.3,N,Paid,Delivered,0,0,1147.36,72.28368,1075.07632,1075.07632,833.12,241.95632,22.50596683,Low Discount,2026-01-01 00:00:00
OL002060,O101216,C1328,2026-01-31 00:00:00,West,Marketplace,Personal Care,Trimmer,1,9556.06,6469.7,16,N,Paid,Cancelled,0,0,9556.06,1528.9696,8027.0904,8027.0904,6469.7,1557.3904,19.40168009,Medium Discount,2026-01-01 00:00:00
OL002061,O101217,C1225,2026-02-21 00:00:00,West,Store,Home,Mixer,3,7555.74,5281.62,3.1,N,Failed,Delivered,0,0,22667.22,702.68382,21964.53618,21964.53618,15844.86,6119.67618,27.86162262,Low Discount,2026-02-01 00:00:00
OL002062,O101218,C1111,2026-03-12 00:00:00,North,Online,Electronics,Smartwatch,5,11812.73,8413.5,3.4,N,Paid,Delivered,0,0,59063.65,2008.1641,57055.4859,57055.4859,42067.5,14987.9859,26.26914076,Low Discount,2026-03-01 00:00:00
OL002063,O101218,C1111,2026-03-12 00:00:00,North,Online,Electronics,Earbuds,1,11884.42,8536.19,26.1,Y,Pending,Delivered,0,0,11884.42,3101.83362,8782.58638,8782.58638,8536.19,246.39638,2.805510465,High Discount,2026-03-01 00:00:00
OL002064,O101218,C1111,2026-03-12 00:00:00,North,Online,Home,Mixer,5,4808.47,2993.97,30.2,Y,Paid,Delivered,4,17316.89,24042.35,7260.7897,16781.5603,-535.3297,2993.97,-3529.2997,659.2759004,High Discount,2026-03-01 00:00:00
OL002065,O101219,C1417,2026-03-13 00:00:00,North,Marketplace,Home,Mixer,1,8507.43,5111.77,24.1,Y,Pending,Cancelled,0,0,8507.43,2050.29063,6457.13937,6457.13937,5111.77,1345.36937,20.8353776,Medium Discount,2026-03-01 00:00:00
OL002066,O101220,C1377,2026-04-08 00:00:00,North,Online,Personal Care,Face Wash,5,13931.17,7613.59,14.5,N,Pending,Delivered,0,0,69655.85,10100.09825,59555.75175,59555.75175,38067.95,21487.80175,36.08014527,Medium Discount,2026-04-01 00:00:00
OL002067,O101220,C1377,2026-04-08 00:00:00,North,Online,Home,Lamp,3,14885.56,10601.64,26.7,Y,Paid,Delivered,0,0,44656.68,11923.33356,32733.34644,32733.34644,31804.92,928.42644,2.836332184,High Discount,2026-04-01 00:00:00
OL002068,O101221,C1038,2026-05-08 00:00:00,West,Store,Electronics,Power Bank,1,1146.89,787.57,4.5,N,Paid,Delivered,1,983.81,1146.89,51.61005,1095.27995,111.46995,0,111.46995,100,Low Discount,2026-05-01 00:00:00
OL002069,O101221,C1038,2026-05-08 00:00:00,West,Store,Fashion,Shoes,2,14415.27,7341.29,23.2,Y,Failed,Delivered,0,0,28830.54,6688.68528,22141.85472,22141.85472,14682.58,7459.27472,33.68857223,Medium Discount,2026-05-01 00:00:00
OL002070,O101222,C1352,2026-04-23 00:00:00,South,Store,Electronics,Earbuds,5,721.66,560.17,15.8,N,Paid,Delivered,4,2711.1,3608.3,570.1114,3038.1886,327.0886,560.17,-233.0814,-71.259408,Medium Discount,2026-04-01 00:00:00
OL002073,O101223,C1162,2026-01-04 00:00:00,West,Online,Electronics,Earbuds,1,1830.2,1302.53,19.2,N,Paid,Cancelled,0,0,1830.2,351.3984,1478.8016,1478.8016,1302.53,176.2716,11.91989514,Medium Discount,2026-01-01 00:00:00
OL002075,O101225,,2026-02-14 00:00:00,South,Marketplace,Home,Bedsheet,3,9259.8,5613.2,31.4,Y,Paid,Delivered,0,0,27779.4,8722.7316,19056.6684,19056.6684,16839.6,2217.0684,11.63408185,High Discount,2026-02-01 00:00:00
OL002076,O101225,C1066,2026-02-14 00:00:00,South,Marketplace,Personal Care,Trimmer,3,14477.47,8717.3,32.1,Y,Paid,Delivered,0,0,43432.41,13941.80361,29490.60639,29490.60639,26151.9,3338.70639,11.32125378,High Discount,2026-02-01 00:00:00
OL002077,O101225,,2026-02-14 00:00:00,South,Marketplace,Electronics,Smartwatch,5,10624.61,8126.37,4.6,N,Paid,Cancelled,0,0,53123.05,2443.6603,50679.3897,50679.3897,40631.85,10047.5397,19.82569198,Low Discount,2026-02-01 00:00:00
OL002078,O101226,C1273,2026-03-17 00:00:00,East,Online,Home,Storage Box,1,2376.61,1479.9,0.6,N,Paid,Delivered,0,0,2376.61,14.25966,2362.35034,2362.35034,1479.9,882.45034,37.3547617,Low Discount,2026-03-01 00:00:00
OL002080,O101227,C1237,2026-06-24 00:00:00,East,Online,Home,Storage Box,4,1140.57,740.96,28.4,Y,Paid,Delivered,0,0,4562.28,1295.68752,3266.59248,3266.59248,2963.84,302.75248,9.268143543,High Discount,2026-06-01 00:00:00
OL002081,O101228,C1286,2026-04-05 00:00:00,East,Store,Personal Care,Face Wash,5,6363.5,3750.98,0,N,Paid,Delivered,2,12208.22,31817.5,0,31817.5,19609.28,11252.94,8356.34,42.61421123,Low Discount,2026-04-01 00:00:00
OL002082,O101228,C1286,2026-04-05 00:00:00,East,Store,Personal Care,Perfume,4,11375.7,6809.37,6.2,N,Paid,Delivered,0,0,45502.8,2821.1736,42681.6264,42681.6264,27237.48,15444.1464,36.18453115,Low Discount,2026-04-01 00:00:00
OL002083,O101229,C1124,2026-04-11 00:00:00,South,Online,Fashion,T-Shirt,1,14339.34,8130.09,28,Y,Pending,Delivered,0,0,14339.34,4015.0152,10324.3248,10324.3248,8130.09,2194.2348,21.2530586,High Discount,2026-04-01 00:00:00
OL002084,O101230,C1285,2026-01-26 00:00:00,East,Store,Electronics,Keyboard,3,11719.48,8126.21,0.4,N,Pending,Delivered,0,0,35158.44,140.63376,35017.80624,35017.80624,24378.63,10639.17624,30.38218947,Low Discount,2026-01-01 00:00:00
OL002085,O101231,C1452,2026-04-12 00:00:00,East,Online,Fashion,T-Shirt,5,12830.35,8179.61,19.9,N,Failed,Cancelled,0,0,64151.75,12766.19825,51385.55175,51385.55175,40898.05,10487.50175,20.40943688,Medium Discount,2026-04-01 00:00:00
OL002086,O101232,C1511,2026-06-27 00:00:00,North,Online,Electronics,Keyboard,1,13523.75,11048.22,17.9,N,Paid,Cancelled,0,0,13523.75,2420.75125,11102.99875,11102.99875,11048.22,54.77875,0.493368965,Medium Discount,2026-06-01 00:00:00
OL002087,O101233,C1159,2026-03-12 00:00:00,East,Online,Home,Bedsheet,4,12453.82,7269.7,31.5,Y,Pending,Delivered,0,0,49815.28,15691.8132,34123.4668,34123.4668,29078.8,5044.6668,14.78357058,High Discount,2026-03-01 00:00:00
OL002088,O101234,C1492,2026-02-23 00:00:00,North,Store,Fashion,Jeans,5,13844.86,6448.97,23.3,Y,Paid,Cancelled,0,0,69224.3,16129.2619,53095.0381,53095.0381,32244.85,20850.1881,39.26956048,Medium Discount,2026-02-01 00:00:00
OL002089,O101234,C1492,2026-02-23 00:00:00,North,Store,Electronics,Smartwatch,3,10664.85,8090.78,9.5,N,Paid,Delivered,3,28440.64,31994.55,3039.48225,28955.06775,514.42775,0,514.42775,100,Low Discount,2026-02-01 00:00:00
OL002090,O101234,C1492,2026-02-23 00:00:00,North,Store,Home,Bedsheet,4,12280.2,7332.64,15.6,N,Paid,Delivered,0,0,49120.8,7662.8448,41457.9552,41457.9552,29330.56,12127.3952,29.25227533,Medium Discount,2026-02-01 00:00:00
OL002091,O101235,C1041,2026-05-24 00:00:00,South,Store,Personal Care,Face Wash,1,7422.72,4228.03,13.8,N,Failed,Delivered,1,6815.18,7422.72,1024.33536,6398.38464,-416.79536,0,-416.79536,100,Medium Discount,2026-05-01 00:00:00
OL002092,O101236,C1118,2026-04-07 00:00:00,North,Marketplace,Personal Care,Face Wash,5,10931.11,6869.33,11.2,N,Failed,Delivered,0,0,54655.55,6121.4216,48534.1284,48534.1284,34346.65,14187.4784,29.23196288,Medium Discount,2026-04-01 00:00:00
OL002093,O101236,C1118,2026-04-07 00:00:00,North,Marketplace,Home,Bedsheet,3,3451.47,2201.73,12.4,N,Failed,Delivered,3,8960.41,10354.41,1283.94684,9070.46316,110.05316,0,110.05316,100,Medium Discount,2026-04-01 00:00:00
OL002095,O101238,C1318,2026-01-29 00:00:00,West,Online,Electronics,Earbuds,5,1232.53,849.22,9.6,N,Paid,Delivered,0,0,6162.65,591.6144,5571.0356,5571.0356,4246.1,1324.9356,23.78257285,Low Discount,2026-01-01 00:00:00
OL002096,O101239,C1473,2026-02-02 00:00:00,West,Store,Home,Mixer,3,11746.66,6644.31,2.7,N,Failed,Delivered,3,32494.27,35239.98,951.47946,34288.50054,1794.23054,0,1794.23054,100,Low Discount,2026-02-01 00:00:00
OL002097,O101240,C1290,2026-01-24 00:00:00,South,Online,Personal Care,Trimmer,4,11439.01,7356.69,23,Y,Paid,Delivered,0,0,45756.04,10523.8892,35232.1508,35232.1508,29426.76,5805.3908,16.47753733,Medium Discount,2026-01-01 00:00:00
OL002098,O101240,C1290,2026-01-24 00:00:00,South,Online,Electronics,Power Bank,5,5449.06,3965.44,5.8,N,Paid,Delivered,1,-5088.33,27245.3,1580.2274,25665.0726,30753.4026,15861.76,14891.6426,48.42274786,Low Discount,2026-01-01 00:00:00
OL002099,O101241,C1149,2026-02-25 00:00:00,West,Online,Home,Lamp,4,5475.96,3100.48,1.8,N,Paid,Delivered,0,0,21903.84,394.26912,21509.57088,21509.57088,12401.92,9107.65088,42.3423179,Low Discount,2026-02-01 00:00:00
OL002100,O101242,C1142,2026-06-08 00:00:00,West,Marketplace,Electronics,Power Bank,3,3629.44,2490.9,28.3,Y,Paid,Delivered,0,0,10888.32,3081.39456,7806.92544,7806.92544,7472.7,334.22544,4.281140413,High Discount,2026-06-01 00:00:00
OL002101,O101243,C1369,2026-06-20 00:00:00,North,Store,Personal Care,Trimmer,3,4938.14,2805.46,3.7,N,Failed,Delivered,0,0,14814.42,548.13354,14266.28646,14266.28646,8416.38,5849.90646,41.00511003,Low Discount,2026-06-01 00:00:00
OL002103,O101244,C1015,2026-06-22 00:00:00,South,Store,Home,Lamp,3,5797.67,4000.26,9.3,N,Failed,Delivered,1,5742.83,17393.01,1617.54993,15775.46007,10032.63007,8000.52,2032.11007,20.25500847,Low Discount,2026-06-01 00:00:00
OL002104,O101244,C1015,2026-06-22 00:00:00,South,Store,Electronics,Smartwatch,3,805.22,628.62,3.3,N,Paid,Cancelled,0,0,2415.66,79.71678,2335.94322,2335.94322,1885.86,450.08322,19.26772946,Low Discount,2026-06-01 00:00:00
OL002105,O101245,C1480,2026-02-05 00:00:00,East,Online,Electronics,Keyboard,2,678.94,536.34,26.3,Y,Paid,Delivered,0,0,1357.88,357.12244,1000.75756,1000.75756,1072.68,-71.92244,-7.186799568,High Discount,2026-02-01 00:00:00
OL002106,O101246,C1308,2026-03-03 00:00:00,North,Online,Personal Care,Face Wash,2,3538,1857.48,21.9,Y,Failed,Delivered,0,0,7076,1549.644,5526.356,5526.356,3714.96,1811.396,32.77740341,Medium Discount,2026-03-01 00:00:00
OL002107,O101246,C1308,2026-03-03 00:00:00,North,Online,Personal Care,Trimmer,5,14043.5,8364.94,16.6,N,Paid,Delivered,2,24788.25,70217.5,11656.105,58561.395,33773.145,25094.82,8678.325,25.69593386,Medium Discount,2026-03-01 00:00:00
OL002108,O101247,C1515,2026-04-13 00:00:00,North,Online,Home,Mixer,5,11371.62,7540.46,6.9,N,Paid,Delivered,0,0,56858.1,3923.2089,52934.8911,52934.8911,37702.3,15232.5911,28.77608848,Low Discount,2026-04-01 00:00:00
OL002109,O101247,C1515,2026-04-13 00:00:00,North,Online,Fashion,Shoes,4,11073.36,5729.58,1.6,N,Paid,Delivered,0,0,44293.44,708.69504,43584.74496,43584.74496,22918.32,20666.42496,47.41664768,Low Discount,2026-04-01 00:00:00
OL002110,O101247,C1515,2026-04-13 00:00:00,North,Online,Personal Care,Trimmer,3,3366.92,2093.34,0,N,Paid,Delivered,1,3320.94,10100.76,0,10100.76,6779.82,4186.68,2593.14,38.24791809,Low Discount,2026-04-01 00:00:00
OL002111,O101248,C1235,2026-03-11 00:00:00,East,Online,Personal Care,Perfume,1,4136.08,2677.39,24.5,Y,Failed,Cancelled,0,0,4136.08,1013.3396,3122.7404,3122.7404,2677.39,445.3504,14.26152491,Medium Discount,2026-03-01 00:00:00
OL002112,O101249,C1167,2026-06-28 00:00:00,East,Store,Fashion,Shoes,3,11903.53,5651.76,10.6,N,Pending,Cancelled,0,0,35710.59,3785.32254,31925.26746,31925.26746,16955.28,14969.98746,46.89071902,Medium Discount,2026-06-01 00:00:00
OL002113,O101249,C1167,2026-06-28 00:00:00,East,Store,Fashion,Jacket,5,2021.91,998.95,20.5,Y,Paid,Cancelled,0,0,10109.55,2072.45775,8037.09225,8037.09225,4994.75,3042.34225,37.85376795,Medium Discount,2026-06-01 00:00:00
OL002114,O101249,C1167,2026-06-28 00:00:00,East,Store,Personal Care,Perfume,2,9284.88,5437.87,11.3,N,Failed,Delivered,0,0,18569.76,2098.38288,16471.37712,16471.37712,10875.74,5595.63712,33.97188395,Medium Discount,2026-06-01 00:00:00
